Date,Open,High,Low,Close,Volume,Ticker,Daily_Return_Pct,SMA_50,SMA_200
2023-01-02,1158.7090222381169,1171.8865462707408,1157.8911210447166,1170.4779052734375,5316175,RELIANCE,0.0,0.0,0.0
2023-01-03,1165.5476587645308,1169.160125804233,1157.7093889350726,1161.9124755859375,7658932,RELIANCE,-0.7317890964801288,0.0,0.0
2023-01-04,1161.8896870062515,1163.7300547153022,1142.3506838068283,1144.418212890625,9264891,RELIANCE,-1.5056437608598983,0.0,0.0
2023-01-05,1146.6674842652508,1152.5292093307505,1137.8067482537933,1142.3734130859375,13637099,RELIANCE,-0.1786759229847168,0.0,0.0
2023-01-06,1148.0988183662998,1157.7774553339088,1144.3046224842542,1152.75634765625,6349597,RELIANCE,0.9088914755346567,0.0,0.0
2023-01-09,1156.57338165,1182.3376907366148,1155.6873320113693,1179.9747314453125,10722753,RELIANCE,2.3611567044850457,0.0,0.0
2023-01-10,1184.155127696438,1184.155127696438,1156.891435377878,1162.52587890625,8047142,RELIANCE,-1.4787479828224814,0.0,0.0
2023-01-11,1159.8449086559888,1162.344044167369,1145.5767715508584,1147.87158203125,11509553,RELIANCE,-1.260556615633135,0.0,0.0
2023-01-12,1147.280880250268,1150.7569299071174,1120.0852177263125,1123.084228515625,17688773,RELIANCE,-2.159418693140025,0.0,0.0
2023-01-13,1117.0862332620186,1123.6749947373953,1106.2716693328798,1121.2667236328125,20618583,RELIANCE,-0.1618315738628695,0.0,0.0
2023-01-16,1123.584175159578,1126.7421991055548,1102.8182596793808,1110.5885009765625,13623855,RELIANCE,-0.9523356424645746,0.0,0.0
2023-01-17,1116.9046027544262,1128.2644751675343,1113.5421334042796,1126.3560791015625,10751000,RELIANCE,1.4197498093249994,0.0,0.0
2023-01-18,1123.947732620178,1131.9450149571076,1117.9724269094495,1124.492919921875,13448286,RELIANCE,-0.16541475775349035,0.0,0.0
2023-01-19,1123.674992689111,1127.4237562572607,1116.2910462380278,1123.288818359375,11940054,RELIANCE,-0.10707951478997613,0.0,0.0
2023-01-20,1124.6291897175156,1124.6291897175156,1107.4758620574123,1109.9295654296875,14930286,RELIANCE,-1.1892981316416362,0.0,0.0
2023-01-23,1112.8150268033937,1120.6305800710875,1101.9094778576764,1104.3177490234375,10954118,RELIANCE,-0.5056011283092077,0.0,0.0
2023-01-24,1108.7253859560433,1110.3839043654414,1084.8014472016187,1097.7972412109375,16488755,RELIANCE,-0.590455764952269,0.0,0.0
2023-01-25,1096.2068953996695,1097.2292417944516,1081.4617181061994,1082.620361328125,12385018,RELIANCE,-1.3824847898207038,0.0,0.0
2023-01-27,1083.4611595770739,1084.8015319770323,1050.403768536496,1062.081787109375,25830975,RELIANCE,-1.8971169352065331,0.0,0.0
2023-01-30,1059.5144571522903,1077.781116815708,1045.564464693845,1072.26025390625,21772103,RELIANCE,0.9583505639972678,0.0,0.0
2023-01-31,1082.3705756526113,1084.9379802131518,1063.7403362487162,1069.579345703125,22691594,RELIANCE,-0.25002402106749644,0.0,0.0
2023-02-01,1081.4391134749721,1081.4391134749721,1047.382090519888,1063.2406005859375,19347800,RELIANCE,-0.5926390727955311,0.0,0.0
2023-02-02,1053.2891691648742,1066.9210156997124,1050.1084290116537,1057.3560791015625,13662663,RELIANCE,-0.5534515406138696,0.0,0.0
2023-02-03,1067.3753725425988,1067.3753725425988,1041.929212987467,1058.2874755859375,24699575,RELIANCE,0.08808730594960235,0.0,0.0
2023-02-06,1051.9259524136774,1054.6523697762398,1047.7455820077842,1050.3128662109375,14837879,RELIANCE,-0.7535390486015814,0.0,0.0
2023-02-07,1050.5629876609778,1057.5606408068884,1041.9294117901225,1047.7911376953125,15135435,RELIANCE,-0.24009308052392875,0.0,0.0
2023-02-08,1051.0170660088015,1072.3282868457381,1048.2907691504893,1068.7158203125,21160332,RELIANCE,1.997028020604641,0.0,0.0
2023-02-09,1069.3976200283605,1077.3040386110727,1060.559599329042,1070.5789794921875,13172763,RELIANCE,0.1743362589263997,0.0,0.0
2023-02-10,1070.0563840638993,1070.0563840638993,1054.7886158361225,1061.763671875,10790445,RELIANCE,-0.8234149732109342,0.0,0.0
2023-02-13,1063.3766320218756,1067.8297155368534,1051.2670092584597,1055.7200927734375,10352493,RELIANCE,-0.5692019101472878,0.0,0.0
2023-02-14,1058.7193818882063,1082.3251778031881,1055.8566674193971,1080.5985107421875,14321920,RELIANCE,2.35653542440335,0.0,0.0
2023-02-15,1079.6440602664363,1107.4531801088635,1078.2809718116707,1105.0675048828125,33503591,RELIANCE,2.2643927321183366,0.0,0.0
2023-02-16,1113.019527781497,1119.5401413378127,1101.9322491792432,1104.2042236328125,17264487,RELIANCE,-0.07812022760469439,0.0,0.0
2023-02-17,1099.6375221146495,1112.1334412904273,1095.3661670147737,1108.8162841796875,11809520,RELIANCE,0.41768184255819296,0.0,0.0
2023-02-20,1110.9974583087273,1113.1558521216361,1095.1390690194628,1097.093017578125,8836937,RELIANCE,-1.0572776364152547,0.0,0.0
2023-02-21,1101.4551746278107,1111.8152960708703,1096.161352929149,1106.0445556640625,13311592,RELIANCE,0.8159324635661491,0.0,0.0
2023-02-22,1102.34116225432,1104.181409716533,1079.2124090771258,1080.9617919921875,11024335,RELIANCE,-2.2677896241544704,0.0,0.0
2023-02-23,1080.5528460297141,1088.1639533747034,1072.987170955967,1075.7816162109375,9851910,RELIANCE,-0.47921913795889726,0.0,0.0
2023-02-24,1077.8265267799054,1088.800224148405,1076.0089953829322,1083.1429443359375,9434053,RELIANCE,0.6842771817320736,0.0,0.0
2023-02-27,1082.3705449963543,1085.8467152410444,1068.6024012348664,1075.9407958984375,11199715,RELIANCE,-0.6649305592730914,0.0,0.0
2023-02-28,1070.601498241021,1075.5544571553608,1051.3124942776465,1055.3565673828125,21994038,RELIANCE,-1.9131376553518153,0.0,0.0
2023-03-01,1065.1034156724897,1065.7850199744744,1055.6746563210354,1065.0579833984375,11551145,RELIANCE,0.9192548106924381,0.0,0.0
2023-03-02,1061.9228195758383,1068.57973034707,1054.925046511839,1056.9471435546875,9333535,RELIANCE,-0.7615397443310634,0.0,0.0
2023-03-03,1067.443561368033,1087.5733043694927,1063.9902277008234,1083.9154052734375,14643807,RELIANCE,2.5515241592925175,0.0,0.0
2023-03-06,1090.5495987349282,1101.7277412564927,1090.5495987349282,1094.5028076171875,10171916,RELIANCE,0.9767738600485298,0.0,0.0
2023-03-08,1094.5028585607813,1099.1832244435238,1083.7337262043,1098.4334716796875,15782657,RELIANCE,0.3591278190557823,0.0,0.0
2023-03-09,1097.8201071650074,1098.2289976932168,1070.1474010143947,1072.0330810546875,16235128,RELIANCE,-2.4034583163811796,0.0,0.0
2023-03-10,1063.967514713159,1065.1034417835135,1051.9486346812796,1055.4248046875,13334091,RELIANCE,-1.5492317038246606,0.0,0.0
2023-03-13,1058.287501818403,1065.1034247048499,1033.750107312473,1038.06689453125,12771592,RELIANCE,-1.6446373137297576,0.0,0.0
2023-03-14,1036.0221323528851,1047.3592882483779,1031.0465769110588,1034.181884765625,16027522,RELIANCE,-0.3742542784180847,1093.9062426757812,0.0
2023-03-15,1037.8851067638673,1044.3374508988734,1012.1208019221261,1016.5057373046875,21728555,RELIANCE,-1.7091913638521583,1090.8267993164063,0.0
2023-03-16,1019.2095111682803,1024.2077825786946,1000.6701381392561,1011.4392700195312,18363159,RELIANCE,-0.49841993991989186,1087.817335205078,0.0
2023-03-17,1020.0047033408911,1023.2763079373278,1005.4413153341551,1010.1670532226562,34014213,RELIANCE,-0.12578281609042508,1085.1323120117188,0.0
2023-03-20,1006.4864851819102,1008.7584596340857,990.5826039210764,1000.238525390625,19524589,RELIANCE,-0.9828599933404125,1082.2896142578124,0.0
2023-03-21,1008.2811925498517,1033.2957451749278,1007.3951430408976,1031.341796875,21400360,RELIANCE,3.1095854333573314,1079.8613232421876,0.0
2023-03-22,1038.2942074878824,1041.2250703817986,1031.4782836063534,1034.477294921875,10920094,RELIANCE,0.3040212329584291,1076.9513745117188,0.0
2023-03-23,1030.5694484887376,1031.4327819622354,1019.2322922558061,1021.3906860351562,16249370,RELIANCE,-1.265045540483034,1074.128670654297,0.0
2023-03-24,1020.231887763167,1022.3902814688943,998.7617116838695,1001.1699829101562,12375945,RELIANCE,-1.9797226860852724,1071.194638671875,0.0
2023-03-27,1007.6224783212151,1024.2078438429432,999.7614322476102,1016.7330322265625,14054323,RELIANCE,1.5544862093416212,1069.0676147460938,0.0
2023-03-28,1020.1183586375283,1025.3439120336418,1016.4831753805086,1021.4815673828125,12576424,RELIANCE,0.46703854460703464,1067.0719116210937,0.0
2023-03-29,1017.391938716083,1020.0274916428302,1004.71434981678,1015.4381103515625,18804065,RELIANCE,-0.5916364253869211,1065.1689038085938,0.0
2023-03-31,1024.6622202928697,1064.8535577563764,1024.5259234682055,1059.218994140625,28171201,RELIANCE,4.311526556148726,1063.826162109375,0.0
2023-04-03,1065.5579119993613,1067.3754434349298,1051.9259454677697,1059.4007568359375,10293043,RELIANCE,0.017160067589228056,1062.5243188476563,0.0
2023-04-05,1066.9210129823457,1066.9210129823457,1048.995215362799,1056.856201171875,16262928,RELIANCE,-0.24018820523238338,1061.1956665039063,0.0
2023-04-06,1053.3572991214214,1069.6474143387793,1053.3572991214214,1063.9447021484375,18435046,RELIANCE,0.6707157481502746,1060.2759692382813,0.0
2023-04-10,1067.8297504290695,1068.0114795112463,1054.9021060177815,1056.401611328125,12961408,RELIANCE,-0.7089739537290418,1059.317646484375,0.0
2023-04-11,1060.559540630498,1063.7402807994256,1056.0383079017138,1061.6273193359375,10542367,RELIANCE,0.4946705828328568,1058.594248046875,0.0
2023-04-12,1061.6273731304518,1075.9181086673711,1058.7647789480902,1066.3077392578125,18179087,RELIANCE,0.4408722191515002,1058.2679956054687,0.0
2023-04-13,1069.1929322468407,1075.0092249147228,1064.1946609026813,1070.3289794921875,12378208,RELIANCE,0.37711817014232096,1058.432939453125,0.0
2023-04-17,1101.8867990924884,1101.8867990924884,1067.3981721567704,1075.759033203125,17929479,RELIANCE,0.5073256741598975,1058.5029150390626,0.0
2023-04-18,1080.0985197030036,1080.0985197030036,1056.9243329412964,1063.4449462890625,10405576,RELIANCE,-1.1446882186428642,1058.3802270507813,0.0
2023-04-19,1062.8543275704733,1071.4196347028246,1059.7417355351329,1068.73876953125,12273475,RELIANCE,0.4977994639647765,1058.4901904296876,0.0
2023-04-20,1069.692688687604,1071.91923046536,1059.6960269180327,1066.0347900390625,7007330,RELIANCE,-0.25300658769714657,1058.6637646484376,0.0
2023-04-21,1068.1251189073266,1072.828080314349,1061.6499382780762,1067.3753662109375,7647317,RELIANCE,0.12575351052341865,1058.8455224609374,0.0
2023-04-24,1079.1897769115358,1081.8706418346944,1066.9210188410907,1071.465087890625,12936186,RELIANCE,0.3831568358379389,1059.2685668945312,0.0
2023-04-25,1075.1000833366595,1081.7342770992536,1068.0569991057368,1079.666748046875,9236126,RELIANCE,0.7654621927436267,1059.9060791015625,0.0
2023-04-26,1081.0073822687018,1084.2336751201349,1069.6702254865136,1073.328125,8617834,RELIANCE,-0.5870906979715373,1059.9983251953124,0.0
2023-04-27,1079.1898559504257,1083.2793621459462,1074.1914637637067,1080.121337890625,9167125,RELIANCE,0.6329111044793612,1060.1891723632812,0.0
2023-04-28,1082.3705544049471,1101.4098041424304,1082.256973708253,1099.86474609375,15565210,RELIANCE,1.8278879891107325,1060.9511938476562,0.0
2023-05-02,1106.9986888116582,1111.3609082117491,1103.3180737047812,1109.2025146484375,12981805,RELIANCE,0.8489924409206928,1062.0208422851563,0.0
2023-05-03,1110.9974233118683,1110.9974233118683,1096.4795270846325,1099.6829833984375,7061872,RELIANCE,-0.8582320292536694,1062.4025317382811,0.0
2023-05-04,1100.1601065895743,1114.564421653396,1097.1838117593734,1112.360595703125,8635233,RELIANCE,1.1528424551509264,1062.5483935546874,0.0
2023-05-05,1109.1798878043744,1118.4267984938415,1106.9079133744922,1109.5206298828125,8746585,RELIANCE,-0.25530981871192404,1062.6547216796876,0.0
2023-05-08,1113.269352129285,1128.5598368262858,1110.6112034431017,1123.220703125,9153782,RELIANCE,1.2347740883046576,1062.9428100585938,0.0
2023-05-09,1124.6292481933926,1129.9912183396398,1119.290114376559,1126.69677734375,6464721,RELIANCE,0.30947383796247063,1063.5348852539062,0.0
2023-05-10,1131.4452030936898,1135.9210031175069,1127.4464419348942,1134.4442138671875,10872255,RELIANCE,0.6876239179189447,1064.1028784179687,0.0
2023-05-11,1135.51203899488,1140.3058651251242,1125.3335267806174,1127.03759765625,10557860,RELIANCE,-0.6528850092759719,1065.02439453125,0.0
2023-05-12,1122.2663301444138,1130.2637323324755,1116.2228762779578,1128.8778076171875,6955341,RELIANCE,0.1632784890907235,1066.086318359375,0.0
2023-05-15,1131.3996779874171,1138.0564669446687,1123.788450804842,1131.104248046875,6833343,RELIANCE,0.19722598979841077,1067.0455444335937,0.0
2023-05-16,1133.2628763872494,1135.8074445597895,1113.3375770795326,1114.9962158203125,8717229,RELIANCE,-1.4240979338886683,1067.8266528320312,0.0
2023-05-17,1119.1764803056624,1120.0852459817609,1103.7271032383842,1108.4073486328125,8798967,RELIANCE,-0.5909317981543594,1068.8876684570312,0.0
2023-05-18,1113.0650580248443,1116.4503639599598,1102.8865442699205,1106.02197265625,10525531,RELIANCE,-0.2152075209087001,1069.7069482421875,0.0
2023-05-19,1106.0218196807168,1111.4291017814717,1099.1149119209986,1109.6114501953125,8050447,RELIANCE,0.32453944205483864,1070.760234375,0.0
2023-05-22,1106.4534840047638,1120.5397737195674,1105.2494084549478,1115.5413818359375,7434906,RELIANCE,0.5344151450114465,1071.39275390625,0.0
2023-05-23,1118.1087637100431,1121.4485168171577,1113.9282731003457,1115.3369140625,6092034,RELIANCE,-0.018329017351292887,1071.8094360351563,0.0
2023-05-24,1111.4063935962217,1119.630957590089,1105.749113749558,1108.8389892578125,8112254,RELIANCE,-0.5825974844694715,1072.0175463867188,0.0
2023-05-25,1105.9537453747698,1112.8151011277312,1097.8427615845399,1108.7027587890625,11487863,RELIANCE,-0.012285865672989615,1072.7509399414062,0.0
2023-05-26,1116.9044905832286,1140.0786760550607,1113.6101699812016,1138.9427490234375,12626260,RELIANCE,2.7275110479028086,1074.421298828125,0.0
2023-05-29,1145.5314605509366,1149.6210865747194,1139.2608448772517,1145.3497314453125,10010304,RELIANCE,0.5625377067783655,1076.5669555664062,0.0
2023-05-30,1145.3496310598186,1153.1198717474913,1142.50963326853,1145.0543212890625,11342504,RELIANCE,-0.025792135636792946,1078.784404296875,0.0
2023-05-31,1135.9892890678166,1140.4650896335454,1118.2678159183406,1122.3118896484375,27107927,RELIANCE,-1.9861443442283466,1080.90052734375,0.0
2023-06-01,1126.9694153626442,1129.1278089205925,1116.9044841377781,1119.2900390625,14592692,RELIANCE,-0.26925230088082897,1083.0575427246094,0.0
2023-06-02,1122.8117036497752,1128.1962696801756,1113.7238061790024,1115.6322021484375,15800644,RELIANCE,-0.3267997379058474,1085.166845703125,0.0
2023-06-05,1121.085068396339,1128.6053121788445,1117.1090229973545,1125.6517333984375,10908682,RELIANCE,0.8981034458045212,1087.6751098632812,0.0
2023-06-06,1128.4689187387335,1130.4000307352399,1118.7221336360576,1126.6058349609375,7493309,RELIANCE,0.08475992477881,1089.580390625,0.0
2023-06-07,1130.0821412207565,1135.9892989888378,1123.5388113588674,1135.148681640625,10312545,RELIANCE,0.7582817711913936,1091.593818359375,0.0
2023-06-08,1138.7156307485393,1143.6458744813403,1131.8997070078415,1135.8302001953125,12071109,RELIANCE,0.060037822860570245,1093.8826086425781,0.0
2023-06-09,1139.1699412328312,1139.874261684162,1125.9924180855612,1127.787353515625,5877018,RELIANCE,-0.7081029081903667,1096.4149560546875,0.0
2023-06-12,1124.8564945620458,1131.0816777652867,1120.0852643496842,1128.7869873046875,6391969,RELIANCE,0.0886367262362242,1098.65603515625,0.0
2023-06-13,1133.7173319025067,1146.6448585440896,1129.741286337972,1145.46337890625,11248016,RELIANCE,1.477372771755836,1101.1356713867187,0.0
2023-06-14,1145.5314201372407,1160.9809175855808,1143.7138887627082,1159.549560546875,13277380,RELIANCE,1.2297365328322707,1104.017900390625,0.0
2023-06-15,1159.5268135380984,1164.4116242878063,1152.1201510303479,1159.86767578125,11813494,RELIANCE,0.027434380141966308,1106.0308740234375,0.0
2023-06-16,1163.3438717544047,1173.431520437393,1163.3438717544047,1171.1595458984375,24171579,RELIANCE,0.97354813423709,1108.2660498046876,0.0
2023-06-19,1174.1584519189826,1174.1584519189826,1155.3692013285906,1159.52685546875,6798554,RELIANCE,-0.9932626575454018,1110.319462890625,0.0
2023-06-20,1157.5957972211602,1165.070488566,1151.893084884151,1161.9351806640625,6921096,RELIANCE,0.2076989578942534,1112.2792724609376,0.0
2023-06-21,1161.889751966922,1167.728761153971,1157.800246036839,1165.2069091796875,6961603,RELIANCE,0.28157582024113115,1114.4553784179689,0.0
2023-06-22,1161.4354185434336,1169.296404389101,1150.52986917785,1152.1202392578125,7619166,RELIANCE,-1.1231198355224348,1116.2652368164063,0.0
2023-06-23,1149.1211566554268,1151.1659695700039,1141.441900396204,1142.6915283203125,6628570,RELIANCE,-0.8183790733139018,1117.7929125976561,0.0
2023-06-26,1139.1701227938759,1142.9870354453747,1130.8546930683367,1133.96728515625,12641159,RELIANCE,-0.7634819150962424,1119.0656787109374,0.0
2023-06-27,1134.4215309070003,1140.3058517527372,1129.9230146151945,1134.3760986328125,9689466,RELIANCE,0.03605161118085398,1120.2380200195312,0.0
2023-06-28,1141.896393407388,1153.1881169201986,1135.0122016455275,1149.3939208984375,11354006,RELIANCE,1.323883876231613,1121.9569995117188,0.0
2023-06-30,1157.0732487107562,1161.7307784588775,1151.1888070463274,1158.8226318359375,11151555,RELIANCE,0.8203202371324547,1123.7586767578125,0.0
2023-07-03,1162.3669506539804,1191.425580555085,1161.1400387375704,1188.5628662109375,12154387,RELIANCE,2.5664181521793505,1126.20923828125,0.0
2023-07-04,1192.7887391966194,1192.7887391966194,1169.2736896643748,1176.31689453125,8061643,RELIANCE,-1.0303175395952602,1128.3880688476563,0.0
2023-07-05,1185.5183304828597,1185.5183304828597,1170.432411192628,1174.3856201171875,10248062,RELIANCE,-0.16417977358321734,1130.4464794921876,0.0
2023-07-06,1170.5461356600117,1201.626743759331,1170.5461356600117,1199.0367431640625,19117987,RELIANCE,2.0990654708813006,1132.8338793945313,0.0
2023-07-07,1197.332705283274,1210.9418359205672,1194.1518448825288,1196.696533203125,13375267,RELIANCE,-0.1951741657859496,1135.3012475585938,0.0
2023-07-10,1221.8245601360636,1252.3145466417043,1215.5085119378625,1242.794921875,33240016,RELIANCE,3.852136894596514,1138.5547192382812,0.0
2023-07-11,1250.9058502676546,1258.6759714064597,1243.9536302912918,1256.2677001953125,20069348,RELIANCE,1.0840709181516583,1141.6827783203125,0.0
2023-07-12,1256.9947982953927,1273.2167658916628,1254.8818367760516,1257.6536865234375,18733835,RELIANCE,0.11032571544340453,1144.6518017578126,0.0
2023-07-13,1264.9920307015198,1271.8533855353082,1243.7945103332902,1246.4072265625,14682934,RELIANCE,-0.8942414021801515,1147.5862866210937,0.0
2023-07-14,1249.5881074417618,1254.5410670168455,1238.2736675009803,1245.3623046875,15124144,RELIANCE,-0.08383470929335113,1150.2463208007812,0.0
2023-07-17,1248.225023984058,1279.1466167196916,1239.5914489485467,1270.8084716796875,22220040,RELIANCE,2.0432742260151127,1153.4720776367187,0.0
2023-07-18,1280.0325658904894,1289.3249082218795,1269.1270172578058,1281.6002197265625,25867313,RELIANCE,0.8492033447503822,1156.63966796875,0.0
2023-07-19,1285.9398963552078,1297.7542122517561,1270.9448400838094,1291.324462890625,39122156,RELIANCE,0.7587579195435179,1159.9322216796875,0.0
2023-07-20,1270.1421687973038,1295.224991076979,1270.1421687973038,1289.760498046875,38717624,RELIANCE,-0.12111323596000201,1163.0385473632812,0.0
2023-07-21,1284.4190157057792,1287.3235564344566,1242.3763715855305,1249.834716796875,30249238,RELIANCE,-3.0955965321050605,1165.4944897460937,0.0
2023-07-24,1221.4041174807796,1238.117785416934,1215.6441946530279,1224.5548095703125,23727866,RELIANCE,-2.022660027507539,1167.4080297851563,0.0
2023-07-25,1227.8041962368873,1233.3179681079685,1220.9119513502328,1223.767333984375,12026020,RELIANCE,-0.06430709183313787,1169.2612915039062,0.0
2023-07-26,1223.3733833366434,1253.8961800235134,1223.3733833366434,1243.65625,12911012,RELIANCE,1.6252203718226443,1171.8344921875,0.0
2023-07-27,1247.521034743089,1249.2932542715916,1226.0074074454076,1232.0872802734375,17226898,RELIANCE,-0.9302385387089496,1174.3080908203126,0.0
2023-07-28,1236.6902137331379,1251.853175548335,1231.0287272255082,1244.4686279296875,20827852,RELIANCE,1.0049083254477065,1177.0770239257813,0.0
2023-07-31,1244.4686660676819,1257.2930680054526,1239.594792375287,1255.00390625,8551174,RELIANCE,0.8465684135275486,1179.984873046875,0.0
2023-08-01,1257.8346449464532,1259.803857697837,1233.3672005487501,1237.25634765625,9536632,RELIANCE,-1.414143693526848,1182.4191723632812,0.0
2023-08-02,1235.2870185350293,1236.665491369381,1212.8380673987745,1224.0379638671875,12748214,RELIANCE,-1.06836257612275,1184.593193359375,0.0
2023-08-03,1218.5981228148664,1231.201012494138,1210.1058926997707,1218.8934326171875,10168350,RELIANCE,-0.4202918048184179,1186.7942822265625,0.0
2023-08-04,1230.1672134573323,1238.6348041373592,1216.776590964359,1235.45947265625,22885610,RELIANCE,1.3591048729741928,1189.3294165039063,0.0
2023-08-07,1241.0963994857652,1244.7393951840495,1233.2195480808575,1242.49951171875,5982870,RELIANCE,0.5698316471169917,1191.4005517578125,0.0
2023-08-08,1244.5423492739476,1247.7176805176769,1230.5363488514104,1235.0162353515625,9844072,RELIANCE,-0.6022760006429206,1193.1938818359374,0.0
2023-08-09,1233.1458852114292,1245.0349610213223,1221.453682631652,1243.1641845703125,11486586,RELIANCE,0.6597443001573611,1195.1560791015625,0.0
2023-08-10,1243.0409059369185,1255.3731247892663,1234.9179033647526,1248.702392578125,15470598,RELIANCE,0.4454928863420138,1197.6838891601562,0.0
2023-08-11,1246.733138146324,1259.7300139419374,1236.837916549459,1253.969970703125,22179330,RELIANCE,0.4218441604908252,1200.3774877929689,0.0
2023-08-14,1249.9577340453427,1271.274485095857,1243.065489745762,1268.788330078125,9575812,RELIANCE,1.181715648795878,1203.4406103515626,0.0
2023-08-16,1255.8654425931288,1271.5207081344915,1255.8654425931288,1267.7545166015625,10203112,RELIANCE,-0.08148037399577923,1206.282666015625,0.0
2023-08-17,1263.791524524126,1269.2068594315797,1246.930140835009,1249.4654541015625,13673744,RELIANCE,-1.442634379172003,1208.7398583984375,0.0
2023-08-18,1246.142454602955,1268.960755625946,1234.9671961841154,1258.7208251953125,18639978,RELIANCE,0.7407464578846668,1211.2113012695313,0.0
2023-08-21,1254.8424457661688,1262.5000997685252,1242.8371963360953,1244.986328125,9221746,RELIANCE,-1.0911472024133229,1213.394423828125,0.0
2023-08-22,1243.4548358358238,1253.8544488619668,1234.6115281978846,1244.68994140625,7713044,RELIANCE,-0.023806423577066305,1215.7324755859374,0.0
2023-08-23,1247.061326610869,1256.2752862282496,1243.4795205761563,1246.0732421875,9517952,RELIANCE,0.1111361741774175,1218.0782006835936,0.0
2023-08-24,1254.8177179260883,1254.8177179260883,1220.7782590700385,1225.1258544921875,14140020,RELIANCE,-1.6810719455414236,1219.6714501953124,0.0
2023-08-25,1213.3676467766436,1237.5757146480018,1206.747529523438,1219.4691162109375,22222400,RELIANCE,-0.46172711648426734,1220.8698413085938,0.0
2023-08-28,1221.272366528133,1227.2008731617648,1201.0660879981488,1207.315673828125,12580826,RELIANCE,-0.9966174806111505,1221.8188012695311,0.0
2023-08-29,1211.4162410930335,1212.107851949824,1189.7277154191993,1195.755126953125,16876644,RELIANCE,-0.9575413560518165,1222.310712890625,0.0
2023-08-30,1201.510516255865,1206.9449799395882,1193.1117996537475,1194.61865234375,12168946,RELIANCE,-0.09504241995356155,1223.012548828125,0.0
2023-08-31,1197.0642209023324,1198.0523052778192,1185.6517981191516,1189.1595458984375,21638600,RELIANCE,-0.45697482075992557,1223.5570361328125,0.0
2023-09-01,1188.9373425267036,1198.3734766692594,1186.5164632510111,1191.950927734375,18112842,RELIANCE,0.23473568753371588,1224.0919165039063,0.0
2023-09-04,1191.9507848594153,1197.3852486913688,1188.3196473047951,1190.9874267578125,9347626,RELIANCE,-0.08083394661170251,1224.8692602539063,0.0
2023-09-05,1195.582117616625,1202.4739821466742,1191.852074903386,1197.3607177734375,8675876,RELIANCE,0.5351266413428757,1225.9626440429688,0.0
2023-09-06,1196.125722417537,1203.5609616798479,1194.2236115362405,1199.88037109375,8200370,RELIANCE,0.2104339388215415,1227.2809057617187,0.0
2023-09-07,1196.4220829309013,1204.5985062247828,1191.1358550222296,1201.5107421875,13652572,RELIANCE,0.13587780357335877,1228.6235986328124,0.0
2023-09-08,1205.4629163426932,1213.3675912039566,1197.039473070506,1209.5140380859375,23109288,RELIANCE,0.666102733619045,1229.8260009765625,0.0
2023-09-11,1211.3916036780722,1223.6686019045655,1211.3916036780722,1222.5570068359375,13271074,RELIANCE,1.0783643958891531,1231.1006884765625,0.0
2023-09-12,1226.70693716321,1226.70693716321,1203.4622246012573,1204.89501953125,16255666,RELIANCE,-1.4446759706034484,1231.4273315429687,0.0
2023-09-13,1205.4630504045967,1216.653058753229,1198.6699696902265,1210.9222412109375,12803338,RELIANCE,0.5002279519781272,1232.1194384765624,0.0
2023-09-14,1215.3438722575231,1218.2093412827492,1207.9332388900991,1212.0338134765625,9209636,RELIANCE,0.0917955115361746,1232.87240234375,0.0
2023-09-15,1219.2962186489121,1219.2962186489121,1210.156437431325,1214.28173828125,25468592,RELIANCE,0.18546716928957707,1233.1773022460939,0.0
2023-09-18,1205.487828880595,1210.8975674516837,1201.535490839137,1203.709228515625,7516300,RELIANCE,-0.8706801257334029,1233.3175561523437,0.0
2023-09-20,1197.089090701199,1199.3370070481767,1163.4694916701224,1176.8826904296875,57081884,RELIANCE,-2.22865601180271,1231.9993115234374,0.0
2023-09-21,1173.3255153106452,1180.8103271156433,1165.9396084396587,1168.31103515625,12226182,RELIANCE,-0.7283355718578854,1230.2401782226561,0.0
2023-09-22,1173.8443150051187,1177.0308632017375,1160.9992172819989,1163.4447021484375,19176786,RELIANCE,-0.41652717995269706,1228.3559985351562,0.0
2023-09-25,1161.1968240581607,1166.2854832156668,1153.638074334712,1156.2811279296875,14254884,RELIANCE,-0.6157210742823938,1226.5534765625,0.0
2023-09-26,1155.3423807263628,1161.0979239595738,1153.8849803976213,1157.2938232421875,10087782,RELIANCE,0.08758210162205238,1224.7921069335937,0.0
2023-09-27,1157.7879239120957,1171.7693426359385,1155.3177128519035,1170.3365478515625,11722778,RELIANCE,1.1270020065289543,1222.7826684570311,0.0
2023-09-28,1177.3026603074284,1177.3026603074284,1148.6482103293206,1153.14404296875,14518346,RELIANCE,-1.4690223008393177,1220.213544921875,0.0
2023-09-29,1156.9481416896208,1170.435518964013,1153.1440405649926,1158.529052734375,12342014,RELIANCE,0.46698500490549577,1217.55763671875,0.0
2023-10-03,1151.0936382938999,1153.885049186791,1144.2017734963838,1145.263916015625,8859056,RELIANCE,-1.1449981929621433,1214.667705078125,0.0
2023-10-04,1140.7434506187415,1145.683872665596,1133.8763122199225,1143.2877197265625,10286386,RELIANCE,-0.17255378969222024,1212.5367651367187,0.0
2023-10-05,1145.8073305142325,1150.821810414835,1140.743398149127,1143.2630615234375,10953682,RELIANCE,-0.002156780196227448,1210.9109301757812,0.0
2023-10-06,1144.7206253894863,1148.5494528467332,1142.2504141267464,1145.18994140625,5431026,RELIANCE,0.1685421271500509,1209.3393823242188,0.0
2023-10-09,1140.2988590719287,1142.200849187487,1133.826857954507,1135.4324951171875,7576878,RELIANCE,-0.8520373726895181,1207.1749072265625,0.0
2023-10-10,1139.5331157395624,1145.1404226117538,1138.1497733893898,1140.447021484375,10236032,RELIANCE,0.44164020219183975,1205.3421020507812,0.0
2023-10-11,1143.4359710357805,1160.8509589721596,1142.7196339530417,1158.5537109375,9814118,RELIANCE,1.587683523392247,1203.6238037109374,0.0
2023-10-12,1157.9607991424273,1165.618452848462,1155.1446622546925,1160.70263671875,12554450,RELIANCE,0.18548348349867183,1201.7377783203126,0.0
2023-10-13,1156.058825491677,1164.7045645712087,1150.6984190160554,1160.6534423828125,10150316,RELIANCE,-0.004238323786065479,1200.2057202148437,0.0
2023-10-16,1158.5290083696577,1163.2471357038708,1154.0826283801794,1158.0596923828125,5929036,RELIANCE,-0.2234732526769645,1198.8861547851564,0.0
2023-10-17,1163.963549268257,1165.7914814830851,1156.7011522648252,1163.593017578125,7928180,RELIANCE,0.47781001546882695,1197.780146484375,0.0
2023-10-18,1163.5928712145596,1169.397866963109,1146.6719261602773,1148.154052734375,8918320,RELIANCE,-1.3268354665692539,1196.0340380859375,0.0
2023-10-19,1142.2256445327594,1147.0672825471008,1136.7911799610206,1139.33544921875,12032556,RELIANCE,-0.7680679691565051,1193.9707568359374,0.0
2023-10-20,1136.2971288231192,1143.559525479833,1134.4691966955595,1135.8525390625,8913312,RELIANCE,-0.30569663733699404,1191.9874829101564,0.0
2023-10-23,1131.356688684127,1139.3848747937852,1114.1887214650121,1118.1163330078125,7853962,RELIANCE,-1.561488436635139,1189.4865258789061,1139.3333129882812
2023-10-25,1111.6198194416302,1127.009187707913,1108.1367973597628,1115.522705078125,11620688,RELIANCE,-0.23196404999383802,1186.8229321289064,1139.0585369873047
2023-10-26,1112.089142962785,1115.5474388316163,1096.922069489782,1099.985107421875,15222534,RELIANCE,-1.3928535551557264,1183.7432348632813,1138.7489001464844
2023-10-27,1106.654565590137,1123.204979852311,1104.6536704890175,1119.40087890625,11771084,RELIANCE,1.7650940320347974,1180.7554858398437,1138.6238134765624
2023-10-30,1123.4519103673986,1148.6480613914696,1121.4510154276281,1142.4725341796875,16813304,RELIANCE,2.0610717490217256,1178.2498461914063,1138.6243090820312
2023-10-31,1150.130232099537,1150.130232099537,1127.84888081728,1130.319091796875,12808438,RELIANCE,-1.0637842065532754,1175.8669189453126,1138.5121228027344
2023-11-01,1130.9367248364767,1144.9428703315039,1124.0448598372486,1135.0125732421875,10309190,RELIANCE,0.4152350853289688,1173.39275390625,1138.2873120117188
2023-11-02,1143.1889695269997,1148.302354744411,1140.2247162104195,1146.2767333984375,10562104,RELIANCE,0.9924260243279637,1171.4185620117187,1138.2060662841798
2023-11-03,1149.7349795725816,1153.5638066087804,1144.078220526126,1146.0296630859375,8850156,RELIANCE,-0.021554159244552284,1169.4453564453124,1138.1968566894532
2023-11-06,1152.2546386732256,1156.0587394619763,1148.9445800808262,1155.564697265625,10647304,RELIANCE,0.8320058796743801,1167.635185546875,1138.3592590332032
2023-11-07,1153.1192304428853,1155.614167696399,1145.9556184844287,1148.0552978515625,6960204,RELIANCE,-0.6498467313714062,1166.0937744140624,1138.493201904297
2023-11-08,1152.1064866637696,1156.552866758098,1147.042553778562,1154.033203125,7884494,RELIANCE,0.5206983744271199,1164.7850561523437,1138.710425415039
2023-11-09,1154.0085696526105,1154.0331752710283,1138.3720609954937,1141.50927734375,14513610,RELIANCE,-1.0852309749265876,1163.4689282226564,1138.78619140625
2023-11-10,1139.0389810755562,1144.3746607841822,1135.333664696756,1143.658203125,7734954,RELIANCE,0.1882530281532624,1162.4269897460938,1138.8820178222657
2023-11-13,1147.610585630105,1148.4505538682092,1142.0773370771153,1143.5101318359375,3854810,RELIANCE,-0.01294716276750707,1161.4048193359374,1138.9831243896485
2023-11-15,1156.0588204395372,1166.9030232858888,1149.6362714370953,1164.185791015625,12220648,RELIANCE,1.8080870998923526,1160.9053442382813,1139.254405517578
2023-11-16,1161.542667627995,1172.9302438744137,1159.4923201233041,1166.285400390625,13134910,RELIANCE,0.18035002584666504,1160.3920336914061,1139.564243774414
2023-11-17,1162.4319266451018,1172.4857343750468,1162.012063114762,1163.7412109375,7758634,RELIANCE,-0.21814467130196746,1159.847109375,1139.8939636230468
2023-11-20,1160.2828426994563,1165.1490860409533,1154.2801575494677,1160.6781005859375,4490186,RELIANCE,-0.2632123295775446,1159.11345703125,1140.284252319336
2023-11-21,1168.9038812090425,1179.7728099438689,1166.0384122376151,1175.2769775390625,8214450,RELIANCE,1.257788610447208,1158.6213891601562,1140.8502282714844
2023-11-22,1173.3502489811203,1182.9593458443583,1171.9669066696931,1179.87158203125,8534814,RELIANCE,0.39093801546323803,1158.1886059570313,1141.3882849121094
2023-11-23,1179.8716170501546,1185.7013394254852,1179.8716170501546,1183.4781494140625,8531542,RELIANCE,0.3056745698208463,1157.6678881835937,1141.957778930664
2023-11-24,1181.5514214570694,1186.9858858764198,1181.2796741129466,1182.6876220703125,6749486,RELIANCE,-0.06679695304399047,1156.8705004882813,1142.555014038086
2023-11-28,1182.6876712625676,1185.5531403805655,1173.4738317237427,1182.9346923828125,13792174,RELIANCE,0.02089058073233563,1156.4312939453125,1143.1829071044922
2023-11-29,1189.6536514263266,1191.605094048659,1184.7379555197092,1186.047119140625,12531306,RELIANCE,0.26311061615269526,1155.9337915039061,1143.8217053222656
2023-11-30,1183.0828973645985,1186.0471507278282,1170.8306260067593,1174.5606689453125,28439984,RELIANCE,-0.9684649125605738,1155.1843286132812,1144.4429443359375
2023-12-01,1174.8323419889748,1183.9226701483003,1174.6347733568996,1182.88525390625,14342842,RELIANCE,0.7087403129556913,1154.5563989257812,1145.1184149169922
2023-12-04,1210.403389884879,1210.403389884879,1185.009669053603,1195.680908203125,15590990,RELIANCE,1.081732505720212,1154.3958325195313,1145.7532403564453
2023-12-05,1204.9689932142376,1205.8830195816831,1196.3973123183705,1204.3514404296875,12693624,RELIANCE,0.7251543590833576,1154.9452075195313,1146.4221026611328
2023-12-06,1208.9707381739393,1221.7416569101222,1202.9927791973269,1215.8873291015625,16422442,RELIANCE,0.9578506974475154,1155.8967333984374,1147.1927209472656
2023-12-07,1215.3438750518303,1215.813191043024,1206.4511149904754,1213.886474609375,8142096,RELIANCE,-0.16455920250981748,1156.9055688476562,1147.9835528564454
2023-12-08,1217.2460531905654,1223.594423771572,1207.9333084760417,1213.2442626953125,10204894,RELIANCE,-0.05290543452748375,1158.0448315429687,1148.646781616211
2023-12-11,1213.367615499601,1219.098553135076,1211.5890153738967,1215.022705078125,7066138,RELIANCE,0.14658568249574788,1159.1994091796876,1149.1965576171874
2023-12-12,1215.3439244936176,1217.7894094868202,1195.6562927549994,1197.5831298828125,9197124,RELIANCE,-1.4353291607164809,1159.7443408203126,1149.6634521484375
2023-12-13,1196.570218805253,1204.6478570918039,1188.8137803209581,1202.4739990234375,10031182,RELIANCE,0.4083949596971781,1160.7309399414062,1150.1317407226563
2023-12-14,1212.3795628682321,1222.7297228698085,1206.7721356331074,1217.39404296875,16972354,RELIANCE,1.240778923904351,1161.9082397460938,1150.7332458496094
2023-12-15,1224.236571728094,1235.1055001292314,1220.3089603608373,1232.9317626953125,15932152,RELIANCE,1.2763098206618473,1163.6615966796876,1151.3676818847657
2023-12-18,1232.9317234441762,1252.3474847954778,1230.634354917611,1245.4803466796875,14165188,RELIANCE,1.0177841437828183,1165.70544921875,1152.1902746582032
2023-12-19,1262.2778691174958,1271.615218807123,1247.5553868731267,1263.8094482421875,16820604,RELIANCE,1.4716492003557846,1168.116376953125,1153.1304138183593
2023-12-20,1270.207325538083,1283.9417239360823,1244.9864450577063,1248.518798828125,17736722,RELIANCE,-1.2098856702907224,1170.1829541015625,1153.9572930908203
2023-12-21,1248.44470925444,1271.4176728398502,1244.1218397625619,1266.0079345703125,13765454,RELIANCE,1.4007907416855092,1172.794462890625,1154.9076287841797
2023-12-22,1264.5504141598008,1275.07341611771,1258.6465136069178,1267.242919921875,16541784,RELIANCE,0.09754957436201028,1175.330380859375,1155.967060546875
2023-12-26,1268.7003790735205,1280.5326657287192,1266.0819312708138,1273.66552734375,7465664,RELIANCE,0.5068173844893886,1177.6326171875,1157.0100982666015
2023-12-27,1275.6170305456778,1284.4603381656593,1271.2201029702012,1278.01318359375,9204156,RELIANCE,0.3413499193204217,1179.978828125,1158.1154284667969
2023-12-28,1279.4705441490948,1290.4382571270967,1278.0131437475463,1287.251708984375,12302636,RELIANCE,0.7228818535851333,1182.5107934570312,1159.1321099853515
2023-12-29,1289.9937398232034,1291.4264140714613,1274.2831724837226,1277.074462890625,10864584,RELIANCE,-0.7906181846734306,1184.8910888671876,1160.0449682617189
2024-01-01,1274.9006856426909,1287.8940202608817,1271.2447008145452,1279.69287109375,4030540,RELIANCE,0.2050317565037041,1187.2130859375,1160.9512652587891
2024-01-02,1277.099135940161,1291.920402508132,1271.1706293129728,1290.2900390625,7448800,RELIANCE,0.8281024461512132,1190.0558056640625,1162.0425500488282
2024-01-03,1289.4503036849235,1301.3073179716814,1273.2456933698636,1276.2593994140625,9037536,RELIANCE,-1.0874019967349269,1192.7942846679687,1163.146723022461
2024-01-04,1278.5811975278393,1289.376067708453,1274.1842702494187,1282.8546142578125,9612778,RELIANCE,0.516761314101033,1195.734326171875,1164.3706616210939
2024-01-05,1285.9424160498672,1294.3165279752034,1283.521657474919,1288.3138427734375,8086406,RELIANCE,0.42555317297459094,1199.1382763671875,1165.6413214111328
2024-01-08,1289.4502625359673,1300.2944657165137,1269.1698042070248,1278.26025390625,7734652,RELIANCE,-0.780367992130282,1202.39302734375,1166.9500939941406
2024-01-09,1284.5096770702141,1287.8691880410897,1273.2454911635218,1274.8758544921875,5403074,RELIANCE,-0.2647660680773045,1205.8908422851562,1168.267276916504
2024-01-10,1273.146698836737,1313.6581576278165,1272.1833407081513,1309.26123046875,11102740,RELIANCE,2.6971548527961575,1209.6880493164062,1169.7627478027343
2024-01-11,1313.6583733689063,1346.2651626289091,1312.6702888458758,1343.6961669921875,23725852,RELIANCE,2.6301043460294604,1213.7125219726563,1171.4800360107422
2024-01-12,1343.6960023683716,1356.9609630954171,1329.714583957277,1354.3919677734375,15012164,RELIANCE,0.7959984588772118,1218.1939794921875,1173.0952868652344
2024-01-15,1358.616069177015,1379.8104316098675,1349.723309451493,1377.51318359375,8610594,RELIANCE,1.707128834965177,1223.0439916992189,1174.8104663085937
2024-01-16,1373.4126778584214,1379.6623844587446,1354.1697570573224,1358.24560546875,9069024,RELIANCE,-1.3987218673823132,1227.283369140625,1176.4947409057618
2024-01-17,1343.30084717423,1369.7568331827044,1338.8791932605309,1345.35107421875,12197382,RELIANCE,-0.9493519580024645,1231.2697973632812,1178.2156463623046
2024-01-18,1335.2972997496222,1354.663730119792,1335.1490629645289,1351.6500244140625,10279438,RELIANCE,0.4682012239050959,1235.19150390625,1179.8902313232422
2024-01-19,1359.6041759840746,1359.6041759840746,1342.8067406703178,1351.156005859375,10422704,RELIANCE,-0.036549294992371806,1239.2535180664063,1181.538603515625
2024-01-23,1355.4048574857818,1355.4048574857818,1306.791150318716,1312.7442626953125,20055420,RELIANCE,-2.842879948539434,1242.4277392578124,1183.0251342773438
2024-01-24,1319.3151054787043,1333.4200358723897,1308.1498229720294,1327.862060546875,21919128,RELIANCE,1.151617895516277,1246.154794921875,1184.368349609375
2024-01-25,1326.9479158139593,1347.895377764627,1319.2902616038493,1336.9522705078125,11808872,RELIANCE,0.6845748689584319,1250.0206762695314,1185.7561071777343
2024-01-29,1348.241269998228,1435.192704047216,1343.9678528779282,1430.7957763671875,23893438,RELIANCE,7.019211375715795,1255.7663891601562,1187.625805053711
2024-01-30,1442.5537625848374,1442.5784888178382,1387.690473107798,1390.852294921875,14093978,RELIANCE,-2.7916969077676157,1260.2997192382813,1189.2603430175782
2024-01-31,1387.2704457772934,1417.159997760743,1385.7883192326594,1409.6258544921875,15130226,RELIANCE,1.3497881578695692,1265.1665283203124,1191.0264642333984
2024-02-01,1417.9011153905622,1426.1515960154993,1401.1531330404457,1409.650634765625,13349362,RELIANCE,0.001757932671186957,1270.084716796875,1192.7665808105469
2024-02-02,1416.0980132616144,1457.3258137867138,1416.0980132616144,1440.3306884765625,19652588,RELIANCE,2.1764296027886765,1275.6777685546874,1194.6366955566407
2024-02-05,1443.3442832345067,1452.9781061073709,1414.4675408489986,1421.878173828125,8814432,RELIANCE,-1.2811304234553789,1280.6097924804687,1196.3944415283204
2024-02-06,1424.6695010773788,1424.6695010773788,1402.9069175392074,1410.7869873046875,9047984,RELIANCE,-0.7800377506025469,1285.2281005859375,1198.069581298828
2024-02-07,1418.8151411125152,1432.2283386037336,1412.2196294925052,1424.9659423828125,9296568,RELIANCE,1.0050386915755327,1290.0578564453126,1199.877186279297
2024-02-08,1432.7224367107362,1442.0845126481563,1410.515263064875,1432.845947265625,14694634,RELIANCE,0.552996015444096,1295.0610229492188,1201.6977221679688
2024-02-09,1436.6747903139974,1454.4355841797649,1433.661084495157,1443.3443603515625,12556798,RELIANCE,0.7326965683905007,1300.2692163085937,1203.5842700195312
2024-02-12,1443.3443671360003,1443.5913882496639,1425.163589047209,1435.04443359375,6674430,RELIANCE,-0.5750482688546277,1305.2491625976563,1205.4226153564452
2024-02-13,1438.1567484987418,1461.3767303535824,1436.674621997369,1447.642333984375,7715594,RELIANCE,0.8778752835601367,1310.7107958984375,1207.303501586914
2024-02-14,1440.1329959711338,1465.9714268487612,1440.1329959711338,1463.7235107421875,7117888,RELIANCE,1.1108528937221696,1316.3275610351564,1209.2237854003906
2024-02-15,1465.674980481667,1467.0335965408115,1449.0505085860837,1453.076904296875,10006782,RELIANCE,-0.7273645854000144,1321.4754809570313,1211.122529296875
2024-02-16,1458.8819534815811,1459.4007219371786,1441.170612214809,1443.17138671875,9767498,RELIANCE,-0.6816925896236836,1326.2518798828125,1212.9377795410155
2024-02-19,1444.6288410678121,1461.8708655513933,1436.2053974591388,1456.4364013671875,6729828,RELIANCE,0.9191572650700364,1331.062861328125,1214.7206378173828
2024-02-20,1457.4492860314679,1457.9186020207894,1444.3818933388152,1453.4969482421875,7117496,RELIANCE,-0.2018250245764741,1335.8550708007813,1216.4421099853516
2024-02-21,1456.4365283424868,1470.7884795851646,1440.1825868389801,1450.2115478515625,12720292,RELIANCE,-0.22603421318484473,1340.5944165039064,1218.194752807617
2024-02-22,1450.6561919754163,1467.2559381666686,1440.6271108051608,1464.0941162109375,18493728,RELIANCE,0.9572788452789194,1345.5758447265625,1219.9534204101562
2024-02-23,1471.7517883622584,1479.7059164315408,1465.6750448712426,1475.82763671875,14438584,RELIANCE,0.8014184592298523,1351.1407348632813,1221.784955444336
2024-02-26,1475.753583346703,1476.7169415654328,1464.8352018923576,1469.6026611328125,7513106,RELIANCE,-0.4217955695542952,1356.4833081054687,1223.516865234375
2024-02-27,1465.3540321072526,1482.0772898132236,1460.4383358684995,1467.94775390625,10826044,RELIANCE,-0.11260916098824181,1361.4943823242188,1225.2231201171876
2024-02-28,1465.3292067243183,1473.5056294891751,1432.8953836215212,1438.2803955078125,8647950,RELIANCE,-2.0210091482814607,1365.6013549804688,1226.7423010253906
2024-02-29,1447.5438276529026,1461.3522847525776,1437.1936663872107,1443.3939208984375,23628976,RELIANCE,0.3555304936781578,1369.5596264648439,1228.3240826416015
2024-03-01,1446.061542580972,1482.1266237591103,1445.0734581651325,1474.345458984375,12132926,RELIANCE,2.144358351368969,1373.7703466796875,1230.0514208984375
2024-03-04,1472.7150995331629,1494.4282305064353,1469.503825173054,1489.4384765625,10024420,RELIANCE,1.0237097069856427,1378.588740234375,1231.8430920410156
2024-03-05,1487.8328618357061,1489.4384990399915,1468.3429205099196,1482.32421875,7107668,RELIANCE,-0.4776469739736444,1382.9150659179688,1233.679732055664
2024-03-06,1475.6545662551582,1491.0193265812127,1460.8827530485903,1485.0908203125,7805676,RELIANCE,0.18663943606298528,1387.2720239257812,1235.5631494140625
2024-03-07,1485.0662153094684,1485.1897258668157,1457.968071396935,1461.3028564453125,8315726,RELIANCE,-1.6017851259885862,1391.0247705078125,1237.3395538330078
2024-03-11,1471.2577496463198,1471.2577496463198,1446.0615961097308,1449.1246337890625,11277130,RELIANCE,-0.8333811572690752,1394.4469995117188,1239.0371197509767
2024-03-12,1449.1246865128974,1470.269718687064,1447.5685016900354,1457.8446044921875,9432678,RELIANCE,0.6017405611499882,1397.858857421875,1240.7486358642577
2024-03-13,1462.142657909758,1465.4279903850718,1410.7622676768488,1415.10986328125,13522134,RELIANCE,-2.931364637853384,1400.6195654296876,1242.2475006103516
2024-03-14,1422.5450608782721,1431.2649780682007,1408.514310659922,1414.4180908203125,18571102,RELIANCE,-0.04888471763835334,1403.3140698242187,1243.775396118164
2024-03-15,1408.9589780840722,1416.1473166057365,1396.0645483366263,1401.3260498046875,19223818,RELIANCE,-0.925613232791167,1405.5347900390625,1245.2385125732421
2024-03-18,1403.0799549430176,1424.5460660460144,1399.6463855144648,1422.3228759765625,9169392,RELIANCE,1.498354089314291,1408.4560595703124,1246.6554132080078
2024-03-19,1411.7256294896865,1420.4701525728194,1400.3626585436627,1408.267333984375,8275764,RELIANCE,-0.9882103585331814,1410.9643139648438,1247.9700012207031
2024-03-20,1410.935092987457,1427.7819805194806,1407.056934025752,1426.546875,8488806,RELIANCE,1.2980164045918174,1413.728974609375,1249.3774639892579
2024-03-21,1435.2173701383908,1440.5283239841642,1427.460931435626,1433.685791015625,13006936,RELIANCE,0.5004333289521323,1416.8374853515625,1250.9343334960938
2024-03-22,1432.6977472783171,1442.6033181580033,1430.1040255590262,1437.6876220703125,19527608,RELIANCE,0.2791288774545597,1420.093720703125,1252.5263214111328
2024-03-26,1427.7820647176966,1435.0939139473653,1421.853557874578,1424.3978271484375,11415906,RELIANCE,-0.924386822134371,1422.3964526367188,1254.0701495361327
2024-03-27,1430.74620650665,1482.1265951381042,1429.7581221098912,1475.061767578125,16326644,RELIANCE,3.556867292553645,1425.0237646484375,1255.8171997070312
2024-03-28,1475.0864584455267,1488.0056133770977,1461.0309823617722,1468.1451416015625,21854364,RELIANCE,-0.46890415903863003,1427.298828125,1257.5248962402343
2024-04-01,1474.6912092837645,1476.1733358521226,1464.8350917273362,1467.0830078125,5013880,RELIANCE,-0.07234528514693528,1429.090224609375,1259.1845678710938
2024-04-02,1466.3172549197961,1476.198098955644,1457.4244952875333,1469.2320556640625,8910166,RELIANCE,0.14648440750240077,1431.3099536132813,1260.8515771484374
2024-04-03,1464.4152240453116,1466.7619246317818,1451.397283687729,1454.0650634765625,7008292,RELIANCE,-1.0323074649119857,1433.4842333984375,1262.4829656982422
2024-04-04,1462.117879861305,1462.117879861305,1432.7223691832353,1445.493408203125,14490272,RELIANCE,-0.5894959922180698,1435.3611010742188,1264.0664978027344
2024-04-05,1443.467815909923,1453.274601948929,1438.6509043996564,1442.7020263671875,7442298,RELIANCE,-0.19310927466680283,1437.192021484375,1265.552691040039
2024-04-08,1445.5427357963142,1473.2090987059642,1443.5912932499484,1468.2686767578125,8357118,RELIANCE,1.7721365828398783,1440.302509765625,1267.0962866210937
2024-04-09,1471.2577557160955,1472.0482715276003,1445.0735176190665,1446.2098388671875,7071414,RELIANCE,-1.5023706655197921,1442.6694653320312,1268.5279974365235
2024-04-10,1448.8776750369068,1469.281643980642,1448.8776750369068,1461.945068359375,9138330,RELIANCE,1.0880322529483566,1445.1693212890625,1269.981925048828
2024-04-12,1458.2891033204971,1468.7627741208264,1445.6415744118667,1449.6680908203125,15551012,RELIANCE,-0.8397700983963752,1445.546767578125,1271.432631225586
2024-04-15,1443.591352839028,1464.4646364315843,1429.0911655763507,1447.3707275390625,12902062,RELIANCE,-0.15847512239508532,1446.6771362304687,1272.859808959961
2024-04-16,1436.0325186728678,1453.6451964542034,1433.6364862387566,1448.2847900390625,9366184,RELIANCE,0.06315330845154676,1447.4503149414063,1274.275198364258
2024-04-18,1446.0615875622616,1468.2934876101954,1441.9610129858208,1446.876708984375,19005692,RELIANCE,-0.09722404490967174,1448.1948364257812,1275.7489807128907
2024-04-19,1439.4167626045175,1456.4364932961696,1425.8306012864564,1452.607666015625,15741778,RELIANCE,0.3960915947892163,1448.4403759765626,1277.2985614013671
2024-04-22,1454.9048261235944,1465.1562017707047,1450.3103301575065,1462.2166748046875,10350362,RELIANCE,0.6615006249704791,1449.2471459960936,1278.9398083496094
2024-04-23,1461.3768889290402,1475.7041133303053,1438.20635702296,1441.936279296875,14605554,RELIANCE,-1.3869624014868687,1449.8701318359374,1280.4776092529296
2024-04-24,1446.0615625184662,1451.051437133562,1432.2283805059903,1432.8953857421875,10462776,RELIANCE,-0.626996746284525,1450.028720703125,1281.8951165771484
2024-04-25,1425.3117405225619,1450.483166375014,1424.3236561270523,1442.5784912109375,15943926,RELIANCE,0.6757719764541203,1450.2233715820312,1283.3138958740235
2024-04-26,1446.5061312694434,1447.5436681516292,1432.7224019248206,1435.2420654296875,9413848,RELIANCE,-0.5085633694074887,1450.0613256835939,1284.547291870117
2024-04-29,1432.7224880920985,1450.4092243096331,1432.7224880920985,1447.5684814453125,7247974,RELIANCE,0.8588388197732222,1450.311806640625,1285.9035498046876
2024-04-30,1450.5079819172845,1465.403306850403,1445.4440490785064,1449.5198974609375,11474262,RELIANCE,0.13480647310561977,1450.3493579101562,1287.2792211914064
2024-05-02,1454.460329459568,1459.7218309784546,1446.6791643138517,1449.0753173828125,14512646,RELIANCE,-0.03067085032111283,1450.0563940429688,1288.5294140625
2024-05-03,1453.4722101911175,1457.3750954799905,1399.275802819383,1416.9130859375,17226958,RELIANCE,-2.2195003295895632,1449.3331176757813,1289.6304968261718
2024-05-06,1418.3952205864964,1422.841600588335,1401.1037428015688,1402.610595703125,7394208,RELIANCE,-1.0094119657954703,1448.5219018554687,1290.4295751953125
2024-05-07,1399.1028593353728,1403.8209867220144,1375.4135586957902,1384.775634765625,14517472,RELIANCE,-1.2715546989404691,1447.0886865234374,1291.0721148681641
2024-05-08,1380.847871034619,1415.8754127905866,1380.847871034619,1401.6470947265625,9439002,RELIANCE,1.2183533229044086,1446.051689453125,1291.7920819091796
2024-05-09,1396.1632769069981,1406.7851843569276,1373.437335386219,1377.51318359375,11009612,RELIANCE,-1.7218250744864272,1444.5977221679686,1292.447611694336
2024-05-10,1380.106935558881,1393.1990543318577,1371.535254832905,1390.65478515625,10505096,RELIANCE,0.9540091317467692,1443.128935546875,1293.1740740966798
2024-05-13,1383.2195197456997,1390.2101693574684,1367.5089520262873,1385.986083984375,8456620,RELIANCE,-0.3357196352184899,1441.3321044921875,1293.749962158203
2024-05-14,1384.2815424166113,1410.070521585227,1383.342910466477,1403.1539306640625,7188300,RELIANCE,1.2386738134003483,1440.0031298828126,1294.3577307128905
2024-05-15,1403.5740469957013,1412.9361236084007,1396.188139403763,1399.3994140625,5046534,RELIANCE,-0.26757695784564994,1438.6321630859375,1294.89810546875
2024-05-16,1401.6471872524828,1410.4904944706304,1381.3667306256436,1408.3660888671875,14711774,RELIANCE,0.6407516477841657,1438.033876953125,1295.4911334228516
2024-05-17,1406.0936018418706,1420.0749000882806,1396.4103261437938,1418.5927734375,10916476,RELIANCE,0.7261382286290585,1437.5378540039062,1296.3349237060547
2024-05-21,1408.613082979292,1424.6447280920645,1408.613082979292,1419.0126953125,11176128,RELIANCE,0.029601298051340486,1436.4311987304689,1297.3072131347656
2024-05-22,1419.1609264752628,1451.2736690394956,1419.1609264752628,1443.2454833984375,10281604,RELIANCE,1.7077217255340171,1435.5073388671874,1298.404603881836
2024-05-23,1441.1706938631594,1474.444366988288,1437.6629456463684,1468.343017578125,14608260,RELIANCE,1.7389650248958333,1435.22771484375,1299.5280377197266
2024-05-24,1465.9467233388211,1470.7636348065282,1458.5113640783345,1462.6119384765625,7094776,RELIANCE,-0.39030928284150557,1434.7781372070312,1300.6806610107421
2024-05-27,1462.587264504762,1467.2066075031105,1444.134859977049,1448.77880859375,6629010,RELIANCE,-0.9457826453420637,1434.52765625,1301.7022119140624
2024-05-28,1450.5080784194065,1460.8829659012893,1435.4397894576246,1438.8486328125,7820162,RELIANCE,-0.6854169678868094,1434.3221362304687,1302.621435546875
2024-05-29,1429.264181324664,1440.6271526936466,1421.310053120064,1423.607421875,7383556,RELIANCE,-1.0592643722160067,1433.637392578125,1303.5531909179688
2024-05-30,1418.3951935729253,1423.2368313836507,1403.178669288835,1407.8720703125,13206858,RELIANCE,-1.1053153643843294,1433.49263671875,1304.4723614501954
2024-05-31,1414.245257118902,1425.0647331073133,1405.3030450073677,1413.35595703125,31069832,RELIANCE,0.3895159819125249,1433.4713940429688,1305.4446740722656
2024-06-03,1465.3292536675044,1496.4539141466187,1441.6152266357983,1492.32861328125,21527942,RELIANCE,5.587598499664725,1435.2914453125,1306.7290197753907
2024-06-04,1480.1999676014107,1480.1999676014107,1343.1032493273078,1380.625732421875,36709098,RELIANCE,-7.485139657931561,1434.4575024414062,1307.4196508789062
2024-06-05,1405.0561505394378,1414.097147783154,1367.6077240917773,1403.821044921875,17464890,RELIANCE,1.6800579588873044,1434.3685766601564,1308.2636749267579
2024-06-06,1417.9011371144834,1426.4974232883105,1404.4137607114592,1414.5416259765625,17855722,RELIANCE,0.7636714874355022,1434.1284716796874,1309.120562133789
2024-06-07,1411.478521453965,1454.4601915157414,1409.5023527154926,1452.4345703125,18558696,RELIANCE,2.678814369268001,1434.503447265625,1310.139223022461
2024-06-10,1452.4346368701142,1475.5558362929214,1450.5819785928986,1453.867431640625,9251760,RELIANCE,0.0986523838947706,1434.8270434570313,1311.1387103271484
2024-06-11,1451.4960860069511,1456.1154291491666,1437.3418242246385,1439.3179931640625,11774902,RELIANCE,-1.0007403811325588,1435.1254467773438,1311.9913586425782
2024-06-12,1440.1330064471847,1458.41256776401,1437.835758473946,1445.8885498046875,10081742,RELIANCE,0.45650486354171793,1434.541982421875,1312.8820288085938
2024-06-13,1454.4603416652449,1454.7073627830548,1442.7021123343332,1447.790771484375,9181160,RELIANCE,0.13156074027589337,1434.1348950195313,1313.8736553955077
2024-06-14,1452.4841280922399,1462.0438933040555,1439.8613252368543,1459.9442138671875,8157998,RELIANCE,0.8394474272240382,1433.992119140625,1314.8797723388673
2024-06-18,1469.6273935638167,1469.6768460329972,1453.8180422457062,1463.3778076171875,7196766,RELIANCE,0.23518664051587201,1433.8750341796874,1315.9717297363281
2024-06-19,1469.7757459645413,1469.7757459645413,1438.6510831088215,1441.26953125,8725874,RELIANCE,-1.5107702366476627,1433.6191235351562,1316.954627685547
2024-06-20,1441.6151005379975,1465.1808887163045,1432.8211254931246,1456.139892578125,16113776,RELIANCE,1.031754366945381,1433.8320532226562,1318.0049609375
2024-06-21,1456.0660262473004,1457.1281688420868,1423.4097851653107,1436.8724365234375,31170360,RELIANCE,-1.3231871575590248,1433.7154614257813,1319.0636938476562
2024-06-24,1428.3006178871863,1432.228228955547,1420.3712170566394,1424.298828125,8878386,RELIANCE,-0.8750678264007772,1432.836064453125,1320.0878424072266
2024-06-25,1425.8058325289194,1438.576872033328,1423.8296636688654,1436.822998046875,7045386,RELIANCE,0.8793217879960125,1432.6483276367187,1321.2353790283203
2024-06-26,1428.8194845866847,1500.875466568816,1427.905458276952,1495.9844970703125,22014882,RELIANCE,4.117521720062789,1433.3291162109374,1322.7365258789061
2024-06-27,1495.7128766848623,1519.1798830077462,1488.0552219900264,1512.312744140625,28383030,RELIANCE,1.0914716764972576,1434.5820092773438,1324.3249963378905
2024-06-28,1512.782033239127,1562.1615299634889,1512.782033239127,1546.7474365234375,28957336,RELIANCE,2.276955776259104,1436.5695434570312,1326.1129357910156
2024-07-01,1543.9066370278445,1560.5805616644209,1537.138282854078,1541.5599365234375,7724306,RELIANCE,-0.3353811926567474,1438.4350463867188,1327.8609808349609
2024-07-02,1550.798441129772,1554.750778666898,1538.4473863262538,1546.5250244140625,7749246,RELIANCE,0.32208205292505454,1440.4280126953124,1329.6386688232421
2024-07-03,1547.661278880494,1556.2329594590622,1524.391963189475,1533.927001953125,9049620,RELIANCE,-0.8146019147482364,1442.0543994140626,1331.3215002441407
2024-07-04,1538.447461634288,1548.822348177101,1532.321386398175,1535.5079345703125,6837176,RELIANCE,0.10306439714371507,1443.520224609375,1332.9996380615235
2024-07-05,1535.3102911811948,1579.4530127748421,1529.5547474353805,1569.6956787109375,12269710,RELIANCE,2.226477856019149,1446.0754125976562,1334.8405627441407
2024-07-08,1570.0662334946016,1589.6303543798022,1563.6684106310508,1581.824462890625,9500806,RELIANCE,0.7726837975146728,1449.053994140625,1336.702114868164
2024-07-09,1578.5637202787966,1581.4291893561121,1561.6675000170792,1571.3260498046875,6960002,RELIANCE,-0.6636901459187605,1451.6289453125,1338.4459600830078
2024-07-10,1575.9946562525065,1578.4648673124634,1544.5241914718106,1565.3480224609375,7134578,RELIANCE,-0.38044474248314364,1454.231064453125,1340.2482250976564
2024-07-11,1568.5840280306456,1585.1344421846698,1551.786592769845,1561.815673828125,11940946,RELIANCE,-0.22565899609079398,1456.5160083007813,1342.0026922607422
2024-07-12,1565.619788574804,1586.023756297877,1555.7389442164904,1577.6990966796875,12924784,RELIANCE,1.0169844699170483,1459.0795922851562,1343.8310186767578
2024-07-15,1585.332123675554,1586.7154660951303,1566.607970695329,1578.1932373046875,5329688,RELIANCE,0.03132033389889877,1461.6619506835937,1345.650576171875
2024-07-16,1574.5124732819936,1580.9350218080888,1550.427916309136,1557.468017578125,9386838,RELIANCE,-1.3132244668566662,1464.4730493164063,1347.4193701171876
2024-07-18,1557.2211925457696,1574.9079294522828,1539.2627082750141,1567.76904296875,12298374,RELIANCE,0.661395628954442,1467.7762182617187,1349.3738018798829
2024-07-19,1567.1020115011324,1571.029623251694,1534.2976544625544,1536.61962890625,13140390,RELIANCE,-1.986862427358238,1470.8130981445313,1351.2153448486329
2024-07-22,1518.9327171487766,1519.179738244426,1481.4102368427714,1482.7935791015625,19674376,RELIANCE,-3.502887038023872,1472.4360278320312,1352.8120892333984
2024-07-23,1483.1146576505776,1487.8080584659276,1445.5674511277782,1470.1707763671875,18052044,RELIANCE,-0.8512852302761664,1474.2891796875,1354.381537475586
2024-07-24,1467.3053526491226,1491.5134207568017,1458.8078508242754,1477.8778076171875,11913362,RELIANCE,0.5242269383863185,1476.0336401367188,1355.984457397461
2024-07-25,1463.3530011800513,1482.595920809754,1459.474721651074,1474.6171875,12519876,RELIANCE,-0.2206285323713364,1477.8062622070313,1357.505860595703
2024-07-26,1474.6172851615388,1494.4037007697482,1472.59166375446,1491.044189453125,9859940,RELIANCE,1.1139841643223125,1479.5640673828125,1359.195361328125
2024-07-29,1493.9341486268256,1509.2989091727318,1493.7613062276428,1501.987060546875,7538550,RELIANCE,0.7339065583135795,1481.6158203125,1360.9126513671874
2024-07-30,1498.9488223237445,1506.8287716127938,1492.0075050067665,1495.1199951171875,8228208,RELIANCE,-0.45719870763648585,1483.3508984375,1362.6619317626953
2024-07-31,1486.0789919790418,1492.4520883459395,1483.2629754591517,1487.487060546875,10057346,RELIANCE,-0.5105232085210853,1484.7287841796874,1364.3829284667968
2024-08-01,1493.9836579008804,1499.9121644798522,1486.37545603751,1497.244384765625,10764222,RELIANCE,0.6559602753897442,1486.29341796875,1366.1528350830079
2024-08-02,1487.0670219426547,1491.3404387261814,1475.481756476256,1481.4595947265625,10268248,RELIANCE,-1.0542560853573302,1487.0577001953125,1367.8341833496095
2024-08-05,1462.3650548737628,1466.2186085334113,1416.1721046606897,1430.079345703125,17046704,RELIANCE,-3.4682180470079538,1486.2924267578126,1369.307417602539
2024-08-06,1437.8110173129378,1459.8946792000177,1434.0315221699125,1438.7003173828125,10236186,RELIANCE,0.6028317034009634,1485.8141943359376,1370.7986840820313
2024-08-07,1451.4960282823629,1454.954323788822,1444.0853950542364,1447.3707275390625,8174568,RELIANCE,0.6026557477948336,1485.7860327148437,1372.2427691650391
2024-08-08,1440.1577210643813,1447.5436277380477,1428.6959662921352,1431.8577880859375,12387192,RELIANCE,-1.0718013814954852,1485.6462158203126,1373.598544921875
2024-08-09,1442.6033755756382,1458.9067698886504,1438.6510375603623,1456.7330322265625,6249776,RELIANCE,1.7372705828472945,1486.3087280273437,1375.0789428710937
2024-08-12,1452.483993902439,1455.4482469512195,1440.3799606199186,1443.220703125,8184584,RELIANCE,-0.9275775864647895,1487.0157006835936,1376.5047479248046
2024-08-13,1443.3444377180147,1452.5582774619256,1440.6272053348387,1446.1851806640625,6265064,RELIANCE,0.20540708241252315,1487.67228515625,1377.9177087402343
2024-08-14,1446.1109681889411,1454.460233101401,1436.3782403810737,1444.43115234375,6267466,RELIANCE,-0.12128656438776808,1486.7143359375,1379.3990942382814
2024-08-16,1451.1502913945535,1462.7602840003062,1440.676620060605,1460.58642578125,9416902,RELIANCE,1.118452299459638,1488.3135498046875,1381.0053491210938
2024-08-19,1469.8067419652286,1485.47150978375,1467.8238660907393,1475.65625,13797742,RELIANCE,1.031765320610134,1489.75025390625,1382.7043676757812
2024-08-20,1484.4057091952604,1491.0484162933285,1477.2674041310693,1483.1416015625,8411808,RELIANCE,0.5072557760318563,1491.1222534179688,1384.5294940185547
2024-08-21,1480.464784262564,1494.964564922092,1477.2426107826689,1485.8433837890625,7769996,RELIANCE,0.1821661683359288,1491.7904296875,1386.3810974121093
2024-08-22,1490.1312336221058,1493.6012664349316,1477.8869991875908,1485.2979736328125,10445782,RELIANCE,-0.03670710938989963,1492.4190405273437,1388.307661743164
2024-08-23,1490.8749048344312,1498.3849993365056,1485.5955458508122,1487.1322021484375,9249654,RELIANCE,0.12349229233368231,1493.3753247070313,1390.146318359375
2024-08-26,1494.0723308917522,1509.9601498448217,1490.1313888488291,1499.649169921875,8816114,RELIANCE,0.8416849393318548,1494.450537109375,1391.932201538086
2024-08-27,1497.5671500638725,1500.516654009415,1486.6117113802566,1487.6031494140625,6251156,RELIANCE,-0.8032559047420396,1495.2467846679688,1393.7186218261718
2024-08-28,1492.1142662167426,1494.5680511870519,1480.2170096090344,1485.4716796875,9610286,RELIANCE,-0.14328214668017925,1495.757333984375,1395.4709173583985
2024-08-29,1490.2303777286736,1523.8401488737275,1481.2083164719252,1507.90283203125,38335358,RELIANCE,1.5100356775882062,1496.6478344726563,1397.2790478515626
2024-08-30,1520.865886117465,1526.5418444404818,1490.4534771750382,1496.6995849609375,41620730,RELIANCE,-0.742968766443719,1497.756435546875,1399.0323974609375
2024-09-02,1497.9389648135596,1513.7276641806195,1493.7253530981907,1503.2679443359375,11240852,RELIANCE,0.43885623013462105,1498.6989965820312,1400.770913696289
2024-09-03,1508.2250430567562,1509.9600595401412,1494.5927706873033,1496.203857421875,10923800,RELIANCE,-0.46991535611989876,1499.885625,1402.5116564941407
2024-09-04,1487.850885016148,1504.50709100704,1486.6612078847159,1501.5823974609375,11983304,RELIANCE,0.35947909186186955,1501.4312963867187,1404.2494024658204
2024-09-05,1506.0439573959175,1512.7113538076746,1474.3179410781217,1480.192138671875,16264168,RELIANCE,-1.4245144871990911,1502.2986791992187,1405.942816772461
2024-09-06,1479.721175380084,1484.182646260627,1449.110527949692,1452.2830810546875,19394228,RELIANCE,-1.885502353919355,1501.4246508789063,1407.4859411621094
2024-09-09,1453.943839140462,1457.3395627288749,1443.1371406451965,1449.928466796875,9010298,RELIANCE,-0.16213190723826099,1500.1769653320312,1409.018032836914
2024-09-10,1447.995226435091,1459.446383962114,1445.0952218200862,1449.011474609375,10768260,RELIANCE,-0.0632439605469437,1498.22224609375,1410.4421612548829
2024-09-11,1450.5234230036904,1456.1745712275017,1435.1561339115874,1439.072265625,9760202,RELIANCE,-0.6859303158420094,1496.1724926757813,1411.8060955810547
2024-09-12,1444.5250498204912,1473.2767495080643,1433.4953029575859,1467.1298828125,22349376,RELIANCE,1.949701752838262,1494.58458984375,1413.3230389404298
2024-09-13,1463.7590600068495,1470.451266381587,1456.918113729867,1460.016357421875,8711328,RELIANCE,-0.48485996188615266,1493.106376953125,1414.8197302246094
2024-09-16,1464.8993077290233,1468.2206009201684,1452.2088525514882,1458.7523193359375,5481774,RELIANCE,-0.0865769811079109,1491.5712646484376,1416.2371069335939
2024-09-17,1461.3796100548857,1464.8248328952707,1454.0677548146177,1459.6942138671875,5935328,RELIANCE,0.06456850273792725,1489.3712353515625,1417.6362200927733
2024-09-18,1457.413766699014,1469.3110219373734,1448.0447266088618,1450.9197998046875,8574714,RELIANCE,-0.6011131632325806,1486.7531420898438,1418.9734283447265
2024-09-19,1453.6959512825117,1463.8581906691413,1443.0876132109174,1457.0916748046875,16955902,RELIANCE,0.42537671626170503,1484.4684545898438,1420.3454486083983
2024-09-20,1461.3795684407844,1482.1997658201985,1458.7770437683578,1473.2025146484375,30897320,RELIANCE,1.1056847089535138,1482.6255444335939,1421.7967877197266
2024-09-23,1478.2340798324108,1488.6441789861601,1476.2015834923338,1480.5887451171875,8832314,RELIANCE,0.5013723772059109,1481.001005859375,1423.2694958496095
2024-09-24,1475.7554165819738,1487.6526722077606,1475.1357678514642,1476.6229248046875,17137444,RELIANCE,-0.2678542792911798,1478.979482421875,1424.7798071289062
2024-09-25,1471.1948125268714,1483.6869066134093,1467.5264194610884,1481.15869140625,7069002,RELIANCE,0.30717162285438526,1477.0387915039062,1426.2711743164064
2024-09-26,1477.8870868947113,1491.122760061236,1475.309372285805,1485.12451171875,18818998,RELIANCE,0.267751209611089,1475.5919213867187,1427.7183923339844
2024-09-27,1486.1655345930462,1520.345334807694,1479.2254687210307,1513.10791015625,20597478,RELIANCE,1.8842459481807738,1474.4986987304687,1429.2621746826171
2024-09-30,1506.3908994638518,1511.9181178232873,1461.7761901136828,1463.9324951171875,27008814,RELIANCE,-3.2499608725186313,1473.0449560546874,1430.5024005126952
2024-10-01,1467.9726595996829,1475.2100841908111,1450.3002051077794,1452.2830810546875,16431642,RELIANCE,-0.7957616967555259,1472.43474609375,1431.694383544922
2024-10-03,1424.2750076222521,1436.9902726871705,1390.070396353704,1394.928466796875,37757294,RELIANCE,-3.949272356471989,1470.9298999023438,1432.6028045654298
2024-10-04,1391.9046094477658,1405.2145916660443,1369.9442340651563,1374.653564453125,37072876,RELIANCE,-1.453472549048096,1468.8654150390626,1433.4009588623046
2024-10-07,1381.568793209071,1384.5431070803497,1349.7188488374588,1358.98876953125,22181340,RELIANCE,-1.1395449244047784,1466.5528466796875,1434.2079870605469
2024-10-08,1361.2194430814652,1389.004514771482,1353.4118695241307,1385.3857421875,17020808,RELIANCE,1.9423981454500971,1464.439677734375,1435.1225457763671
2024-10-09,1385.5594536683957,1388.979866453412,1360.7486928237201,1362.8306884765625,14310610,RELIANCE,-1.6280702929224233,1461.6565502929689,1435.8497290039063
2024-10-10,1368.209166456891,1374.132983939481,1357.699948504806,1359.31103515625,22358646,RELIANCE,-0.25826049780599547,1458.94037109375,1436.481625366211
2024-10-11,1358.2700551936466,1371.4314188021033,1357.1050671377104,1360.35205078125,7980122,RELIANCE,0.07658406340240731,1456.3976708984376,1437.0559838867186
2024-10-14,1367.6390728953818,1368.2587216327886,1356.5350159311083,1360.7734375,12221432,RELIANCE,0.03097629900348231,1453.668251953125,1437.5408038330079
2024-10-15,1346.8933067731043,1359.9554295521655,1329.2208521541709,1332.5174560546875,33762794,RELIANCE,-2.0764648005787145,1450.6894091796876,1437.9607971191406
2024-10-16,1328.5270030007441,1352.3215164873245,1326.1723376036346,1342.4814453125,20034438,RELIANCE,0.7477567526442686,1448.937451171875,1438.3431646728516
2024-10-17,1354.0067695283685,1356.7332239102464,1340.4737382347967,1344.811279296875,15543660,RELIANCE,0.17354682945600608,1447.0596704101563,1438.7310064697265
2024-10-18,1340.5976258716714,1356.70849216764,1329.840427555484,1347.66162109375,12082452,RELIANCE,0.21195106263276475,1445.06548828125,1439.1009869384766
2024-10-21,1355.4197431686716,1362.2358797577067,1346.1002013000875,1357.4769287109375,14067408,RELIANCE,0.7283213726322124,1443.57787109375,1439.4983056640624
2024-10-22,1357.4767913068545,1364.2186177698431,1328.749900940748,1331.84814453125,15831960,RELIANCE,-1.8879719896252367,1441.0801733398437,1439.7212878417968
2024-10-23,1326.048205061888,1345.8521531156357,1323.5696102860716,1327.064453125,17214742,RELIANCE,-0.3591769396453004,1438.7570483398438,1439.9712377929689
2024-10-24,1323.8424540123256,1332.1952468902052,1311.7964576126847,1328.3287353515625,22155934,RELIANCE,0.0952690898761821,1436.3999194335938,1440.214417114258
2024-10-25,1331.996862815434,1332.8395608533488,1310.6809472586556,1316.4808349609375,18597496,RELIANCE,-0.8919403815719762,1433.8409130859375,1440.34537109375
2024-10-28,1325.552505604476,1341.4155124030337,1310.7800563182918,1322.9251708984375,10824350,RELIANCE,0.48951232455207716,1431.0876879882812,1440.578699951172
2024-10-29,1316.728719636798,1331.6994085045892,1308.995576227512,1328.52685546875,12008361,RELIANCE,0.4234317022260736,1428.1451000976563,1440.8070611572266
2024-10-30,1323.569732267355,1338.4413022928309,1314.0023313459362,1332.3935546875,11984423,RELIANCE,0.29105164135998507,1425.1301391601562,1441.0274597167968
2024-10-31,1328.5269031210519,1331.5012170832633,1314.7955112005386,1320.64501953125,9331650,RELIANCE,-0.8817616322833066,1421.826171875,1441.2393835449218
2024-11-01,1321.6364480777281,1330.4601492824747,1321.5868277686543,1327.1884765625,2127335,RELIANCE,0.49547432765637556,1418.6639819335937,1441.5009466552735
2024-11-04,1326.3952636738204,1328.52687951389,1274.0969107675833,1291.0009765625,19796890,RELIANCE,-2.726628556460031,1414.741357421875,1441.4096453857421
2024-11-05,1281.9292880644173,1298.337634786513,1275.1379622128013,1294.1240234375,16267479,RELIANCE,0.24190894752966763,1410.6308544921876,1441.1617846679687
2024-11-06,1298.7837703539942,1316.9271340293028,1289.0676296160968,1314.0023193359375,21625209,RELIANCE,1.5360425692149793,1407.158837890625,1440.9598364257813
2024-11-07,1312.6639327180499,1312.6639327180499,1291.4471349781516,1294.4710693359375,9611974,RELIANCE,-1.4863938756113138,1403.3388256835938,1440.544625854492
2024-11-08,1286.5394340693545,1290.505185727704,1264.0833410989228,1272.7584228515625,19814406,RELIANCE,-1.6773373309542983,1398.6359375,1440.1171899414062
2024-11-11,1267.9994654475693,1274.9891511168566,1256.151830843746,1261.802978515625,9056552,RELIANCE,-0.8607638448302146,1393.9380053710938,1439.6994494628907
2024-11-12,1264.6287615317467,1278.2610337323058,1256.6476373969983,1263.33984375,10671091,RELIANCE,0.12179914460044294,1389.139443359375,1439.2578985595703
2024-11-13,1259.374078659472,1264.5295076822267,1238.8017408266169,1241.3299560546875,14633633,RELIANCE,-1.7421984911027644,1384.0419653320312,1438.708768310547
2024-11-14,1242.866693712679,1261.7040163358736,1240.38809863068,1256.746826171875,12612633,RELIANCE,1.2419639147505102,1379.14525390625,1438.4287811279296
2024-11-18,1256.7467703539512,1262.0014401044657,1233.24973843027,1249.9554443359375,13620611,RELIANCE,-0.5403937924891689,1374.5405200195312,1438.039248046875
2024-11-19,1249.9553610165642,1270.5276979121372,1224.5745744010292,1231.0189208984375,14183746,RELIANCE,-1.5149758756049403,1370.1152368164062,1437.5095812988282
2024-11-21,1231.0190296194417,1233.299264427905,1206.8279179645579,1212.5286865234375,19433843,RELIANCE,-1.5020268219358646,1365.3672412109374,1436.4182458496093
2024-11-22,1218.8737871048172,1257.9859641270039,1211.983221035894,1254.5655517578125,20471957,RELIANCE,3.4668759346967004,1361.4783227539062,1435.736812133789
2024-11-25,1278.9549045518283,1293.2811339485756,1271.4694999174592,1275.9805908203125,28923341,RELIANCE,1.706968522489305,1358.2164892578126,1435.0685858154297
2024-11-26,1283.8626226527838,1286.737817131633,1273.2046638791435,1284.606201171875,9247557,RELIANCE,0.6759985546502145,1354.566015625,1434.443363647461
2024-11-27,1282.4250432843673,1292.6864023015983,1274.9892583407009,1282.1275634765625,9572746,RELIANCE,-0.19294922389845315,1351.0082397460938,1433.652348022461
2024-11-28,1278.905374093644,1285.4984608667178,1258.184417128475,1259.91943359375,15027412,RELIANCE,-1.732131069906484,1347.03158203125,1432.842554321289
2024-11-29,1269.0406134614407,1288.3736540571424,1264.3312830599236,1281.1361083984375,13202307,RELIANCE,1.6839707555085237,1343.460419921875,1432.1942999267578
2024-12-02,1276.9722229086012,1300.1222774340952,1266.1160245478172,1297.941162109375,11024152,RELIANCE,1.3117305492189812,1340.4008471679688,1431.5591760253906
2024-12-03,1305.7237413234882,1315.4398813546288,1295.8093621182986,1311.9698486328125,16869482,RELIANCE,1.0808414844197145,1337.4984106445313,1430.9547955322266
2024-12-04,1314.6467414933138,1317.0262168141671,1292.884726573221,1297.74267578125,19608540,RELIANCE,-1.0844130958031162,1333.9892138671876,1430.226787109375
2024-12-05,1303.0964459866593,1318.5628538088617,1294.966703202915,1310.7305908203125,16858723,RELIANCE,1.0008081942164404,1330.59205078125,1429.6052178955078
2024-12-06,1312.5646685095264,1312.5646685095264,1298.783657405313,1300.3204345703125,9037514,RELIANCE,-0.7942254741674204,1327.0660009765625,1428.8686083984376
2024-12-09,1291.8436769577456,1303.7409326166044,1282.0284168341586,1284.0609130859375,14650002,RELIANCE,-1.2504242071492144,1323.1240454101562,1427.9702954101563
2024-12-10,1278.2113501165884,1283.812998621138,1269.238788448007,1273.8489990234375,16043729,RELIANCE,-0.7952826815636138,1318.89853515625,1427.074155883789
2024-12-11,1273.9978081396894,1278.9549980546296,1265.1244866020038,1267.2559814453125,11724373,RELIANCE,-0.5175666490439101,1313.9814965820312,1426.194578857422
2024-12-12,1259.1262215126183,1267.25596445406,1249.8066803924569,1252.0870361328125,20906813,RELIANCE,-1.1969914156727657,1309.7445874023438,1425.17283203125
2024-12-13,1249.2119494931856,1264.2817595214547,1228.986588963027,1261.951904296875,28630222,RELIANCE,0.7878739959269243,1305.9379638671876,1424.2151068115234
2024-12-16,1264.0835044447913,1270.0321327010022,1255.7059013940218,1257.44091796875,9486781,RELIANCE,-0.35746103419356245,1303.188212890625,1423.2512536621093
2024-12-17,1250.2528426173371,1253.078416496042,1232.1591005022085,1234.6376953125,17462791,RELIANCE,-1.8134627504476253,1300.3878955078126,1422.1039715576171
2024-12-18,1230.027558928225,1249.162239402372,1230.027558928225,1242.5196533203125,12670179,RELIANCE,0.6384025076941802,1298.0585131835937,1420.937431640625
2024-12-19,1228.3916379278016,1234.2411461229626,1218.4772582835096,1219.914794921875,14244653,RELIANCE,-1.819275722362368,1294.7490942382813,1419.6889923095703
2024-12-20,1213.5200660980383,1228.8873545167635,1191.2127119418244,1194.980224609375,20312896,RELIANCE,-2.0439599893611327,1291.3920849609376,1418.324154663086
2024-12-23,1204.5971709809228,1216.6926661807136,1202.8125341694108,1211.834716796875,10052824,RELIANCE,1.4104410968817094,1288.44255859375,1417.1919262695312
2024-12-24,1211.834663048231,1222.9883400626134,1210.5457452942906,1212.28076171875,6734917,RELIANCE,0.03680740580316311,1285.4811328125,1416.0363604736328
2024-12-26,1213.767935093776,1217.1883476811242,1203.8535553911518,1206.1339111328125,10016178,RELIANCE,-0.5070484313569934,1282.3883422851563,1414.695302734375
2024-12-27,1207.86900439277,1217.3867853075249,1206.5800865394056,1210.595458984375,7000397,RELIANCE,0.3699048513918557,1279.94990234375,1413.3010876464843
2024-12-30,1205.9852538075309,1212.7269598518426,1197.756269680847,1200.333984375,8818766,RELIANCE,-0.8476386172787898,1277.106953125,1411.8911364746093
2024-12-31,1197.6570485426987,1208.6619856280877,1195.8229125326573,1205.043212890625,6405475,RELIANCE,0.39232651719653955,1274.311591796875,1410.4908984375
2025-01-01,1204.4483521073844,1215.800389087432,1201.2261788160188,1210.7935791015625,5892590,RELIANCE,0.4771917014613658,1271.5742309570312,1409.2383520507813
2025-01-02,1210.7936258321927,1233.7949384205442,1209.554328364606,1231.167724609375,15486276,RELIANCE,1.6827100720942623,1269.048046875,1408.1485675048827
2025-01-03,1233.2498182568117,1251.244443122699,1224.921714407087,1240.437744140625,15521102,RELIANCE,0.752945301111696,1267.2198388671875,1407.061533203125
2025-01-06,1243.213556672038,1251.1946805005002,1204.5970973122883,1207.5714111328125,14816766,RELIANCE,-2.6495753747466266,1264.8299780273437,1406.0238409423828
2025-01-07,1211.5371275851955,1233.8444805890147,1210.7935491517349,1230.2257080078125,10070505,RELIANCE,1.876021299125341,1262.8679174804688,1405.1028790283203
2025-01-08,1238.3060678446636,1260.167324257905,1234.6872949225542,1254.664794921875,19346579,RELIANCE,1.9865530979382928,1261.6315966796874,1404.3695727539061
2025-01-09,1256.1518282285128,1258.8782824728921,1237.364128300027,1244.0067138671875,12794704,RELIANCE,-0.8494763778998937,1260.0532275390624,1403.4779919433595
2025-01-10,1243.114481097643,1245.9896754309787,1225.4173374439545,1231.266845703125,8120332,RELIANCE,-1.0240996308177985,1258.10802734375,1402.592989501953
2025-01-13,1219.4687349455062,1234.5881643828388,1215.899582365329,1229.234375,13764861,RELIANCE,-0.16507150421680716,1256.04484375,1401.606427001953
2025-01-14,1233.4479678208604,1242.6187691440975,1216.742262047884,1228.143798828125,13095266,RELIANCE,-0.08871995398558319,1254.1948193359376,1400.5787170410156
2025-01-15,1234.2905907014622,1246.2374660533972,1231.2171573529768,1241.478515625,9578856,RELIANCE,1.0857618472363662,1252.4806201171875,1399.597671508789
2025-01-16,1248.1212833322295,1264.0834104275011,1240.586378973141,1255.6065673828125,14117603,RELIANCE,1.1380021144143493,1251.7727319335938,1398.753715209961
2025-01-17,1310.9288585996749,1314.6467509950228,1273.997794139219,1291.19921875,29366277,RELIANCE,2.8346977701285025,1251.7142358398437,1397.8344024658204
2025-01-20,1304.7324245206253,1304.7324245206253,1289.1172758229052,1294.272705078125,14040244,RELIANCE,0.23803347179069956,1251.3196435546874,1396.965040283203
2025-01-21,1299.2795231523412,1301.7581181984158,1259.324522599558,1262.7945556640625,14562976,RELIANCE,-2.4321110451110406,1250.68611328125,1395.943598022461
2025-01-22,1267.3552034506358,1271.9157939003728,1257.83730213362,1266.1654052734375,10273590,RELIANCE,0.266935709712679,1250.5542529296874,1394.928264770508
2025-01-23,1259.126173066555,1266.4132176584087,1250.7980702365203,1252.83056640625,8720682,RELIANCE,-1.053167209564354,1250.3748046875,1393.9220922851562
2025-01-24,1255.1605533566642,1262.1006196074513,1232.8531975505623,1235.6292724609375,14235970,RELIANCE,-1.3729944340881262,1249.8205932617188,1392.8727716064452
2025-01-27,1228.4907387555406,1229.8291557820492,1209.5542981292017,1218.82421875,9536019,RELIANCE,-1.3600401095603454,1249.370478515625,1391.7533825683595
2025-01-28,1227.400329601704,1234.0925365684338,1208.0672872533735,1223.8311767578125,10568025,RELIANCE,0.4108023069107958,1248.7121655273438,1390.5311950683595
2025-01-29,1225.4173498520336,1232.1095562529247,1217.53546627882,1224.921630859375,5928156,RELIANCE,0.08910167695281856,1248.2114892578124,1389.4247540283204
2025-01-30,1224.971246456504,1246.237542749693,1221.8481926097397,1242.3214111328125,9269259,RELIANCE,1.420481101409754,1248.4375390625,1388.3266357421876
2025-01-31,1245.09738698474,1256.1519448799122,1238.306060895825,1254.2681884765625,6584612,RELIANCE,0.96164947627011,1249.2723291015625,1387.3496362304688
2025-02-01,1254.2681799336815,1259.6715896071485,1230.374548522757,1253.7724609375,7118453,RELIANCE,-0.03952324898430781,1249.2564672851563,1386.381644897461
2025-02-03,1240.2889757645512,1245.2461659154887,1226.9541826685895,1235.232666015625,9252345,RELIANCE,-1.4787208604033264,1248.4415087890625,1385.3163842773438
2025-02-04,1237.3642207434832,1277.7653184740125,1235.9265630557768,1274.196044921875,16691069,RELIANCE,3.1543352097326283,1248.2333056640625,1384.4529809570313
2025-02-05,1271.6679530846961,1279.4507170461238,1265.7688244708304,1267.2559814453125,10112028,RELIANCE,-0.5446621423933262,1247.9358740234375,1383.5262225341796
2025-02-06,1262.7945076095025,1276.9721191435924,1259.4732145791813,1270.577392578125,9956001,RELIANCE,0.26209472919784815,1248.149033203125,1382.5680261230468
2025-02-07,1265.2236540965398,1272.7089385364054,1251.1947819010975,1255.8544921875,8764283,RELIANCE,-1.158756678390982,1247.6434008789063,1381.6376171875
2025-02-10,1253.673337746878,1255.6562137259161,1234.8856362555493,1242.916259765625,6970972,RELIANCE,-1.0302333990412138,1246.5429028320314,1380.6877215576171
2025-02-11,1253.7230036544372,1253.7230036544372,1219.567891058193,1224.2772216796875,8859714,RELIANCE,-1.499621389573924,1244.7890502929688,1379.596215209961
2025-02-12,1209.0089844264594,1216.3952699200001,1183.1324776076385,1206.1339111328125,21131654,RELIANCE,-1.4819609664862288,1242.956875,1378.4506744384767
2025-02-13,1206.629682868639,1217.4858807075602,1201.622872489872,1205.687744140625,8511216,RELIANCE,-0.03699149721845263,1240.8560180664062,1377.2412707519532
2025-02-14,1208.56289732395,1213.5200872227356,1195.1288642881832,1206.827880859375,10298145,RELIANCE,0.09456318389988727,1238.9861669921875,1376.0278106689452
2025-02-17,1200.7304615718228,1216.9900679473901,1194.1869953911457,1214.412353515625,8166683,RELIANCE,0.6284634931411404,1237.5931958007814,1374.8544958496093
2025-02-18,1214.362863790828,1219.3696743222742,1205.6877809072391,1214.908203125,6673250,RELIANCE,0.04083041546305566,1236.4143798828125,1373.844471435547
2025-02-19,1209.0586678925579,1222.1952216847485,1207.125412159616,1216.9405517578125,6217338,RELIANCE,0.16728413122777397,1235.4080712890625,1372.9161212158203
2025-02-20,1213.4704313005311,1228.738599945727,1211.5371757067999,1222.4429931640625,7795582,RELIANCE,0.4521536732671194,1234.8151904296874,1372.1044580078126
2025-02-21,1218.1797397323817,1229.3830367840985,1211.6858938870325,1217.634521484375,6904025,RELIANCE,-0.3933493591583903,1233.9288427734375,1371.1843951416015
2025-02-24,1206.1338768607443,1212.7764626626977,1200.1356289010387,1204.1510009765625,7172498,RELIANCE,-1.1073536656446947,1232.8630444335938,1370.3175842285157
2025-02-25,1200.6313497853835,1210.5457292220917,1191.2126893205104,1193.6912841796875,11552182,RELIANCE,-0.8686383010429899,1232.0441162109375,1369.3327667236329
2025-02-27,1202.416039651657,1204.597154814102,1190.370043898487,1196.7647705078125,11509215,RELIANCE,0.2574774875932162,1231.1290185546875,1368.38666015625
2025-02-28,1191.7084634163882,1206.9270123506615,1183.0830013175257,1189.82470703125,23007298,RELIANCE,-0.5799020532345489,1230.527216796875,1367.320014038086
2025-03-03,1193.6912720117396,1196.1202465389174,1146.1022512006402,1161.2216796875,17944938,RELIANCE,-2.4039698599903736,1229.8520458984376,1366.129125366211
2025-03-04,1152.2491409974891,1163.948157257321,1149.6219272411693,1151.9517822265625,11377373,RELIANCE,-0.7982883563999676,1228.6543872070313,1364.8470538330077
2025-03-05,1151.0595745918054,1172.8712116641736,1147.0938223968292,1165.5345458984375,8664095,RELIANCE,1.179108698944109,1227.719462890625,1363.5817626953126
2025-03-06,1186.75131332057,1203.5561393973805,1175.002796955133,1199.243408203125,14468014,RELIANCE,2.892137553821139,1227.5816528320313,1362.4829162597657
2025-03-07,1205.5885908312287,1244.0564330934674,1201.622838887705,1239.0992431640625,16474965,RELIANCE,3.323414970498373,1228.151728515625,1361.4621850585938
2025-03-10,1234.3402190424754,1247.2289120927182,1224.8224391488623,1227.7967529296875,11931051,RELIANCE,-0.9121537517458145,1228.7009838867189,1360.2594537353516
2025-03-11,1229.3830600118497,1238.801720552263,1219.2208210077197,1236.62060546875,10089838,RELIANCE,0.7186737151737566,1229.3325317382812,1359.1294970703125
2025-03-12,1247.2289270068015,1252.1861167007874,1233.3487958636417,1246.287109375,11977555,RELIANCE,0.7816871127249048,1230.04240234375,1358.1170385742187
2025-03-13,1249.2615727756533,1253.326444606414,1233.2002036288977,1237.215576171875,9505270,RELIANCE,-0.7278847012767597,1230.163359375,1357.1088732910157
2025-03-17,1231.5145912773855,1246.6340190017775,1222.5420300210542,1228.2427978515625,16640917,RELIANCE,-0.7252396828106189,1229.9194604492188,1356.1320501708985
2025-03-18,1228.2427978515625,1228.2427978515625,1228.2427978515625,1228.2427978515625,0,RELIANCE,0.0,1230.3328881835937,1355.2339038085938
2025-03-19,1230.4241762433128,1242.5196714129374,1228.1934407470596,1236.471923828125,16162399,RELIANCE,0.6699917956740187,1230.4578125,1354.3494836425782
2025-03-20,1241.1316434245866,1262.1005814534499,1239.347127629136,1258.2835693359375,15971477,RELIANCE,1.7640227074694481,1230.5301879882813,1353.1792584228515
2025-03-21,1264.0833359554676,1270.0319634187874,1259.2252659887295,1265.4217529296875,21780769,RELIANCE,0.5672953035154915,1230.9584887695312,1352.6032385253907
2025-03-24,1279.9463572168718,1294.8179260458828,1273.254151243817,1290.9512939453125,20299319,RELIANCE,2.0174729062875096,1232.152177734375,1352.038889770508
2025-03-25,1296.50346593687,1296.50346593687,1271.6183955406093,1274.4439697265625,13713899,RELIANCE,-1.2786945794292182,1233.0563696289062,1351.3384014892579
2025-03-26,1279.9464094999762,1282.7224842048433,1257.8869148358597,1262.150146484375,12074747,RELIANCE,-0.9646421132837424,1233.7364965820314,1350.3869793701172
2025-03-27,1267.2064821612498,1273.9978081396894,1260.4151561828103,1267.2559814453125,15028056,RELIANCE,0.4045346724523613,1234.2520458984375,1349.4539221191405
2025-03-28,1269.0405652360093,1284.6557128160619,1258.1347478785124,1264.1824951171875,18147129,RELIANCE,-0.2425308203808707,1234.423564453125,1348.5782446289063
2025-04-01,1253.7723771839194,1266.9585500115554,1238.603449529153,1241.8751220703125,12099648,RELIANCE,-1.7645690501992828,1233.4370825195313,1347.5581774902344
2025-04-02,1236.8685913550723,1244.8000957785905,1233.2498182568117,1240.437744140625,10142590,RELIANCE,-0.11574254964470398,1232.3603833007812,1346.5214123535156
2025-04-03,1222.4927580494818,1241.08222182284,1222.4927580494818,1238.0086669921875,7434366,RELIANCE,-0.19582418867142293,1231.8646655273437,1345.4117346191406
2025-04-04,1230.473619610667,1234.7863505024063,1182.9342181609516,1194.38525390625,17908652,RELIANCE,-3.523675903814394,1230.4290625,1344.0667718505858
2025-04-07,1122.5059464290011,1161.2216449878495,1105.304523000697,1155.7191162109375,22156106,RELIANCE,-3.2373254415905106,1228.4868334960938,1342.6390197753906
2025-04-08,1161.9653833278503,1186.3547349162204,1153.3399207865864,1172.0780029296875,19555040,RELIANCE,1.4154725390701506,1227.2158081054688,1341.2187103271485
2025-04-09,1159.4867811653644,1179.613021672609,1157.9996241138485,1175.2010498046875,10223104,RELIANCE,0.26645384242292014,1226.3433447265625,1339.9103533935547
2025-04-11,1184.917153801556,1212.1816988912137,1184.917153801556,1208.5133056640625,11224242,RELIANCE,2.834600587270697,1226.0369873046875,1338.83142578125
2025-04-15,1240.288998738938,1240.288998738938,1226.5079856590305,1229.4822998046875,13378535,RELIANCE,1.735106601006997,1226.1282006835938,1337.794722290039
2025-04-16,1223.5336585713449,1230.2754856402491,1218.477348782242,1228.689208984375,8248464,RELIANCE,-0.06450607873236258,1225.855556640625,1336.4582458496093
2025-04-17,1229.5813957339365,1269.238916912585,1217.0893007676923,1263.5877685546875,15398401,RELIANCE,2.8403081361119353,1226.0419482421876,1335.2146209716798
2025-04-21,1259.126169726638,1289.7616259352505,1256.1518559398821,1284.4078369140625,10429964,RELIANCE,1.6476946736505127,1226.6546557617187,1333.9029229736327
2025-04-22,1288.8694787336528,1292.7361113748846,1275.2868257139828,1280.144775390625,13051707,RELIANCE,-0.3319087131763432,1227.5528979492187,1332.5958471679687
2025-04-23,1285.8950708007812,1294.8180126953125,1274.3944143417477,1288.869384765625,10480888,RELIANCE,0.6815330221019433,1227.8463647460937,1331.3075689697266
2025-04-24,1281.3345072026398,1293.3308829080645,1279.2525115884996,1290.4556884765625,10468940,RELIANCE,0.12307715038371025,1228.3103588867189,1330.0902124023437
2025-04-25,1292.3394247863746,1313.85358083958,1277.071255478384,1289.2659912109375,14431012,RELIANCE,-0.09219202768825374,1228.684130859375,1328.8590026855468
2025-04-28,1328.5269802313521,1362.8307123815491,1308.8964585313056,1357.0804443359375,31104496,RELIANCE,5.259927244439733,1230.7086499023437,1327.795926513672
2025-04-29,1359.2614765022709,1398.8198762816546,1358.2700385179512,1387.7156982421875,32538970,RELIANCE,2.2574383142954124,1233.604638671875,1326.8253826904297
2025-04-30,1389.9960230274132,1400.3070020394923,1357.2785702742715,1392.9703369140625,25480745,RELIANCE,0.37865383223170124,1236.9785009765626,1325.9336041259767
2025-05-02,1401.8932881277126,1414.4845019236116,1397.0352178747166,1407.6436767578125,13007841,RELIANCE,1.0533849468939094,1241.0086962890625,1325.145082397461
2025-05-05,1418.747808269532,1427.1750314493302,1414.6829365878357,1419.0452880859375,12685649,RELIANCE,0.8099785134819015,1245.2758471679688,1324.43123046875
2025-05-06,1418.7477523435755,1419.7391903256466,1398.5223933042987,1408.7342529296875,14084117,RELIANCE,-0.7266177649733696,1249.313974609375,1323.58640625
2025-05-07,1408.7342420156256,1412.2042749259901,1390.6899982666434,1393.9617919921875,13440169,RELIANCE,-1.04863361608325,1252.9049633789064,1322.6652490234376
2025-05-08,1392.0780527042998,1408.6351396947061,1386.030305191398,1394.9532470703125,16106175,RELIANCE,0.07112498232164643,1256.5058642578124,1321.8526751708985
2025-05-09,1373.637308764333,1382.8577303043132,1362.731491083779,1365.4083251953125,13668904,RELIANCE,-2.1179865301615197,1259.4752197265625,1320.8408715820312
2025-05-12,1388.013077711669,1426.6791563050656,1388.013077711669,1424.2005615234375,10674081,RELIANCE,4.305835495745569,1263.51037109375,1320.2787762451171
2025-05-13,1421.226256646525,1435.304626683893,1400.3069407641844,1403.57861328125,11407896,RELIANCE,-1.4479665855579138,1267.2292529296874,1319.8827014160156
2025-05-14,1407.8419941921477,1417.6572548355593,1403.3805230837922,1412.204345703125,5570160,RELIANCE,0.6145528537022882,1271.3903198242188,1319.5928692626953
2025-05-15,1412.7992032271827,1448.8875719918406,1400.6044669576877,1441.7491455078125,20177211,RELIANCE,2.0921051471469054,1276.3514770507813,1319.4122259521484
2025-05-16,1440.757623701411,1448.4908883531898,1434.9082364412498,1443.9302978515625,9036695,RELIANCE,0.15128514905287105,1281.2947875976563,1319.2587915039062
2025-05-19,1439.667043567546,1442.1456384779733,1425.886031660542,1428.4638671875,6195791,RELIANCE,-1.0711341598050206,1286.0675708007811,1318.9458898925782
2025-05-20,1425.88599760598,1432.6278240113834,1409.6265122020175,1412.4024658203125,11270560,RELIANCE,-1.1243827538186757,1291.0911865234375,1318.4979669189454
2025-05-21,1411.708464386899,1423.9030780659657,1405.9580760983038,1416.9630126953125,6136364,RELIANCE,0.3228928712150969,1296.3914111328124,1318.107182006836
2025-05-22,1409.031659643212,1411.6094953044076,1384.9397884743898,1397.332763671875,12134466,RELIANCE,-1.3853748367148477,1301.0273754882812,1317.6564105224609
2025-05-23,1394.5567410207764,1421.5239286750705,1394.5567410207764,1414.5838623046875,6474883,RELIANCE,1.2345734016484755,1305.3341845703126,1317.2431079101561
2025-05-26,1419.7391840414937,1428.6621258406371,1412.898237790455,1422.5152587890625,4842944,RELIANCE,0.5606876125006099,1309.0025048828124,1316.9483862304687
2025-05-27,1413.8897021801247,1424.696400543767,1401.794207036506,1409.9239501953125,12640414,RELIANCE,-0.8851440092437768,1312.645048828125,1316.8476092529297
2025-05-28,1407.9411620533203,1410.4197571984832,1398.621620102477,1400.8028564453125,5944611,RELIANCE,-0.6469209739104365,1315.9286938476562,1316.6581219482423
2025-05-29,1400.0096192804465,1407.842003929875,1396.5395861721686,1405.660888671875,13771917,RELIANCE,0.3468034209246351,1319.1161694335938,1316.4495727539063
2025-05-30,1405.8590585766528,1418.3511529457182,1397.6300749154059,1408.7342529296875,13788484,RELIANCE,0.21864194149390226,1322.54654296875,1316.333955078125
2025-06-02,1400.0095486308933,1405.3633379328091,1383.650821945961,1401.5958251953125,8098668,RELIANCE,-0.5067263552035794,1326.013603515625,1316.0582690429687
2025-06-03,1410.1222707307113,1414.2862617875367,1391.3840689247124,1393.466064453125,11252626,RELIANCE,-0.5800360272230853,1329.3180688476561,1315.8094958496094
2025-06-04,1402.5871874772963,1413.493004678654,1394.0608455067168,1411.3118896484375,8126827,RELIANCE,1.2806788518611167,1332.8148681640625,1315.6351293945313
2025-06-05,1415.7734397380668,1442.244785474372,1411.4110884077945,1430.0501708984375,13716817,RELIANCE,1.3277207814544667,1336.2502001953126,1315.5632244873048
2025-06-06,1428.6620302216834,1439.0721282906131,1424.6962785763767,1431.140625,8182161,RELIANCE,0.07625285628107825,1339.5645776367187,1315.4159954833985
2025-06-09,1444.5251287223314,1445.0208477095387,1432.9253528317358,1436.3953857421875,7885125,RELIANCE,0.36717291441485944,1342.4734594726563,1315.2196911621095
2025-06-10,1437.5850079496329,1441.4516401070769,1423.704876838395,1426.1834716796875,7913181,RELIANCE,-0.7109403277025583,1345.5082495117188,1314.9349005126953
2025-06-11,1433.4210733170682,1456.0257865422643,1430.7441181682645,1436.4945068359375,8195700,RELIANCE,0.7229809741173154,1348.99513671875,1314.6881561279297
2025-06-12,1441.055094094315,1444.5251270006308,1422.1186530105915,1429.2569580078125,8828114,RELIANCE,-0.5038340761961302,1352.23515625,1314.4079510498048
2025-06-13,1411.8076840776937,1423.2092208521976,1402.1907840779525,1415.67431640625,9757276,RELIANCE,-0.9503288772156671,1355.2649926757813,1314.0506616210937
2025-06-16,1414.6828043278585,1430.050092219024,1412.204209506703,1425.489501953125,8458093,RELIANCE,0.6933222869926148,1358.9372802734374,1313.67986328125
2025-06-17,1435.602128554236,1435.602128554236,1413.5922548276174,1418.9459228515625,10366599,RELIANCE,-0.4590408482557651,1362.5074438476563,1313.3365771484375
2025-06-18,1417.7563491543892,1430.4468040463896,1413.4931173168031,1417.85546875,6681735,RELIANCE,-0.07684958841638334,1366.1043798828125,1312.99849609375
2025-06-19,1417.8554020854735,1427.5715425014369,1413.4930508573852,1421.028076171875,10007230,RELIANCE,0.22376098916994103,1370.637236328125,1312.564122314453
2025-06-20,1418.7477927518771,1458.4053131642288,1415.8725983169522,1453.6463623046875,29010635,RELIANCE,2.29540053991637,1376.59578125,1312.3488562011719
2025-06-23,1440.5593915455418,1451.266970188698,1429.6535737155343,1444.326904296875,5989078,RELIANCE,-0.6411090241396078,1382.0407592773438,1312.0541510009766
2025-06-24,1452.4565437947847,1462.3709229333156,1430.7440292763747,1438.378173828125,16402744,RELIANCE,-0.4118687016805178,1387.3043017578125,1311.7650225830077
2025-06-25,1451.4652666586912,1459.7933702625824,1447.9952335758323,1454.737060546875,7525851,RELIANCE,1.1373147212886403,1392.2287768554688,1311.5307958984374
2025-06-26,1456.5214458748073,1485.9672251547677,1452.55569413543,1482.4971923828125,14657893,RELIANCE,1.908257690602988,1397.2890747070312,1311.5423211669922
2025-06-27,1486.5620421012081,1508.9685148979506,1484.0834473001275,1502.425048828125,11117052,RELIANCE,1.3442087140335568,1402.7637915039063,1311.7930310058593
2025-06-30,1500.838885203447,1511.7447031481738,1483.191240482831,1487.7518310546875,8409527,RELIANCE,-0.9766355922302017,1407.2470727539062,1311.9821478271485
2025-07-01,1487.7518183386467,1518.2881567329412,1487.256099345396,1515.3138427734375,10368523,RELIANCE,1.8525947099128137,1411.8651928710938,1312.3136596679688
2025-07-02,1515.3139235508756,1516.9002002088087,1495.7825215605471,1505.796142578125,6361002,RELIANCE,-0.6281009205256427,1416.3782202148439,1312.6472790527343
2025-07-03,1507.7788792727886,1518.783816287235,1500.0456148706696,1504.8045654296875,11283291,RELIANCE,-0.06585068990413445,1420.696923828125,1312.8356524658202
2025-07-04,1510.9515946827762,1516.900223008299,1504.2097675037892,1514.223388671875,6603501,RELIANCE,0.6259167109516239,1425.1722778320313,1313.1066876220702
2025-07-07,1513.5291857359532,1531.5734294639212,1511.9429091838053,1528.3016357421875,7251074,RELIANCE,0.9297338276263556,1429.9529907226563,1313.4544342041015
2025-07-08,1522.8487819842126,1531.6726044702705,1517.0983931213486,1524.43505859375,7171261,RELIANCE,-0.2529982994201152,1433.3000830078124,1313.7781384277343
2025-07-09,1523.5426661942138,1537.7202774459709,1497.1704406377573,1505.9942626953125,8870660,RELIANCE,-1.2096806482165712,1435.665654296875,1314.0535107421874
2025-07-10,1506.688311848956,1511.6455019531181,1494.5928164048603,1504.209716796875,10047129,RELIANCE,-0.118496195014961,1437.8904418945312,1314.2891009521484
2025-07-11,1499.0542783474266,1502.0285923917668,1477.540121836759,1482.3980712890625,7234991,RELIANCE,-1.4500401948113417,1439.3855297851562,1314.3350787353515
2025-07-14,1479.4236826617216,1487.1569471972039,1466.4358695278945,1470.9964599609375,10311846,RELIANCE,-0.7691329035668826,1440.4245532226562,1314.2871173095702
2025-07-15,1473.4750846086956,1483.6869442622558,1469.7076928815193,1472.6820068359375,8132454,RELIANCE,0.11458537942672375,1441.7035083007813,1314.2674127197265
2025-07-16,1460.388154594461,1478.234038357326,1458.9009976142222,1472.8802490234375,10409983,RELIANCE,0.013461303022643811,1443.2818774414063,1314.2260205078126
2025-07-17,1474.6648507992907,1476.845965908467,1461.2804382949055,1463.759033203125,11854613,RELIANCE,-0.6192774888766461,1444.6579931640624,1314.1191931152343
2025-07-18,1472.0871292027396,1472.0871292027396,1456.521480639079,1463.3624267578125,10296318,RELIANCE,-0.027095063894810867,1446.6170751953125,1313.8704656982422
2025-07-21,1452.4566531183941,1463.362470991638,1410.9153771961905,1416.3682861328125,22442744,RELIANCE,-3.211380842210021,1446.4604296875,1313.6326446533203
2025-07-22,1415.178583447059,1419.640054314783,1398.6214967228645,1400.70361328125,20396320,RELIANCE,-1.1059745551301958,1446.4029296875,1313.374747314453
2025-07-23,1413.7905031420296,1413.7905031420296,1402.2898472373465,1412.4024658203125,8354596,RELIANCE,0.8352125623248163,1446.4068920898437,1313.4621173095702
2025-07-24,1407.0486714179167,1410.8161839876018,1384.0473596954969,1390.8883056640625,14740507,RELIANCE,-1.5232315630201554,1445.3896752929688,1313.543291015625
2025-07-25,1386.9226057137396,1389.0046012536307,1372.2492752918665,1379.7841796875,11854722,RELIANCE,-0.7983477847461673,1444.1067529296874,1313.6472680664062
2025-07-28,1380.379191620021,1395.746480796028,1373.1416457270684,1375.7193603515625,7748361,RELIANCE,-0.2945981984557977,1443.0518627929687,1313.5989361572265
2025-07-29,1371.1587845273314,1408.0402305383973,1371.1587845273314,1404.966796875,10750072,RELIANCE,2.125974044296597,1442.9031494140625,1313.8096166992189
2025-07-30,1405.9582375902166,1411.1137879299629,1389.3021514025702,1398.0267333984375,7209849,RELIANCE,-0.49396636931199334,1442.524423828125,1314.0031951904298
2025-07-31,1376.215001569177,1390.5908519212596,1370.365493427784,1378.2969970703125,17065827,RELIANCE,-1.411256012262685,1442.1437084960937,1314.092919921875
2025-08-01,1375.025384070285,1393.8627060383,1372.4476694796913,1381.76708984375,10321171,RELIANCE,0.2517666933043783,1441.487373046875,1314.1978881835937
2025-08-04,1383.155066191865,1403.975263237478,1379.7841529413568,1399.4146728515625,6312820,RELIANCE,1.2771749405182442,1441.025361328125,1314.5323742675782
2025-08-05,1398.918980991344,1398.918980991344,1376.2150271869518,1379.7841796875,9315972,RELIANCE,-1.4027645661354837,1440.4225659179688,1314.7188879394532
2025-08-06,1379.9825595355662,1383.9483114870873,1371.456217044825,1380.8748779296875,5834312,RELIANCE,0.07904846701709545,1440.0240063476563,1314.8992059326172
2025-08-07,1375.818389126872,1381.7670168023217,1354.3042341107182,1377.50390625,9976705,RELIANCE,-0.2441185464059914,1439.4608666992187,1315.0484173583984
2025-08-08,1373.1415514013454,1385.2370458989403,1353.312792536344,1356.0888671875,8793606,RELIANCE,-1.5546263763997925,1438.407958984375,1315.0414770507812
2025-08-11,1358.2700517359046,1376.1159356273254,1349.5453489789295,1374.331298828125,9997486,RELIANCE,1.345223906930193,1437.8626684570313,1315.2538928222657
2025-08-12,1370.0682117041065,1389.8969719255274,1363.4255044148417,1368.5810546875,12244664,RELIANCE,-0.4184030550368867,1437.3649682617188,1315.4614758300781
2025-08-13,1376.115874093997,1379.8833867126677,1365.7057756228248,1370.7620849609375,7457021,RELIANCE,0.159364347911084,1436.5539721679688,1315.673642578125
2025-08-14,1370.961308962897,1374.3455639562076,1363.794372575189,1367.4774169921875,7126128,RELIANCE,-0.2396234915443829,1435.3025170898438,1315.9286254882813
2025-08-18,1383.602791829514,1388.4802648218374,1370.6626218339861,1375.3409423828125,11785109,RELIANCE,0.5750387752597064,1434.1865234375,1316.1907043457031
2025-08-19,1383.6027633741608,1414.460091190419,1382.7068811681168,1413.564208984375,14384719,RELIANCE,2.77918481328272,1433.7298999023437,1316.6158911132814
2025-08-20,1406.4969482421875,1418.342205158243,1403.510755146132,1406.4969482421875,8725641,RELIANCE,-0.49996036241362063,1433.3361694335938,1316.9864080810546
2025-08-21,1418.4417067156319,1425.3099750709036,1413.7633861810953,1418.24267578125,11021323,RELIANCE,0.8351050852788644,1432.9711328125,1317.4743963623048
2025-08-22,1413.464698965694,1416.84907536351,1401.4204113959267,1402.71435546875,5818868,RELIANCE,-1.0948986783200665,1432.4402807617187,1317.852025756836
2025-08-25,1408.1890657335161,1412.9670232567023,1399.230486508923,1406.0987548828125,5979407,RELIANCE,0.2412750251587381,1432.24876953125,1318.4275146484374
2025-08-26,1401.519906786198,1403.5107021083375,1375.241384232256,1378.5262451171875,12145259,RELIANCE,-1.9609227068779322,1431.3095043945314,1318.8495257568359
2025-08-28,1383.50331940736,1385.7926612650012,1360.2109883890075,1379.521728515625,13161813,RELIANCE,0.07221359781603987,1430.5210205078124,1319.1771228027344
2025-08-29,1374.7437651325777,1397.0406983353935,1343.7869203796088,1350.9537353515625,18758842,RELIANCE,-2.070862138199292,1429.1829858398437,1319.4595361328124
2025-09-01,1349.759256141992,1356.9260708455383,1334.430107544873,1347.6689453125,11232238,RELIANCE,-0.24314600515965568,1427.7158032226562,1319.8340887451172
2025-09-02,1348.5648331807902,1378.128095842481,1348.2661652716795,1360.2109375,11517006,RELIANCE,0.9306434069823899,1425.8470947265625,1320.326128540039
2025-09-03,1363.3961593284287,1370.1649121838109,1354.2385492379765,1366.2828369140625,7847563,RELIANCE,0.4463939560155561,1424.2862133789063,1320.8408435058593
2025-09-04,1365.4865379446771,1367.6763641601647,1350.8541196588233,1353.0440673828125,13223177,RELIANCE,-0.9689625876550978,1422.57953125,1321.3994140625
2025-09-05,1356.7271022727273,1374.6442613636364,1353.0441792852228,1368.671875,5777575,RELIANCE,1.1550109855192225,1420.8582275390625,1321.9590393066405
2025-09-08,1373.6488583038629,1379.6212446443146,1366.0838599076599,1372.15576171875,6986720,RELIANCE,0.25454506535760313,1418.6513989257812,1322.5700408935547
2025-09-09,1370.2643943031567,1374.843199236951,1362.4007284883235,1369.8662109375,9754452,RELIANCE,-0.1668579358936717,1416.0002221679688,1323.26427734375
2025-09-10,1377.5308659113482,1382.1096709119122,1367.7759200987732,1370.66259765625,7790815,RELIANCE,0.05813609478000359,1413.6584375,1324.054946899414
2025-09-11,1369.6672638548873,1379.1235422027225,1368.6718661340626,1376.9337158203125,9766072,RELIANCE,0.4575245705825681,1410.8908349609376,1324.6667877197265
2025-09-12,1376.9337291414593,1389.873899637371,1374.146566892781,1388.579833984375,7403368,RELIANCE,0.8458009292861446,1408.5465087890625,1325.229783935547
2025-09-15,1386.5889315301856,1394.3530818320328,1382.2091575524387,1392.8599853515625,5396697,RELIANCE,0.30823948774383325,1406.3076171875,1325.7710528564453
2025-09-16,1398.2350616507645,1401.5199225726963,1391.7649767809332,1398.8323974609375,8686961,RELIANCE,0.4287876866437168,1403.9997973632812,1326.3545770263672
2025-09-17,1400.5245819104894,1409.6821922648512,1400.4250664409112,1407.2933349609375,7519417,RELIANCE,0.6048571305152572,1401.5796313476562,1327.0914465332032
2025-09-18,1413.8628424954393,1415.4554544293837,1404.2074124117412,1408.4876708984375,9332642,RELIANCE,0.08486758999204369,1399.26068359375,1327.728204345703
2025-09-19,1408.3882121473878,1410.4785229891424,1397.1401696768169,1400.9227294921875,13461373,RELIANCE,-0.5370967430211482,1397.1592529296875,1328.243112182617
2025-09-22,1397.4387885526373,1404.2074196840813,1381.6119415772491,1384.199951171875,7757970,RELIANCE,-1.193697408733907,1394.7590576171874,1328.6042626953124
2025-09-23,1384.5982372618869,1388.5798281670254,1370.4636381520502,1383.40380859375,14014702,RELIANCE,-0.05751644315916682,1392.7791723632813,1329.032568359375
2025-09-24,1378.9244730635044,1389.5751797778832,1374.0470000648747,1376.635009765625,5922759,RELIANCE,-0.4892858315176718,1390.891943359375,1329.3620904541015
2025-09-25,1374.942926360271,1378.128150477363,1362.6994857374575,1366.0838623046875,11411143,RELIANCE,-0.7664448009885971,1388.75998046875,1329.6909075927733
2025-09-26,1365.685684712474,1376.3363918134596,1359.7132983361805,1371.2598876953125,9879109,RELIANCE,0.37889514205171615,1386.7275732421874,1330.1269024658204
2025-09-29,1375.2413599514077,1382.6073268149732,1361.7039763015719,1366.48193359375,14231999,RELIANCE,-0.34843534361621575,1384.78203125,1330.5900671386719
2025-09-30,1370.7620971908361,1370.7620971908361,1356.5279835173724,1357.722412109375,14604684,RELIANCE,-0.6410272444172027,1382.6692309570312,1331.0423992919923
2025-10-01,1360.7086293823172,1372.255218175594,1356.4283707523282,1362.4007568359375,12045916,RELIANCE,0.3445729911237372,1381.5898803710938,1331.5939678955078
2025-10-03,1356.926091696157,1365.287456651113,1350.6551591113212,1357.125244140625,12842347,RELIANCE,-0.38722179717254335,1380.7183129882812,1332.0698345947267
2025-10-06,1353.740909090909,1371.0608538471567,1352.7455113636363,1368.671875,12396580,RELIANCE,0.8508154209957652,1379.843701171875,1332.6259893798829
2025-10-07,1369.667209612737,1389.47564777439,1369.5676941462978,1378.4267578125,11244040,RELIANCE,0.712726183001311,1379.5944702148438,1333.3449346923828
2025-10-08,1378.426755451918,1382.6073771032557,1358.2201339506064,1361.1068115234375,8525081,RELIANCE,-1.2565010212474692,1379.2209228515626,1333.9378704833985
2025-10-09,1367.676424553763,1373.6488106871855,1362.7989515764332,1371.458984375,8826633,RELIANCE,0.7605702038898432,1379.1357153320312,1334.695591430664
2025-10-10,1371.45898859096,1381.6119964455866,1368.7713419175536,1375.3409423828125,6373084,RELIANCE,0.28305316105254885,1378.5431982421876,1335.5973950195312
2025-10-13,1370.5631549835205,1371.3594002602317,1361.505059967041,1368.671875,7600682,RELIANCE,-0.48490284679943985,1377.9561010742189,1336.381580810547
2025-10-14,1373.6488553790207,1381.612037149334,1363.7943936365562,1369.5677490234375,9768174,RELIANCE,0.06545571950453688,1377.7815161132812,1337.1680157470703
2025-10-15,1376.6350089791804,1377.6304066718624,1366.382364141153,1367.97509765625,10882743,RELIANCE,-0.1162886150263942,1377.5056762695312,1337.9772216796875
2025-10-16,1368.7713249510273,1394.0544503152107,1368.671809484766,1391.8646240234375,12315932,RELIANCE,1.7463421964418302,1377.3546752929688,1338.8835675048829
2025-10-17,1394.5522084059296,1416.7496262080865,1392.6609284325848,1410.279541015625,19335561,RELIANCE,1.3230393728203227,1377.9645825195312,1339.933295288086
2025-10-20,1433.3726108781723,1467.0170999313523,1426.7034952504036,1460.04931640625,24721978,RELIANCE,3.5290716445324666,1379.5480712890626,1341.2083258056641
2025-10-21,1461.2438272093502,1467.2162134241023,1453.2806455896807,1458.4566650390625,2066169,RELIANCE,-0.10908202546936474,1381.1671264648437,1342.4466412353515
2025-10-23,1468.2115624957596,1476.0752283864208,1437.9514490416038,1441.7340087890625,18707090,RELIANCE,-1.14659946029676,1382.880029296875,1343.49947265625
2025-10-24,1443.3266994671071,1453.0816457634617,1434.3681199531734,1444.9193115234375,9700837,RELIANCE,0.2209355342217556,1384.2917895507812,1344.521880493164
2025-10-27,1456.266786847925,1478.16553552233,1451.289798512833,1477.2696533203125,14113867,RELIANCE,2.2389029988648,1386.4655615234376,1345.8703717041017
2025-10-28,1477.26972256393,1485.1333888036675,1470.79963742504,1480.056884765625,17631577,RELIANCE,0.18867452120525652,1388.6514575195313,1347.1195275878906
2025-10-29,1483.1425015536738,1501.3583271895798,1481.2512217130793,1497.277099609375,11884745,RELIANCE,1.163483310742941,1391.247451171875,1348.3325891113282
2025-10-30,1493.0964871305005,1496.1821955688695,1477.1701246011085,1481.6494140625,9318663,RELIANCE,-1.0437403705000348,1393.3736206054687,1349.5208026123046
2025-10-31,1483.540795005222,1490.6080945575152,1475.4780977270138,1479.5592041015625,8758053,RELIANCE,-0.1410731810844834,1394.6935205078125,1350.762264404297
2025-11-03,1479.1610089962214,1488.1195884585134,1472.4918928888083,1477.866943359375,8452085,RELIANCE,-0.11437600722541408,1396.1209204101563,1352.0054272460939
2025-11-04,1477.07065615293,1485.9297198935935,1463.334119430687,1466.3203125,10007806,RELIANCE,-0.7813038184024901,1397.0824731445311,1353.1963098144531
2025-11-06,1477.1701896475465,1494.6891648996161,1469.406038969176,1489.2144775390625,16772678,RELIANCE,1.5613345081491259,1398.8124755859376,1354.4349896240235
2025-11-07,1487.7213309001133,1491.5038906434634,1469.1074431042953,1471.19775390625,7821765,RELIANCE,-1.2098138921255441,1400.1144555664061,1355.5129455566407
2025-11-10,1471.0982430243503,1494.0919049344996,1468.7092643110286,1482.44580078125,7068438,RELIANCE,0.7645503023053557,1402.1928466796876,1356.4691784667968
2025-11-11,1490.1103850249956,1491.9021495222175,1473.3876547459602,1486.5269775390625,7127506,RELIANCE,0.27530023395538894,1404.3329516601561,1357.4304498291015
2025-11-12,1498.0734942427068,1517.6827797499902,1493.0965058897411,1504.5435791015625,12384459,RELIANCE,1.211992909292925,1407.4047485351562,1358.639194946289
2025-11-13,1508.0275174062697,1515.0948167835015,1499.8653048593553,1503.9464111328125,7196443,RELIANCE,-0.039690971869799085,1410.5302978515624,1359.828099975586
2025-11-14,1498.5711928131457,1513.900341239272,1498.5711928131457,1511.9095458984375,7682823,RELIANCE,0.5294826136542197,1413.5642700195312,1361.1234948730469
2025-11-17,1513.900387650411,1516.6874283079178,1504.5436249599409,1511.3123779296875,5871416,RELIANCE,-0.03949759893837612,1416.4648608398438,1362.5019104003907
2025-11-18,1514.696568271851,1520.7685911952462,1503.5481631005248,1512.4072265625,11045042,RELIANCE,0.072443569496361,1419.6521240234374,1363.9698254394532
2025-11-19,1510.4164493928117,1515.2939222795571,1505.0412776708577,1511.9095458984375,5692366,RELIANCE,-0.03290652512906167,1422.5168774414062,1365.4102172851562
2025-11-20,1522.9585089376258,1543.7623455509595,1519.6736478639639,1541.9705810546875,18171724,RELIANCE,1.9882826481121718,1425.913173828125,1366.9954620361327
2025-11-21,1533.9078528560988,1550.6305827884978,1533.0119706260582,1539.4820556640625,9615271,RELIANCE,-0.1613860485537244,1429.3054907226563,1368.481265258789
2025-11-24,1542.8663816107544,1542.8663816107544,1524.7501927010492,1528.831298828125,18433951,RELIANCE,-0.6918402716518335,1432.4688647460937,1369.854080810547
2025-11-25,1528.8313312270848,1552.4222077972818,1518.0809876078647,1532.61376953125,15033482,RELIANCE,0.24740929270772316,1435.5824658203126,1371.2482873535157
2025-11-26,1535.2018536795324,1564.3669320995493,1533.4100892950657,1562.6748046875,14054299,RELIANCE,1.9614227507197768,1439.064365234375,1372.885498046875
2025-11-27,1567.7513003642512,1568.2489991897637,1548.8387449947777,1556.2047119140625,9794643,RELIANCE,-0.41403961681787393,1442.331259765625,1374.2955413818358
2025-11-28,1560.7835875199362,1574.0224254817672,1555.806599039324,1560.285888671875,8959508,RELIANCE,0.2622519213936192,1445.5603295898438,1375.7606909179688
2025-12-01,1567.7513979315313,1570.2398922139623,1556.403839701944,1558.892333984375,8920233,RELIANCE,-0.08931406081523763,1448.5923095703124,1377.202265625
2025-12-02,1553.9152843475838,1560.2858537619331,1534.9032130787248,1539.1834716796875,11389150,RELIANCE,-1.2642863060538412,1451.2062255859375,1378.618910522461
2025-12-03,1538.0884656023031,1545.2554018922647,1525.9446623591427,1531.718017578125,6090883,RELIANCE,-0.48502691452472213,1453.8221313476563,1380.0629193115235
2025-12-04,1528.9308982335338,1553.3181423785347,1510.6155558800758,1528.53271484375,11867930,RELIANCE,-0.2079562098127874,1456.7087866210939,1381.5841967773438
2025-12-05,1523.356635808528,1538.685784402705,1513.6016899280953,1533.5096435546875,10183266,RELIANCE,0.3256017134998901,1459.7109033203126,1383.2210754394532
2025-12-08,1532.1161217020071,1543.861863398969,1527.9354998822807,1535.898681640625,11301491,RELIANCE,0.1557889183141814,1462.8961767578126,1384.8721301269532
2025-12-09,1533.211064854301,1535.4008911036892,1513.1039592099478,1522.3612060546875,11503971,RELIANCE,-0.8814042063944538,1466.0217236328126,1386.4497967529296
2025-12-10,1526.9401045329791,1540.3779737710465,1524.3520947592017,1529.8267822265625,7991629,RELIANCE,0.4903945359473916,1469.1930615234376,1388.0268688964843
2025-12-11,1529.826707449835,1542.8663926602953,1516.9860531705099,1537.889404296875,4706197,RELIANCE,0.5270284298839245,1472.6212109375,1389.6417749023437
2025-12-12,1543.6628294631555,1552.62140892391,1538.9843872841,1549.3365478515625,5106655,RELIANCE,0.7443411420030577,1476.4534936523437,1391.3037548828124
2025-12-15,1544.060853330096,1551.4268205626304,1539.3825327747268,1549.037841796875,5774543,RELIANCE,-0.019279610688960336,1480.1862353515626,1392.9367291259766
2025-12-16,1537.8894294536826,1544.5585453663573,1531.7180123854912,1535.201904296875,11731856,RELIANCE,-0.8931955777110256,1483.7477685546876,1394.524566040039
2025-12-17,1542.8664391614582,1542.8664391614582,1532.2157323461342,1537.292236328125,7116649,RELIANCE,0.13616007284771303,1487.12017578125,1396.190272216797
2025-12-18,1528.1345045583196,1544.3595357154854,1528.1345045583196,1537.292236328125,6580829,RELIANCE,0.0,1490.2974853515625,1397.9082769775391
2025-12-19,1547.2461442463334,1566.9549449740825,1543.8617679066683,1557.8968505859375,13937275,RELIANCE,1.3403186310904314,1494.2332861328125,1399.7139373779296
2025-12-22,1566.2582562309594,1570.2398469681211,1558.0960438231807,1568.1495361328125,10184852,RELIANCE,0.658110679344337,1498.1670971679687,1401.6055615234375
2025-12-23,1573.6241984599117,1573.6241984599117,1560.8830596994947,1563.4710693359375,7506564,RELIANCE,-0.2983431547231463,1501.9296997070312,1403.6168084716796
2025-12-24,1565.4619535362338,1568.448146711295,1546.4498812900458,1551.0286865234375,8815745,RELIANCE,-0.7958179116025921,1505.5768359375,1405.6121929931642
2025-12-26,1547.5447581940155,1553.8158123179846,1547.1466963201515,1552.0240478515625,2311495,RELIANCE,0.06417426942348925,1509.2259619140625,1407.5446405029297
2025-12-29,1547.7439417510202,1550.9291658570105,1536.495898892566,1538.4866943359375,5972105,RELIANCE,-0.8722386443924313,1512.6361938476562,1409.2408569335937
2025-12-30,1539.8801935176687,1546.449793829553,1530.7225835687998,1532.71337890625,8815884,RELIANCE,-0.37525936694431383,1515.4531689453124,1410.7089276123047
2025-12-31,1533.9078900841737,1569.7422080874378,1533.9078900841737,1563.172607421875,5771830,RELIANCE,1.9872749161595316,1518.5110302734374,1412.3858068847655
2023-01-02,2877.3842299429016,2882.546136946802,2854.6192334296225,2877.78125,709547,TCS,0.0,0.0,0.0
2023-01-03,2869.4429764459805,2929.443629089992,2863.531190519576,2921.811279296875,1245178,TCS,1.5299991719966544,0.0,0.0
2023-01-04,2917.708161297688,2935.9290769595705,2899.6197292688294,2924.722900390625,1231668,TCS,0.0996512373807601,0.0,0.0
2023-01-05,2938.4438163122472,2944.708676788832,2895.8698218927307,2921.5908203125,1826057,TCS,-0.1070898059336356,0.0,0.0
2023-01-06,2911.7963885995287,2913.1640936237372,2823.560134399543,2833.75146484375,2488376,TCS,-3.006559127241315,0.0,0.0
2023-01-09,2849.148585709542,2935.6201129314486,2842.221953738348,2929.3994140625,2885060,TCS,3.37531185798694,0.0,0.0
2023-01-10,2898.5611652366442,2910.031879132558,2850.119544259817,2899.79638671875,3864655,TCS,-1.0105493706881186,0.0,0.0
2023-01-11,2903.0608113950348,2955.4730552710416,2886.3398704670703,2937.119873046875,2720512,TCS,1.2871071396277634,0.0,0.0
2023-01-12,2937.3849869866353,2955.914600902742,2925.5172535387624,2942.105712890625,2250391,TCS,0.16975268491774553,0.0,0.0
2023-01-13,2949.6495136518442,2981.502886054615,2916.208061086269,2977.576416015625,1742837,TCS,1.2056229988469669,0.0,0.0
2023-01-16,2993.323916583658,3025.8110015993384,2976.2231200624447,3008.710205078125,1843607,TCS,1.0456083979923925,0.0,0.0
2023-01-17,3005.0549468178974,3051.800290054043,2996.9331766913624,3048.73193359375,1688475,TCS,1.330195525247868,0.0,0.0
2023-01-18,3050.1762493662427,3076.3012356043387,3043.1825020489086,3059.200439453125,2421189,TCS,0.3433724606622057,0.0,0.0
2023-01-19,3050.176310188505,3056.4932433752856,3033.030348681528,3043.94970703125,1585044,TCS,-0.4985202089144991,0.0,0.0
2023-01-20,3036.6398008661617,3063.3964349074176,3028.157150767711,3034.92529296875,1529349,TCS,-0.2964705376588328,0.0,0.0
2023-01-23,3057.395670541336,3085.3706604429835,3028.1573821258276,3081.670654296875,1067916,TCS,1.5402475123991843,0.0,0.0
2023-01-24,3090.78528655422,3115.1054362054274,3083.8367038420397,3100.982666015625,1387863,TCS,0.6266734471388924,0.0,0.0
2023-01-25,3091.055568934269,3099.8089883897333,3072.7364208055433,3095.0712890625,874110,TCS,-0.19062915178176265,0.0,0.0
2023-01-27,3091.6878990980385,3109.736281462884,3052.2522276942846,3078.19677734375,1785879,TCS,-0.545205914267044,0.0,0.0
2023-01-30,3086.272889450756,3120.9708549193124,3055.1845998762938,3098.5908203125,1953798,TCS,0.6625321395582917,0.0,0.0
2023-01-31,3112.4428172521584,3112.4428172521584,3024.005764167,3030.954345703125,2820375,TCS,-2.1828140122920003,0.0,0.0
2023-02-01,3034.83473656795,3085.3701945661082,3027.615385425356,3075.759521484375,2205161,TCS,1.4782530738138178,0.0,0.0
2023-02-02,3092.5897637316407,3130.491359902265,3086.363161059032,3122.73046875,1813847,TCS,1.52713328000873,0.0,0.0
2023-02-03,3162.076591434319,3162.076591434319,3115.9628863490348,3142.494140625,1804469,TCS,0.6328971415490603,0.0,0.0
2023-02-06,3134.236594271582,3134.236594271582,3101.4789594399563,3122.32470703125,1138714,TCS,-0.6418288369421932,0.0,0.0
2023-02-07,3130.4011068970385,3152.149492409252,3123.632964557196,3133.695068359375,1455647,TCS,0.3641633204426009,0.0,0.0
2023-02-08,3138.658461421749,3194.4729446376878,3138.658461421749,3176.605224609375,1986946,TCS,1.3693149880235511,0.0,0.0
2023-02-09,3172.0029459457633,3201.421894965321,3163.249525265047,3195.33056640625,1655427,TCS,0.5894765157410387,0.0,0.0
2023-02-10,3176.5150407476153,3196.6841945451315,3165.821286929602,3192.3525390625,1187821,TCS,-0.09319935079828978,0.0,0.0
2023-02-13,3202.6849319015614,3202.6849319015614,3134.461969485681,3142.583740234375,1087939,TCS,-1.5590007124570482,0.0,0.0
2023-02-14,3162.9786498154,3180.8917554026953,3153.954459659008,3158.556884765625,1579818,TCS,0.5082806331219158,0.0,0.0
2023-02-15,3146.7350075745903,3181.929348066534,3122.504969647513,3177.101318359375,1429449,TCS,0.5871172902787825,0.0,0.0
2023-02-16,3183.0123357780853,3226.148009166878,3182.8318960368056,3210.85205078125,1618931,TCS,1.0623121216450038,0.0,0.0
2023-02-17,3182.0646250812088,3193.570467173406,3149.442266805479,3159.504150390625,1061369,TCS,-1.5991985796458996,0.0,0.0
2023-02-20,3160.271129596154,3178.319508405955,3135.9509832133717,3147.005615234375,1296082,TCS,-0.3955853374873586,0.0,0.0
2023-02-21,3153.05231202799,3166.498268391457,3108.6081716824324,3114.248291015625,1139541,TCS,-1.0409045366863934,0.0,0.0
2023-02-22,3081.7158621873755,3110.638436535389,3063.712646370074,3069.62353515625,1218430,TCS,-1.4329222235784478,0.0,0.0
2023-02-23,3087.175351151494,3115.5112191854573,3075.443904333321,3080.677978515625,1441570,TCS,0.36012374914282663,0.0,0.0
2023-02-24,3088.5289980581183,3098.861651446193,3052.2517986673643,3068.630615234375,977592,TCS,-0.3910620767658024,0.0,0.0
2023-02-27,3059.1999337888974,3059.1999337888974,2992.420938184066,3006.724365234375,1128022,TCS,-2.0173900922666688,0.0,0.0
2023-02-28,3003.700890693009,3061.0044828693667,2977.891625617454,2989.578125,4116217,TCS,-0.5702631219752119,0.0,0.0
2023-03-01,2998.738199575175,3058.297850845702,2991.5188479060203,3055.31982421875,1669307,TCS,2.199029310155587,0.0,0.0
2023-03-02,3033.0300687433623,3041.0615092127086,2994.22605417747,2997.33935546875,1556538,TCS,-1.8976890173789118,0.0,0.0
2023-03-03,3026.7127943672813,3030.322469733253,3006.047491023933,3016.01904296875,1043190,TCS,0.6232089625059833,0.0,0.0
2023-03-06,3033.841801236338,3072.690976248651,3031.2248747347967,3042.821044921875,1334132,TCS,0.8886549312614012,0.0,0.0
2023-03-08,3035.7372636633854,3064.6146692630373,3005.8221644268447,3059.56103515625,1844590,TCS,0.5501470506230399,0.0,0.0
2023-03-09,3054.6884491786423,3054.6884491786423,3005.82254630904,3011.237060546875,1648500,TCS,-1.5794414314374672,0.0,0.0
2023-03-10,2989.623405611254,3011.597393364564,2968.958101481584,3005.957275390625,1024404,TCS,-0.17533608447589666,0.0,0.0
2023-03-13,3007.762131470913,3040.971190367257,2952.714579709819,2961.693603515625,1901233,TCS,-1.4725316370056474,0.0,0.0
2023-03-14,2959.934582962972,2981.9535203922965,2896.223707775991,2901.232177734375,2670334,TCS,-2.041447694301679,3047.6839794921875,0.0
2023-03-15,2932.8617458363906,2942.2018705999863,2880.521443910695,2886.748046875,1780522,TCS,-0.49924066644972953,3047.8633154296876,0.0
2023-03-16,2894.960227384223,2905.608815924938,2862.4731425382656,2874.20458984375,1901060,TCS,-0.4345185941955987,3046.911181640625,0.0
2023-03-17,2843.0710795687405,2907.0524989935184,2837.2053560273353,2869.060791015625,6739966,TCS,-0.17896425488641565,3045.797939453125,0.0
2023-03-20,2860.3523392948427,2860.3523392948427,2793.0320130478685,2836.57373046875,2289468,TCS,-1.1323238827356752,3044.09759765625,0.0
2023-03-21,2836.5736038648693,2848.7110949967246,2795.197605797223,2803.003662109375,1815297,TCS,-1.1834724406697306,3043.4826416015626,0.0
2023-03-22,2824.616398697249,2836.753889168361,2803.003509518878,2825.293212890625,1123939,TCS,0.7952023424927068,3041.400517578125,0.0
2023-03-23,2810.9445796742175,2839.3258306983194,2798.4010449295647,2819.7431640625,1372218,TCS,-0.1964415163283717,3039.799453125,0.0
2023-03-24,2841.6271470449155,2860.668276380488,2802.9134594440998,2815.99853515625,1329577,TCS,-0.13280035408810287,3037.3770263671877,0.0
2023-03-27,2829.083234491425,2845.1011698701245,2802.913086548761,2817.62255859375,1524217,TCS,0.05767131684284443,3034.88736328125,0.0
2023-03-28,2821.864106617975,2842.2136983642395,2806.6582589143677,2811.84716796875,1303530,TCS,-0.20497389216965756,3031.5727783203124,0.0
2023-03-29,2823.6686802623394,2842.619476774167,2801.1985382394446,2832.6025390625,1740616,TCS,0.7381400856414144,3028.050625,0.0
2023-03-31,2878.6711597054764,2899.47195965751,2844.4244061128143,2893.064697265625,2382581,TCS,2.1345090731697214,3024.9372802734374,0.0
2023-04-03,2910.256278083939,2910.256278083939,2864.052466678619,2887.740966796875,1521830,TCS,-0.18401698633915275,3021.5080908203126,0.0
2023-04-05,2874.6555889687143,2945.8114118907883,2874.6555889687143,2923.656982421875,2655065,TCS,1.2437409046711867,3019.102236328125,0.0
2023-04-06,2910.301588759904,2939.4949346840967,2901.277397787005,2906.421142578125,1703464,TCS,-0.5895301653845997,3016.5321533203123,0.0
2023-04-10,2905.7894456494955,2952.715237939487,2901.277350236996,2944.954345703125,2203187,TCS,1.325795582770195,3013.7978271484376,0.0
2023-04-11,2945.4957273871946,2953.572333679193,2880.6568316583844,2900.1943359375,2348779,TCS,-1.5198880699435202,3009.782060546875,0.0
2023-04-12,2912.9635630873936,2942.7433920921726,2886.838575342086,2925.32666015625,2417727,TCS,0.8665737984287825,3006.38716796875,0.0
2023-04-13,2896.7647832987404,2914.8131620108825,2869.6922152305283,2877.6787109375,4174070,TCS,-1.6288078137641215,3002.376806640625,0.0
2023-04-17,2828.2715566379666,2854.7122578378658,2770.6520137188445,2833.14453125,5505048,TCS,-1.5475730323275538,2997.067880859375,0.0
2023-04-18,2847.086786804494,2848.801515098883,2807.064636248936,2825.248291015625,2617302,TCS,-0.27870940388950993,2992.953759765625,0.0
2023-04-19,2825.2479750497077,2833.595349886156,2771.7796551513784,2788.113525390625,3298034,TCS,-1.3143894553653834,2987.20083984375,0.0
2023-04-20,2788.4744781128575,2809.230113386837,2777.6454510133904,2801.830322265625,2419999,TCS,0.4919741161930613,2980.7828369140625,0.0
2023-04-21,2806.5227991505576,2855.659464544931,2798.2205892743714,2852.410888671875,1929184,TCS,1.805268720389508,2974.981171875,0.0
2023-04-24,2843.612712906917,2870.5497889454005,2821.097181701511,2865.0,1640676,TCS,0.4413498552442663,2969.834677734375,0.0
2023-04-25,2872.3999413939505,2879.7997338116465,2840.3640639451646,2866.0830078125,2024090,TCS,0.037801319808017375,2964.4824365234376,0.0
2023-04-26,2870.5946482272543,2895.3208390571563,2870.5946482272543,2886.071044921875,2000029,TCS,0.6973991002664937,2958.6717529296875,0.0
2023-04-27,2874.2048510615423,2887.0191582964057,2861.255048770553,2876.866943359375,2434446,TCS,-0.3189145873139454,2952.30248046875,0.0
2023-04-28,2888.101618768192,2912.331656535757,2884.3566681237626,2905.1123046875,2931312,TCS,0.981809791145305,2946.55767578125,0.0
2023-05-02,2919.3251374002,2919.3251374002,2896.7646649318835,2905.247314453125,2321159,TCS,0.004647316573858085,2941.810947265625,0.0
2023-05-03,2902.1789705386695,2902.1789705386695,2863.5102353696716,2869.6015625,2468285,TCS,-1.2269438052930348,2936.0318408203125,0.0
2023-05-04,2869.828004119587,2909.805214192962,2867.887891187279,2906.421142578125,1953253,TCS,1.283090327217673,2930.6182373046877,0.0
2023-05-05,2905.788985628069,2927.447040179334,2896.809961242115,2915.44482421875,1710027,TCS,0.31047398838492946,2924.7100927734373,0.0
2023-05-08,2928.349442012585,2937.238356642924,2915.9863466752167,2933.403076171875,928235,TCS,0.6159695358987749,2920.1880712890625,0.0
2023-05-09,2935.207649500147,2976.1773773009786,2929.251596943292,2962.86669921875,1107375,TCS,1.0044178137743387,2916.50529296875,0.0
2023-05-10,2968.9584975056696,2983.8484109430083,2947.3456066100516,2966.07080078125,1559987,TCS,0.1081419411593787,2913.5417431640626,0.0
2023-05-11,2986.1045506418404,2986.7361998952592,2952.715046751315,2961.87451171875,1719623,TCS,-0.14147636197338054,2911.3867626953124,0.0
2023-05-12,2959.1671272317485,2968.9584613481547,2941.8858917917887,2954.79052734375,1027479,TCS,-0.23917233316171904,2908.869013671875,0.0
2023-05-15,2963.5436844116543,2970.7630356526083,2931.372538570999,2937.418701171875,1150390,TCS,-0.587920734519598,2906.244775390625,0.0
2023-05-16,2938.4563916534416,2964.4461001565937,2933.267482954537,2940.216064453125,986306,TCS,0.09523202395811392,2904.914609375,0.0
2023-05-17,2938.2310945607733,2959.93431554151,2886.161562402632,2895.591796875,1588815,TCS,-1.517720691265767,2903.0348828125,0.0
2023-05-18,2911.1584719986504,2913.865728945654,2883.228648558824,2887.60546875,1369364,TCS,-0.2758098753290805,2899.680595703125,0.0
2023-05-19,2896.764912019686,2918.8741769245094,2890.4931442019483,2908.361083984375,1152449,TCS,0.7187829313593852,2897.9010302734373,0.0
2023-05-22,2914.813188789529,2985.6079108748772,2903.126907529479,2976.809326171875,1333243,TCS,2.3534987648001326,2897.1168359375,0.0
2023-05-23,2983.397162487744,3003.2052151323046,2969.048788762343,2975.320556640625,1687418,TCS,-0.05001225702166989,2895.766826171875,0.0
2023-05-24,2956.324611866416,2993.5042301988665,2956.324611866416,2981.005859375,1016555,TCS,0.191082023807021,2894.19572265625,0.0
2023-05-25,2972.567908676655,2983.3969356663692,2948.2929279682253,2972.11669921875,1374917,TCS,-0.298193313786832,2893.4133154296874,0.0
2023-05-26,2972.1169557498865,3012.861085188572,2969.860908265637,3004.0625,1791115,TCS,1.0748501493782925,2893.375419921875,0.0
2023-05-29,3032.849232977015,3042.956279759773,2988.811150226681,2996.346435546875,1210372,TCS,-0.25685432487256854,2894.0684765625,0.0
2023-05-30,2991.5191919697595,3002.3030557024185,2979.2012598943925,2992.60205078125,1344224,TCS,-0.12496501476610966,2895.8958740234375,0.0
2023-05-31,2986.1042492714746,3002.9794392550057,2946.5330909329136,2968.507080078125,5815424,TCS,-0.8051511792834143,2897.5310546875,0.0
2023-06-01,2990.6159485818102,3014.0788377378535,2975.72603815586,2999.64013671875,1177314,TCS,1.048778251180904,2900.039765625,0.0
2023-06-02,3001.671241441304,3010.379496788302,2975.6815298082374,2983.036376953125,2030661,TCS,-0.5535250566352068,2902.31927734375,0.0
2023-06-05,2991.518798732182,3002.347826057909,2964.491395428479,2967.965576171875,1861468,TCS,-0.5052167951315245,2904.9471142578127,0.0
2023-06-06,2959.9342573409676,2967.920753448757,2906.330658002561,2916.888916015625,2022849,TCS,-1.720931690256644,2907.2248193359374,0.0
2023-06-07,2935.5686573495286,2958.896273847872,2924.739630639355,2955.33154296875,1567196,TCS,1.3179324979449847,2909.8255859375,0.0
2023-06-08,2942.7882185183284,2950.9099891306146,2917.520487724549,2920.6337890625,1759366,TCS,-1.1740731421082673,2911.8433984375,0.0
2023-06-09,2928.349367716642,2932.8614622739865,2892.568546003746,2896.133056640625,1775689,TCS,-0.8388840981580103,2913.4460888671874,0.0
2023-06-12,2901.2771305591828,2936.8323515906563,2897.6674545025,2930.064208984375,2324605,TCS,1.1716019837537672,2915.694921875,0.0
2023-06-13,2941.88549693874,2946.3975912591977,2922.9347007928154,2927.176025390625,1371928,TCS,-0.09857065878945415,2918.0014990234376,0.0
2023-06-14,2927.176702001411,2938.141225924814,2911.0686537442966,2933.8095703125,1658544,TCS,0.2266192693686664,2920.0256396484374,0.0
2023-06-15,2950.401406942202,2952.3559488348933,2918.3090542596706,2924.03662109375,2273810,TCS,-0.33311464103339405,2920.645078125,0.0
2023-06-16,2906.4895735209416,2908.6713974620043,2869.2152311642453,2886.397705078125,4156189,TCS,-1.2872245082055755,2920.618212890625,0.0
2023-06-19,2900.1257053530403,2922.7629614182097,2886.488750625675,2918.671875,1468186,TCS,1.1181470199028487,2920.5185107421876,0.0
2023-06-20,2921.9448612962487,2938.76377229002,2910.171667991738,2934.39990234375,1528452,TCS,0.5388761744158144,2921.0780859375,0.0
2023-06-21,2954.673593600641,2965.0375906543964,2930.9907039438817,2962.12841796875,1645987,TCS,0.9449467198677564,2921.4215673828126,0.0
2023-06-22,2963.7650532654006,2970.7198119240816,2936.5821435529915,2944.21875,1529603,TCS,-0.60462159101905,2922.3020556640627,0.0
2023-06-23,2943.1275340242505,2954.127877366656,2917.5353831715756,2924.081298828125,1119505,TCS,-0.6839658626545675,2922.2771484375,0.0
2023-06-26,2913.7633478828543,2921.8545208154455,2884.6711709305137,2899.80810546875,1978803,TCS,-0.8301134913418107,2922.719736328125,0.0
2023-06-27,2911.035472947951,2917.9902315635795,2893.1256488765357,2906.80810546875,863542,TCS,0.24139528359821139,2924.1930078125,0.0
2023-06-28,2916.4906939251964,2937.355194866222,2903.2172996157037,2923.263671875,1575872,TCS,0.5661043250598796,2926.1533154296876,0.0
2023-06-30,2927.3998078961313,3009.2215416572035,2922.036027465169,3002.17578125,2672406,TCS,2.6994523324810116,2930.434560546875,0.0
2023-07-03,3013.13049275471,3017.2215789622455,2971.719564640637,2974.947021484375,1687264,TCS,-0.906967537866421,2933.89689453125,0.0
2023-07-04,2991.0388296361334,3013.7670882199945,2979.4929186666623,3008.176025390625,1656681,TCS,1.116961198511368,2937.012197265625,0.0
2023-07-05,3018.312834894104,3026.495008241709,3004.6758793147633,3018.267333984375,1453008,TCS,0.33546270260031985,2940.0775439453123,0.0
2023-07-06,3006.084827429316,3025.9946921480014,3001.948240187536,3020.948974609375,1848238,TCS,0.08884702142868406,2943.17486328125,0.0
2023-07-07,3001.948608480936,3051.859779118901,3001.948608480936,3026.722412109375,1789326,TCS,0.19111337359634106,2945.987890625,0.0
2023-07-10,3022.631527699752,3022.631527699752,2968.492763863689,2974.62939453125,1407431,TCS,-1.7211032425606732,2947.9431396484374,0.0
2023-07-11,2995.5842749230624,2995.5842749230624,2964.4920637140776,2975.037841796875,1110172,TCS,0.013731030372254871,2949.341650390625,0.0
2023-07-12,2982.810819949394,2990.265643534798,2954.764285186682,2963.673583984375,1515240,TCS,-0.3819870003951342,2950.51017578125,0.0
2023-07-13,2985.5842369007783,3061.4511244735218,2975.3565198894707,3036.99560546875,4585146,TCS,2.474024868346003,2953.858056640625,0.0
2023-07-14,3059.223633971811,3204.548209497131,3047.4049393977743,3195.27490234375,6306101,TCS,5.211706483538703,2959.6351318359375,0.0
2023-07-17,3191.047775615765,3227.3219906075915,3161.0919726546085,3174.41064453125,2743228,TCS,-0.6529722308774133,2964.8144482421876,0.0
2023-07-18,3160.1375582293717,3203.7758214040005,3150.1371229185193,3179.093017578125,2600090,TCS,0.14750369662921425,2969.7282470703126,0.0
2023-07-19,3181.9561925165294,3197.2751275399046,3132.5448697161914,3154.727783203125,2405370,TCS,-0.7664209332749139,2973.56546875,0.0
2023-07-20,3147.481366184457,3170.997743413203,3131.9403423330245,3156.778564453125,1715404,TCS,0.06500659933066366,2977.3796240234374,0.0
2023-07-21,3102.772940548675,3130.892412746542,3061.755687476042,3070.18701171875,3770223,TCS,-2.7430353750319547,2979.5458740234376,0.0
2023-07-24,3081.7630924388072,3111.3410462610273,3073.6508799072253,3094.296142578125,1680132,TCS,0.7852658736211104,2982.335986328125,0.0
2023-07-25,3096.8027636160755,3105.2797075197404,3081.033863241791,3098.306640625,1272980,TCS,0.12960938003605538,2985.5537451171876,0.0
2023-07-26,3099.3998108666033,3118.0854444919646,3085.408283992545,3088.416259765625,1066803,TCS,-0.3192189155744707,2988.5177490234373,0.0
2023-07-27,3094.4780014441108,3109.699914070163,3085.454295510359,3096.25537109375,1701769,TCS,0.2538230170022526,2992.5310205078126,0.0
2023-07-28,3085.408792220562,3093.3387496319633,3036.1880906607657,3058.428466796875,2599831,TCS,-1.2216984635706196,2995.94748046875,0.0
2023-07-31,3066.6317666989726,3123.3722948817326,3063.4415361987367,3118.632568359375,2743678,TCS,1.9684652499181166,3000.15291015625,0.0
2023-08-01,3112.7532591629024,3153.7705056233212,3112.7532591629024,3146.524169921875,1956167,TCS,0.8943535652605972,3003.54720703125,0.0
2023-08-02,3130.9380706417523,3141.3746384347655,3111.477796074465,3136.133544921875,1914899,TCS,-0.3302254945099614,3006.763466796875,0.0
2023-08-03,3117.310662388398,3129.387962469289,3069.912956410563,3099.03515625,2026351,TCS,-1.1829339580243903,3009.124052734375,0.0
2023-08-04,3100.2208356691253,3163.7975804799803,3100.2208356691253,3138.777099609375,2248493,TCS,1.2823973061172111,3012.4572607421874,0.0
2023-08-07,3148.256794055095,3179.293230331388,3136.6808569030645,3175.69287109375,1853889,TCS,1.1761195622641996,3015.8898681640626,0.0
2023-08-08,3175.691927520392,3181.0696551602423,3150.6714521754197,3163.432373046875,1634225,TCS,-0.3860731671653239,3019.2315869140625,0.0
2023-08-09,3158.2373025425936,3160.1515300654332,3121.9143791043803,3156.0498046875,1794589,TCS,-0.2333720936245065,3022.5005419921877,0.0
2023-08-10,3144.656039836463,3158.237218937404,3126.4717689822373,3137.455322265625,1096701,TCS,-0.5891694863071506,3025.8795068359377,0.0
2023-08-11,3133.8090658955844,3159.8320536556635,3111.8419612799826,3143.56201171875,1679974,TCS,0.19463829205113026,3028.7579443359373,0.0
2023-08-14,3136.1787356940604,3149.213150112812,3109.107396536846,3144.51904296875,1190425,TCS,0.03044416640842762,3031.98759765625,0.0
2023-08-16,3144.655548093036,3159.2394578812937,3131.165387032337,3152.31201171875,1328445,TCS,0.24782704901804564,3035.6745263671874,0.0
2023-08-17,3149.213505497685,3154.5002181176783,3111.112990794358,3131.667236328125,1843241,TCS,-0.654909010081417,3039.9700927734375,0.0
2023-08-18,3108.1962872876197,3108.1962872876197,3059.431330874163,3069.09326171875,2526749,TCS,-1.9981042009668548,3042.2453271484374,0.0
2023-08-21,3076.293965445594,3107.96839960833,3073.5594819207536,3100.585205078125,1375579,TCS,1.0260992636548005,3045.84435546875,0.0
2023-08-22,3099.081055570498,3109.1074942796968,3067.224369814653,3082.810791015625,1222012,TCS,-0.5732599779354253,3049.57791015625,0.0
2023-08-23,3088.143265662933,3100.9041882483175,3077.2053320183186,3097.486083984375,1330046,TCS,0.4760361229926513,3052.92634765625,0.0
2023-08-24,3106.3730455778173,3110.9761369975763,3079.1194508870794,3087.915283203125,1152881,TCS,-0.3089860784439402,3056.1411328125,0.0
2023-08-25,3076.2939171345733,3086.138102175971,3053.73442840892,3082.036376953125,1158046,TCS,-0.19038431144723367,3059.1056689453126,0.0
2023-08-28,3093.612685230047,3093.612685230047,3062.7131071750428,3076.795654296875,1037485,TCS,-0.17004090851876486,3062.160849609375,0.0
2023-08-29,3081.8084975473785,3089.556200731551,3067.178966440109,3077.342041015625,944517,TCS,0.017758303772530404,3065.979736328125,0.0
2023-08-30,3097.2581115677926,3106.464294438142,3083.6313141767887,3090.83203125,1188200,TCS,0.43836499337990276,3069.422939453125,0.0
2023-08-31,3099.9925997056025,3114.941019553153,3047.7183044022304,3059.70458984375,3417652,TCS,-1.0070893886026333,3071.929033203125,0.0
2023-09-01,3068.0906309950083,3089.0550054789314,3059.7049257080084,3080.122314453125,1277950,TCS,0.6673103239165146,3074.2889111328127,0.0
2023-09-04,3079.028080349797,3129.023637156642,3071.7817443830672,3115.943603515625,1828332,TCS,1.162982680733582,3077.723408203125,0.0
2023-09-05,3117.310934204945,3141.9212836855104,3103.775152977507,3125.83349609375,1501842,TCS,0.3173963921223155,3081.7584521484373,0.0
2023-09-06,3130.0721774776193,3139.0958842003674,3097.3496132666887,3126.3349609375,1314818,TCS,0.016042596138809984,3086.2889892578123,0.0
2023-09-07,3127.15492515693,3153.770516220787,3119.4072230217057,3149.44091796875,1885092,TCS,0.7390749014405396,3091.1416455078124,0.0
2023-09-08,3149.441245179643,3158.3283161992513,3131.029101522507,3137.272705078125,1518917,TCS,-0.38636104653371195,3095.421826171875,0.0
2023-09-11,3155.5937353709564,3177.1961089834826,3140.098329969077,3172.593017578125,1783604,TCS,1.125828572148957,3098.8301708984377,0.0
2023-09-12,3182.938880368982,3272.174105327243,3174.7354296463814,3263.879638671875,4476016,TCS,2.8773505012450684,3104.6088232421876,0.0
2023-09-13,3255.0380406666054,3271.2170677568156,3231.247945622234,3252.07568359375,1754929,TCS,-0.3616541167225207,3109.48681640625,0.0
2023-09-14,3254.081009523971,3279.283743631725,3231.79501333232,3244.966064453125,2604721,TCS,-0.21861788692347783,3114.020791015625,0.0
2023-09-15,3252.075604550965,3288.0796357921176,3247.153400937542,3279.83056640625,2952897,TCS,1.0744180758944566,3119.1984228515626,0.0
2023-09-18,3263.195724267092,3298.971881144957,3258.820506435336,3286.985595703125,1395753,TCS,0.21815240610782993,3124.4036865234375,0.0
2023-09-20,3263.1507839912865,3304.1680424492774,3263.1507839912865,3286.895263671875,1649396,TCS,-0.0027481724096389826,3130.64900390625,0.0
2023-09-21,3270.943558229628,3285.937597907689,3215.752523000923,3267.981201171875,2004073,TCS,-0.57543855166442,3136.50787109375,0.0
2023-09-22,3266.7967391458988,3312.1435967833177,3249.523960492089,3284.70751953125,1989083,TCS,0.511824191442023,3142.9285498046875,0.0
2023-09-25,3283.658719154224,3299.6098718496296,3243.689598958607,3260.55224609375,1238778,TCS,-0.7353858233608346,3147.3996826171874,0.0
2023-09-26,3251.847786603666,3276.7770270409974,3223.0444721045315,3268.345703125,1726062,TCS,0.23902260853470025,3148.8610986328126,0.0
2023-09-27,3272.264954709884,3294.1408207023737,3241.000651722388,3271.626953125,1541134,TCS,0.10039482655896936,3150.8054248046874,0.0
2023-09-28,3281.380300372871,3283.932529557507,3215.160311935428,3223.728271484375,1755753,TCS,-1.4640630587443026,3151.6981298828123,0.0
2023-09-29,3224.1377902043046,3252.6219888175337,3195.2890828619466,3216.299072265625,2243791,TCS,-0.2304536422770287,3152.9295556640627,0.0
2023-10-03,3221.404005246326,3221.404005246326,3172.0922834404655,3202.855224609375,1948148,TCS,-0.4179912176755396,3153.8510888671876,0.0
2023-10-04,3177.7430606044213,3233.982222159653,3169.539610773689,3224.639404296875,1788138,TCS,0.6801487472839707,3156.94013671875,0.0
2023-10-05,3239.450948709078,3303.255553776505,3236.898719999821,3271.67236328125,2990768,TCS,1.4585494093293905,3160.4876611328127,0.0
2023-10-06,3273.176643439127,3313.2367809094894,3258.638351141779,3300.885986328125,2075691,TCS,0.8929263019960887,3164.539248046875,0.0
2023-10-09,3322.4426612483003,3353.3878511934968,3309.6361205989633,3316.335693359375,4233074,TCS,0.4680472786773304,3169.09763671875,0.0
2023-10-10,3317.8857096422857,3325.1320466518578,3282.6109158249983,3307.722412109375,1848148,TCS,-0.2597228400987084,3173.3269775390627,0.0
2023-10-11,3326.9545791162677,3326.9545791162677,3285.9373308805875,3290.403564453125,2426417,TCS,-0.5235883033245736,3177.9664794921873,0.0
2023-10-12,3258.592598284596,3271.0344082830998,3224.9585427168286,3229.0146484375,4241281,TCS,-1.8656956453251383,3180.17412109375,0.0
2023-10-13,3217.575421151711,3260.4156604701616,3213.0179488837907,3254.81005859375,2890357,TCS,0.7988632126129325,3182.3398388671876,0.0
2023-10-16,3250.389000692715,3258.27333816753,3207.640002736549,3212.15185546875,1671104,TCS,-1.3106203544003603,3183.860205078125,0.0
2023-10-17,3217.575000468156,3221.3576129428398,3193.283765469241,3196.65625,1672065,TCS,-0.4824057568252438,3185.812626953125,0.0
2023-10-18,3200.256633189991,3210.921072479593,3175.64628596808,3178.608642578125,1408245,TCS,-0.564577671492672,3186.6092578125,0.0
2023-10-19,3170.6127629599455,3177.3296712861907,3154.5288620352453,3157.955810546875,1514545,TCS,-0.6497444118977458,3186.2545166015625,0.0
2023-10-20,3153.1583821122936,3198.0286547963883,3147.3555492799665,3193.505126953125,1481211,TCS,1.1257065816919543,3186.8559716796876,0.0
2023-10-23,3173.811234327899,3179.2486146541296,3108.288023694424,3116.37548828125,1106272,TCS,-2.4152032204646345,3186.0624853515624,3038.035720214844
2023-10-25,3098.418430452583,3129.9463572629693,3086.2641415822154,3098.052978515625,1518537,TCS,-0.5879429431570271,3185.2744384765624,3039.137078857422
2023-10-26,3077.9024700555783,3083.065649974906,3043.1303207181386,3049.298828125,1984471,TCS,-1.5737029266034264,3183.3891748046876,3039.7745166015625
2023-10-27,3061.407763117545,3072.3739998809515,3049.5276732905218,3062.27587890625,1108851,TCS,0.4255749112404894,3181.7443115234373,3040.462281494141
2023-10-30,3061.407257455826,3091.427414880595,3046.5571476248833,3087.497802734375,910972,TCS,0.8236332984189909,3180.44802734375,3041.29181640625
2023-10-31,3106.1860427295915,3106.1860427295915,3061.4529873832034,3078.5419921875,999811,TCS,-0.2900669447908122,3179.3855224609374,3042.5157690429687
2023-11-01,3065.9765288100825,3081.14657643751,3025.767000563393,3043.72412109375,1563475,TCS,-1.1309857452686423,3178.8781396484374,3043.087392578125
2023-11-02,3055.1929592139313,3085.121641576822,3055.1929592139313,3070.63720703125,1245384,TCS,0.8842156800935363,3178.2791796875,3043.9415966796873
2023-11-03,3090.65015927537,3096.041801533921,3056.1979534521793,3062.229248046875,1402598,TCS,-0.27381805200308307,3177.867548828125,3044.5671435546874
2023-11-06,3084.254029322443,3100.063731635219,3069.63238059084,3089.0517578125,1099852,TCS,0.8759144921214768,3177.6988623046873,3045.301873779297
2023-11-07,3086.9948483064154,3110.892010478965,3076.028614387032,3080.09521484375,1191144,TCS,-0.2899447361507601,3177.5424609375,3045.8144677734376
2023-11-08,3081.009741283504,3108.8822585891467,3079.273509776776,3090.23974609375,992899,TCS,0.3293577159923844,3177.7065283203124,3046.2221154785157
2023-11-09,3098.0526178451532,3099.3319225842024,3054.1419440386553,3059.07666015625,2112352,TCS,-1.0084358657574066,3177.3521484375,3046.273839111328
2023-11-10,3050.441034374945,3059.076899811592,3036.139325479398,3046.282958984375,1338557,TCS,-0.4182210056553948,3176.730966796875,3046.2092517089845
2023-11-13,3066.8905352612105,3066.8905352612105,3040.388799408238,3044.546875,1030990,TCS,-0.05699024049143908,3175.805263671875,3046.212237548828
2023-11-15,3091.6556611078686,3118.9797720354964,3066.9358969333903,3111.029296875,2059802,TCS,2.1836557164192083,3176.8317578125,3046.5927575683595
2023-11-16,3134.5609961485866,3225.3066282942846,3120.076339309424,3196.520263671875,3951984,TCS,2.7479961980027,3179.159716796875,3047.1670056152343
2023-11-17,3196.520287698974,3220.874376961997,3191.6768229615204,3200.723876953125,2021292,TCS,0.13150591688793067,3180.855322265625,3047.665711669922
2023-11-20,3190.4896363015096,3229.4653817843614,3190.4896363015096,3216.3974609375,1475621,TCS,0.4896887262669791,3182.6666015625,3048.272342529297
2023-11-21,3216.396992381275,3234.171387970376,3199.39923794906,3207.806640625,1807236,TCS,-0.2670944874454628,3184.29603515625,3048.9203918457033
2023-11-22,3198.4855071691995,3228.322718442621,3181.213774673943,3226.0380859375,1798051,TCS,0.5683461428631409,3185.827978515625,3049.557628173828
2023-11-23,3225.9009601530765,3238.694901638103,3198.485371256592,3206.024658203125,2729804,TCS,-0.6203717129569797,3187.203017578125,3050.432979736328
2023-11-24,3193.230799217134,3202.643529603171,3155.5343635105573,3159.28125,1989733,TCS,-1.4579865467823083,3186.9367822265626,3050.850588378906
2023-11-28,3159.2809411434473,3181.350399374295,3137.25699707058,3171.20654296875,1689195,TCS,0.3774685450606885,3185.0833203125,3051.09296875
2023-11-29,3181.122097340804,3214.934656261117,3176.37010665481,3211.05078125,1441634,TCS,1.2564378176373792,3184.262822265625,3051.435751953125
2023-11-30,3197.982097856411,3213.7003212055524,3181.1215585210157,3187.153076171875,3266235,TCS,-0.744233171822406,3183.1065625,3051.759893798828
2023-12-01,3198.485050944408,3213.9748124979737,3189.3922594927312,3209.13134765625,1172141,TCS,0.6895894536315561,3181.692578125,3052.1370751953127
2023-12-04,3239.2883209770407,3242.167091235693,3196.657176012086,3209.8623046875,1625213,TCS,0.022777410833740852,3180.1501123046874,3052.303360595703
2023-12-05,3233.2116065096975,3233.2116065096975,3201.044028590681,3227.363037109375,1377656,TCS,0.5452175439525142,3178.9594677734376,3052.4635229492187
2023-12-06,3228.2771864947563,3301.6138895051217,3221.4688031800893,3293.61767578125,1896572,TCS,2.0529031878364856,3179.472197265625,3052.9698486328125
2023-12-07,3294.4397617823906,3317.788748405097,3282.2854733793333,3303.48681640625,1967653,TCS,0.29964439095557793,3179.847783203125,3053.774364013672
2023-12-08,3320.027581556413,3330.993816342727,3291.7438789584367,3314.270263671875,1641155,TCS,0.3264262237121951,3180.9221435546874,3054.552930908203
2023-12-11,3310.797648664154,3338.304710750083,3303.5782998526,3329.07470703125,1102503,TCS,0.44668787339547933,3182.1367236328124,3055.3127978515627
2023-12-12,3325.464920258755,3379.793429797475,3318.199834425044,3355.75927734375,2236866,TCS,0.8015611742247852,3183.8193701171876,3056.037333984375
2023-12-13,3329.6689659326335,3335.5632728478577,3256.058066070388,3283.976318359375,3850968,TCS,-2.1390973860674123,3185.0243310546875,3056.6596948242186
2023-12-14,3317.285885226711,3361.150822552023,3315.0927276038888,3351.326904296875,3290396,TCS,2.050885250328105,3187.7248876953126,3057.681301269531
2023-12-15,3350.8243262846063,3560.325100013102,3350.8243262846063,3528.385986328125,8531230,TCS,5.283253084151096,3194.2355029296873,3059.751989746094
2023-12-18,3525.7363506427123,3590.528439137833,3500.19398079059,3526.741455078125,2521612,TCS,-0.04660859827616548,3200.2775439453126,3062.0375793457033
2023-12-19,3513.764812005255,3522.9948166196496,3463.502896618964,3487.44580078125,2004435,TCS,-1.1142198768297473,3204.5930126953126,3064.071418457031
2023-12-20,3497.543479836221,3562.9296988605265,3442.072653930527,3454.40966796875,2586083,TCS,-0.9472873472356036,3207.663486328125,3066.000313720703
2023-12-21,3432.660113142662,3478.763949441548,3420.871499435154,3461.218017578125,1517562,TCS,0.19709155148868174,3210.5611328125,3068.2727819824217
2023-12-22,3472.6410167486597,3514.6325128426206,3437.9146065811733,3494.573486328125,2413058,TCS,0.9636916420924901,3214.298154296875,3070.7977587890623
2023-12-26,3490.7808875582864,3503.711816102494,3463.6392795100446,3468.57421875,1285231,TCS,-0.7439897223464387,3217.8615673828126,3072.864030761719
2023-12-27,3471.7267729294217,3489.2727019955805,3443.3973362458705,3482.875732421875,1293976,TCS,0.41231678407125383,3222.9387890625,3075.2917126464845
2023-12-28,3494.5735047759663,3507.367445431527,3465.421686382815,3472.549560546875,1682889,TCS,-0.29648407432038004,3227.2935791015625,3077.574365234375
2023-12-29,3465.3303142807017,3493.2943032121766,3441.0217370731516,3466.609619140625,1574996,TCS,-0.17105418663382332,3232.382734375,3079.6933081054685
2024-01-01,3463.5022836894645,3501.884103192092,3447.966785319353,3482.78466796875,825907,TCS,0.46659562527073817,3238.105302734375,3081.8094262695313
2024-01-02,3482.7849604684966,3482.7849604684966,3442.7124205931514,3457.288330078125,1344068,TCS,-0.7320675930704401,3243.678896484375,3084.0396826171873
2024-01-03,3442.4837365673884,3446.916012198502,3369.4212447573177,3373.71630859375,1803075,TCS,-2.4172708060622328,3247.9941064453124,3085.878477783203
2024-01-04,3382.8548848897744,3398.6188470061647,3336.4768514169155,3350.915771484375,3598144,TCS,-0.675828523319999,3251.1423193359374,3087.824588623047
2024-01-05,3358.409607550091,3424.8924099852666,3358.2726188503784,3415.890869140625,1963127,TCS,1.9390250930559016,3257.132626953125,3090.397882080078
2024-01-08,3415.891042086117,3417.5817593808756,3356.0336705400387,3361.425537109375,1067805,TCS,-1.594469323457992,3262.400078125,3092.77126953125
2024-01-09,3390.348920468523,3429.096421850745,3365.4921632868704,3372.026123046875,1370944,TCS,0.3153598323232698,3268.8546240234373,3095.260377197266
2024-01-10,3372.11752875156,3407.986258562806,3370.289822773917,3393.181884765625,1292227,TCS,0.6273902083425709,3275.472744140625,3097.880982666016
2024-01-11,3403.188605468219,3447.9674029085904,3387.6531043154373,3413.74365234375,1777909,TCS,0.6059730446646983,3281.9976611328125,3100.7668322753907
2024-01-12,3516.505979741258,3568.824058571868,3492.3803522837784,3548.30810546875,6813450,TCS,3.9418441110132374,3291.3929833984375,3104.4933544921873
2024-01-15,3618.85751219593,3623.4267767315314,3550.3185441619166,3567.4990234375,2801505,TCS,0.5408470008332333,3301.8684814453127,3108.2043835449217
2024-01-16,3563.1126115927123,3563.1126115927123,3523.405745987789,3528.660400390625,1432672,TCS,-1.0886792902174869,3311.0289453125,3111.7489697265623
2024-01-17,3490.0045245140536,3573.1194082779125,3484.1102174250937,3549.953369140625,3458696,TCS,0.6034292432233634,3320.783427734375,3115.4187438964846
2024-01-18,3562.198531252639,3572.06818699225,3529.299827526345,3566.40234375,2239110,TCS,0.46335748385779585,3330.330439453125,3119.1626428222658
2024-01-19,3630.2658185854475,3647.3359347309056,3602.705290319906,3628.471435546875,2941975,TCS,1.7403838887008583,3341.2979638671877,3123.2457641601563
2024-01-23,3588.8559304230384,3620.051280568456,3536.173365803367,3550.436767578125,2618854,TCS,-2.1506209806220755,3350.501904296875,3126.8349353027343
2024-01-24,3570.451409769425,3573.8101208438484,3501.98717363284,3535.299072265625,2657709,TCS,-0.42636149587944594,3360.0263525390624,3130.0461071777345
2024-01-25,3533.550617096936,3552.9673375818998,3477.2332310375527,3506.312255859375,2205154,TCS,-0.8199254380952148,3369.2269384765623,3133.138963623047
2024-01-29,3497.5699073043315,3515.2380746842937,3479.2115753809107,3497.75390625,1646747,TCS,-0.24408406852736153,3378.2910791015624,3136.0094482421873
2024-01-30,3503.6895122527035,3540.820457055553,3484.871069366822,3497.340087890625,1411621,TCS,-0.011830974118431925,3386.017294921875,3138.96404296875
2024-01-31,3507.140432085803,3528.12148113154,3493.5671947757637,3511.511474609375,2459358,TCS,0.40520470879619186,3392.317119140625,3141.7968286132814
2024-02-01,3515.2384129880293,3593.3649569612444,3501.481176697016,3546.663818359375,2363107,TCS,1.0010601988396095,3399.23591796875,3145.029176025391
2024-02-02,3565.895953088856,3666.52180184148,3563.089239204935,3649.865966796875,2826510,TCS,2.9098373492089102,3407.9052880859376,3148.651872558594
2024-02-05,3665.234434230392,3701.12299635316,3646.0019356759444,3656.308349609375,1691523,TCS,0.17651012040187375,3416.875322265625,3152.545020751953
2024-02-06,3678.1175581380526,3818.8190381100667,3671.6760212586514,3806.028076171875,4474396,TCS,4.094833155373645,3428.4751220703124,3157.4094384765626
2024-02-07,3821.6716355150297,3823.512074540079,3748.92823811736,3757.624267578125,2124267,TCS,-1.2717669871325499,3439.5071142578126,3162.071318359375
2024-02-08,3763.6980125639025,3826.2729428461384,3760.0631902227506,3804.27978515625,2345173,TCS,1.2416227450062545,3452.4070849609375,3167.152149658203
2024-02-09,3806.533398655103,3850.8881536905233,3772.8995591447865,3803.9111328125,2100596,TCS,-0.00969046349293956,3465.0611767578125,3172.1625537109376
2024-02-12,3800.506836908833,3827.7454261378275,3778.007288616118,3791.948974609375,1013716,TCS,-0.31446997012993805,3476.679140625,3176.860244140625
2024-02-13,3796.3198278378054,3837.3154280400877,3755.8759998910355,3818.450927734375,1257415,TCS,0.6989005733583298,3489.30509765625,3181.6274987792967
2024-02-14,3779.3413678448446,3786.6110118014235,3726.4287482560744,3772.991943359375,1391283,TCS,-1.190508539597035,3500.5823095703126,3186.1620434570314
2024-02-15,3798.6657441778602,3815.505579737829,3757.255870513131,3775.844482421875,1091582,TCS,0.07560416521747992,3511.901953125,3190.610910644531
2024-02-16,3785.092284604716,3817.0240761446466,3772.991489879223,3798.94140625,1307556,TCS,0.6117022016041807,3523.3335205078124,3195.2212829589844
2024-02-19,3794.110954472966,3798.942107006786,3731.49019516973,3776.396728515625,772291,TCS,-0.593446313683188,3532.9891015625,3199.577705078125
2024-02-20,3756.4282382838423,3771.059638965151,3690.0803202172415,3709.082763671875,1193648,TCS,-1.7824918747403107,3541.1010205078123,3203.5968823242188
2024-02-21,3692.8406262355356,3739.1737650742916,3663.0256061355944,3673.055908203125,1885939,TCS,-0.9713144128680629,3548.2767333984375,3207.614154052734
2024-02-22,3654.1917205441428,3768.2528853223134,3654.1917205441428,3761.029296875,2982052,TCS,2.39510072458744,3556.9158251953127,3211.8871948242186
2024-02-23,3800.5065425299695,3800.5065425299695,3723.5761023123614,3728.821533203125,2538072,TCS,-0.856355032879863,3564.3770703125,3215.9540783691405
2024-02-26,3714.0058645493514,3726.888937419443,3665.0041766684662,3681.84423828125,1379284,TCS,-1.259842942430145,3572.3344287109376,3219.6962841796876
2024-02-27,3679.957925356637,3794.985367384539,3679.957925356637,3776.948974609375,2960475,TCS,2.5830733233984216,3580.8468701171873,3223.7666955566406
2024-02-28,3768.8506776946274,3823.419508575245,3762.777139768197,3790.337890625,1939225,TCS,0.3544902540551176,3586.085908203125,3227.8880310058594
2024-02-29,3771.979390861673,3807.96005993707,3740.277876873748,3768.390625,3772719,TCS,-0.5790319031789837,3590.9188916015623,3231.9206115722654
2024-03-01,3779.5255936695676,3809.708612609149,3760.752981650241,3767.70068359375,2043265,TCS,-0.01830864883467509,3596.5239892578124,3235.9851623535155
2024-03-04,3777.500781504877,3789.371522353806,3750.722306075315,3755.139404296875,1749271,TCS,-0.3333937685541799,3602.538583984375,3240.0737658691405
2024-03-05,3737.9313106921068,3739.7717495452293,3662.473317714078,3692.012451171875,2070859,TCS,-1.6810814813630115,3607.15447265625,3243.8327478027345
2024-03-06,3675.4024369976914,3747.1334961978687,3642.6425356235145,3740.0478515625,1744204,TCS,1.3010627950449605,3612.0639599609376,3248.0550280761718
2024-03-07,3740.6918212833148,3794.984765306861,3715.5697869974592,3780.8134765625,2688905,TCS,1.0899760275251413,3618.3087451171873,3252.5210681152344
2024-03-11,3762.777145723229,3821.671187622541,3762.777145723229,3793.466552734375,2304068,TCS,0.33466544304054935,3624.5205615234377,3256.9465954589846
2024-03-12,3793.4667885423355,3892.482492505704,3792.270233646347,3857.7900390625,4039801,TCS,1.695638683877676,3632.22537109375,3261.3514990234376
2024-03-13,3869.522767451965,3902.6506674824695,3802.2546361359555,3817.990478515625,2837260,TCS,-1.0316673573180446,3639.25298828125,3265.5648486328123
2024-03-14,3822.086214963553,3887.92774653845,3760.017224226297,3871.916015625,2919608,TCS,1.4124062753121391,3647.035615234375,3270.0193994140627
2024-03-15,3858.1122273965675,3900.8103208022567,3843.7567138454883,3882.635986328125,3373143,TCS,0.2768647527442436,3655.542568359375,3274.5719958496093
2024-03-18,3878.9554465113024,3915.3041186273567,3789.326152475134,3821.211669921875,1526904,TCS,-1.5820261446744643,3664.4924755859374,3278.6577416992186
2024-03-19,3728.0391998604628,3734.250681402964,3650.142710085243,3659.989013671875,8931209,TCS,-4.219150106732927,3670.6739404296877,3281.9759545898437
2024-03-20,3667.994768950826,3697.441791681991,3644.2530619412323,3654.099365234375,1817913,TCS,-0.16091983925359266,3675.4381103515625,3285.2834411621093
2024-03-21,3671.721682393882,3688.6075746001366,3633.0264093675964,3655.98583984375,3829582,TCS,0.05162625371721852,3681.32931640625,3288.7208349609373
2024-03-22,3586.095026445395,3623.824022104687,3547.4458113797787,3598.885986328125,5852485,TCS,-1.5618182349980136,3685.866513671875,3291.7170642089845
2024-03-26,3565.8503303060525,3631.8300192271254,3562.583506361182,3568.15087890625,3440925,TCS,-0.8540172580802863,3689.3658935546873,3294.64263671875
2024-03-27,3578.2737319961457,3584.255159090906,3523.8886665462896,3534.47119140625,1968575,TCS,-0.943897515632075,3691.7804443359373,3297.475164794922
2024-03-28,3542.9374116432614,3602.6595711179307,3534.103214017475,3567.047119140625,4311783,TCS,0.9216634107410693,3692.155224609375,3300.725955810547
2024-04-01,3586.7395487458493,3619.499453254275,3577.8595203158884,3604.269775390625,1569676,TCS,1.0435145655986577,3692.8906396484376,3303.970646972656
2024-04-02,3579.653802211397,3597.9202488822098,3564.0100709420926,3573.948486328125,2142666,TCS,-0.8412602538669267,3693.7964013671876,3307.237220458984
2024-04-03,3543.7651451703696,3663.3936751293795,3543.7651451703696,3632.38232421875,3973090,TCS,1.6349938482370208,3695.44498046875,3310.918466796875
2024-04-04,3658.700160709349,3707.241733238287,3621.2933325972463,3683.914306640625,3394637,TCS,1.4186827768180699,3697.7952197265627,3314.6877172851564
2024-04-05,3660.6334169539646,3682.7186864378496,3644.529574621965,3661.78369140625,1636819,TCS,-0.6007364284908112,3698.46146484375,3318.360755615234
2024-04-08,3665.2339237190768,3710.9227277310406,3644.068877210029,3655.61767578125,2302538,TCS,-0.16838830866692245,3700.5650830078125,3321.969796142578
2024-04-09,3666.1540659059356,3695.4631434716894,3611.907177559117,3631.69189453125,1876992,TCS,-0.6544935322014167,3702.492939453125,3325.5080725097655
2024-04-10,3640.756483645732,3671.8599489060657,3605.4201433160924,3666.752685546875,2101965,TCS,0.9654120457856186,3705.701748046875,3329.4098474121092
2024-04-12,3654.191918795021,3693.163307517169,3630.7263197194047,3682.16650390625,4354821,TCS,0.42036700266507854,3709.39,3333.2273205566407
2024-04-15,3682.166211852168,3739.9560412971437,3606.3862709398386,3626.76904296875,4200329,TCS,-1.5044800629936517,3711.9785791015624,3336.6891662597654
2024-04-16,3590.6965366993572,3615.2663527431537,3554.670032660961,3563.826171875,3051420,TCS,-1.7355081161227526,3713.024873046875,3339.697655029297
2024-04-18,3567.5072338688656,3621.9841868688504,3542.8453047370613,3553.887939453125,3476284,TCS,-0.27886411801747446,3713.16935546875,3342.7460009765623
2024-04-19,3531.8027277109695,3545.191967455498,3497.662491624287,3520.944091796875,2957749,TCS,-0.9269804849648566,3710.59091796875,3345.730314941406
2024-04-22,3530.8823684558647,3568.6113695261515,3507.8768799983727,3556.280517578125,1728883,TCS,1.0036065572179176,3708.590361328125,3349.0126770019533
2024-04-23,3567.7368242988855,3584.254718312047,3552.599259445536,3565.57421875,1807586,TCS,0.2613320610097558,3703.7812841796876,3352.3065075683594
2024-04-24,3579.653877353025,3587.0156333989953,3519.3334438187635,3525.406982421875,1317312,TCS,-1.1265292450484021,3699.1369384765626,3355.3172241210937
2024-04-25,3507.1403866301107,3564.6080473941747,3506.9563876693583,3544.869384765625,2856271,TCS,0.5520611504088002,3693.94873046875,3358.030692138672
2024-04-26,3547.5841971159175,3567.507084546707,3499.1807851009403,3516.48095703125,2039178,TCS,-0.8008314172696096,3688.200126953125,3360.7383618164063
2024-04-29,3531.802085484041,3568.426862829934,3514.5019156929066,3561.43310546875,1110693,TCS,1.278327651614819,3683.5898095703124,3363.504647216797
2024-04-30,3563.089785398555,3572.0619252249066,3506.036178297648,3515.83642578125,2203078,TCS,-1.2802902184933407,3677.53751953125,3365.9924926757812
2024-05-02,3476.635273211625,3562.261741296734,3476.635273211625,3555.083984375,2491044,TCS,1.1163078664852444,3673.1793603515625,3368.6631677246096
2024-05-03,3579.7917453667596,3582.966682325397,3494.625611625741,3536.771484375,2962234,TCS,-0.5151073808800422,3668.397900390625,3371.2134130859376
2024-05-06,3545.605343342577,3625.6183751303724,3545.605343342577,3608.226318359375,2053831,TCS,2.0203407062077128,3664.5835986328125,3374.381397705078
2024-05-07,3617.1990864707095,3669.835600298666,3601.2792431717226,3661.507568359375,2062112,TCS,1.476660422570908,3662.2858154296873,3377.8137463378907
2024-05-08,3644.9892925462136,3666.4304509643703,3624.3764664424393,3659.666748046875,1247685,TCS,-0.05027492851324977,3661.2974951171873,3381.293712158203
2024-05-09,3645.9098580917957,3654.191834044049,3598.1044973888866,3644.25341796875,1726486,TCS,-0.4211675854461583,3660.7214453125,3384.3300012207033
2024-05-10,3646.461687676862,3656.584101641413,3575.0986242941894,3583.242431640625,1672489,TCS,-1.6741696948762597,3657.1657080078126,3386.2698388671874
2024-05-13,3574.592350714021,3639.467820073099,3561.249169072792,3632.84228515625,931326,TCS,1.3842170732755843,3655.246123046875,3388.5619970703124
2024-05-14,3621.983888045264,3631.0020839186186,3582.322338430397,3589.960205078125,1058317,TCS,-1.1804002682236026,3653.4084423828126,3390.6163330078125
2024-05-15,3592.9969594097643,3613.6558418017335,3566.310594491623,3570.819580078125,1115021,TCS,-0.533170951948847,3649.2858544921874,3392.6967919921876
2024-05-16,3606.6906515489186,3623.745662755798,3562.5697543936335,3615.820556640625,2599399,TCS,1.2602422372041344,3645.7955078125,3394.992001953125
2024-05-17,3632.5515570276343,3633.4784647992665,3550.0567653523444,3553.857177734375,2765804,TCS,-1.713674059196646,3641.5048388671876,3397.410352783203
2024-05-21,3550.613121462056,3563.728776359017,3531.5651208470945,3540.97314453125,1908117,TCS,-0.3625366062498525,3636.9702880859377,3399.6437377929688
2024-05-22,3554.691612227725,3560.4847863024115,3538.517115470372,3551.910888671875,1311168,TCS,0.3088909091987224,3632.9057177734376,3401.911759033203
2024-05-23,3560.206480963538,3619.574971009692,3545.8858006651926,3608.869140625,2095742,TCS,1.6035946209906893,3631.2428515625,3404.5140234375
2024-05-24,3594.7799452001173,3599.9243284199265,3563.311472664004,3568.13134765625,1309452,TCS,-1.1288243319815927,3627.804521484375,3406.8734033203127
2024-05-27,3573.229711889253,3622.680335515065,3560.577510431646,3565.86083984375,1841538,TCS,-0.0636329661460322,3623.50546875,3409.410565185547
2024-05-28,3576.0100306264594,3587.132923412234,3550.0566141263193,3559.23291015625,1801993,TCS,-0.18587179884984595,3618.8207958984376,3411.6135668945312
2024-05-29,3567.57539103945,3567.57539103945,3522.2496895007944,3525.6328125,1568095,TCS,-0.9440263816501648,3612.1776513671875,3413.5091101074217
2024-05-30,3500.930948347214,3517.0590544137885,3443.8797249385125,3463.0205078125,2919230,TCS,-1.7759167791243202,3605.078251953125,3415.143544921875
2024-05-31,3466.6348590080306,3475.718599887057,3386.689068476094,3402.6318359375,10956800,TCS,-1.7438150232943928,3595.692568359375,3416.6615283203123
2024-06-03,3459.961773430714,3477.3412961491067,3425.851518249575,3432.200927734375,2156773,TCS,0.8690064991626612,3586.6838671875,3418.1286474609374
2024-06-04,3429.5585424903265,3471.2693896287224,3328.989055501083,3443.462158203125,3395997,TCS,0.32810522186368374,3579.128876953125,3419.4674938964845
2024-06-05,3444.389229413079,3507.2336206771465,3429.5587052821297,3472.613525390625,2799670,TCS,0.846571440259769,3575.3813671875,3421.013399658203
2024-06-06,3504.6383361596722,3559.233114194575,3468.0254786409455,3550.427490234375,4328036,TCS,2.240789661008913,3573.3079296875,3422.9852880859376
2024-06-07,3556.8232840964106,3628.8439736397468,3556.8232840964106,3609.33251953125,4552445,TCS,1.6590968118317173,3572.37486328125,3425.3446740722657
2024-06-10,3610.3057325626605,3620.4089366489284,3561.08683988795,3576.658935546875,1734661,TCS,-0.9052528080349398,3571.930322265625,3427.510158691406
2024-06-11,3563.9603682346064,3596.355749469534,3560.2527371623205,3570.54150390625,1419898,TCS,-0.1710376010367276,3571.978134765625,3429.640270996094
2024-06-12,3591.211736958369,3608.915767675147,3547.6934580124953,3551.58642578125,2177001,TCS,-0.5308740454147531,3572.320439453125,3431.636643066406
2024-06-13,3574.898153664247,3605.6714482720763,3570.4489508339425,3594.6875,1932323,TCS,1.2135724448622653,3572.8732470703126,3433.951744384766
2024-06-14,3604.7446322415467,3604.7446322415467,3548.2032533352126,3551.957275390625,1860730,TCS,-1.1887048487351115,3571.8269970703127,3436.366064453125
2024-06-18,3546.395933901333,3561.1800693046816,3517.6617896669645,3536.246337890625,1774045,TCS,-0.4423177499586428,3571.0729541015626,3438.5443701171876
2024-06-19,3547.8781606822567,3553.6251694480566,3515.714508812201,3523.824951171875,1509050,TCS,-0.35125909034264824,3568.901806640625,3440.749440917969
2024-06-20,3518.542084048452,3531.4724028758133,3503.757949581445,3510.431640625,2846526,TCS,-0.3800787704400843,3565.4321533203124,3442.814168701172
2024-06-21,3547.2763639841855,3594.363328315842,3520.4424268191765,3532.214111328125,4642195,TCS,0.6205069043659472,3562.84076171875,3445.0356628417967
2024-06-24,3530.3601242080126,3575.083426076877,3514.185628169532,3537.82177734375,1702154,TCS,0.1587578170202386,3560.48484375,3447.31458984375
2024-06-25,3538.007518878769,3566.4171560139766,3515.6689475626763,3557.8896484375,1338808,TCS,0.567238045236329,3559.008798828125,3449.720059814453
2024-06-26,3563.4970839383795,3584.3061190627222,3560.2529065957383,3574.017578125,1639845,TCS,0.453300447207039,3557.1540966796874,3452.2034375
2024-06-27,3550.9837890347926,3653.8705550444147,3539.0267689087714,3646.59423828125,4526556,TCS,2.030674404078492,3556.4426513671874,3454.982248535156
2024-06-28,3631.4395370159273,3670.555002133022,3612.94777109011,3618.787109375,2731571,TCS,-0.7625506730180143,3556.2830126953127,3457.7776611328127
2024-07-01,3600.1101295040166,3709.207139405148,3600.1101295040166,3687.4248046875,2658723,TCS,1.8967044271458677,3558.7549853515625,3460.8141735839845
2024-07-02,3701.698567516881,3729.3202350916445,3691.4561924873765,3723.7587890625,2307449,TCS,0.985348483006665,3562.15240234375,3463.853249511719
2024-07-03,3726.1690969595234,3731.8233246647856,3665.920094147989,3675.4208984375,1821198,TCS,-1.2980940324861856,3565.2419384765626,3466.6011865234377
2024-07-04,3707.4919433847676,3751.520060191937,3691.03933131472,3727.049560546875,2518001,TCS,1.4047006733656886,3568.6573193359377,3469.6047595214845
2024-07-05,3716.900368316538,3732.4260743437953,3696.508396221036,3718.56884765625,1668616,TCS,-0.2275449454817724,3571.7172119140623,3472.450399169922
2024-07-08,3728.023360391662,3736.597257975855,3687.2858057778326,3701.328369140625,1758882,TCS,-0.46363209132167515,3575.2356396484374,3475.2706774902344
2024-07-09,3693.727708193667,3714.0732898340816,3684.551411180989,3694.191162109375,1305801,TCS,-0.19282825838300433,3578.2220751953123,3477.8786682128907
2024-07-10,3692.5226544204043,3710.6901382951037,3616.794330433944,3623.421630859375,2669716,TCS,-1.9156975950749278,3580.360888671875,3479.676378173828
2024-07-11,3643.6744309405326,3689.092911509367,3610.8619865173036,3636.907958984375,4872189,TCS,0.37219869777620485,3581.8703857421874,3481.6005395507814
2024-07-12,3689.0931958411575,3892.966755879167,3681.0291429084155,3878.13623046875,13509164,TCS,6.632784612776921,3589.1163818359373,3484.7663903808593
2024-07-15,3926.1042230243056,3930.0897462113467,3853.2025499745814,3864.46484375,4848030,TCS,-0.3525246640729174,3595.3039990234374,3487.689561767578
2024-07-16,3867.0595933422346,3887.961184556231,3841.9402998086507,3873.038330078125,2029521,TCS,0.22185442680351386,3602.0293359375,3490.619825439453
2024-07-18,3855.936374706022,4008.876158798929,3855.936374706022,4000.11669921875,5613364,TCS,3.2811028012227794,3609.8671435546876,3494.1859326171875
2024-07-19,4011.1260943754664,4049.5428404415234,3981.2568871814256,3997.190185546875,3903354,TCS,-0.07316070734753044,3616.5807958984374,3497.8319775390623
2024-07-22,3994.9142619649265,4013.4954737488206,3962.443412915425,3983.2080078125,1896386,TCS,-0.34980016174691597,3623.05162109375,3501.324479980469
2024-07-23,3979.1668723137213,4052.2841289170647,3963.651377579033,3997.144287109375,2365208,TCS,0.34987576017975197,3630.1094384765624,3505.007440185547
2024-07-24,3983.3474471890877,4031.287066378296,3965.3237617134737,4000.767333984375,1809793,TCS,0.09064088295946959,3638.4599365234376,3508.669548339844
2024-07-25,3990.315092493855,4034.909999231854,3970.990814364529,4015.8642578125,2810342,TCS,0.37735070719771,3646.1203759765626,3512.390734863281
2024-07-26,4041.4128530075227,4108.723462326797,4029.3813390339833,4076.577880859375,3552210,TCS,1.5118445034281836,3655.8527294921873,3516.6549829101564
2024-07-29,4101.8026818187545,4116.66765190009,4060.924014095079,4070.3076171875,1746803,TCS,-0.15381194362348305,3665.842490234375,3520.9250256347655
2024-07-30,4079.597869696845,4086.0082967599183,4020.3235344521822,4055.674560546875,1797906,TCS,-0.35950738904437785,3674.6395703125,3525.189122314453
2024-07-31,4041.4139618583135,4100.87384543508,4036.7686584538783,4074.25634765625,2330091,TCS,0.4581676076807595,3685.0475537109373,3529.43720703125
2024-08-01,4087.309509692771,4105.7977266989665,4055.3961842561653,4085.1728515625,2202244,TCS,0.2679385628871822,3695.9315478515623,3533.504709472656
2024-08-02,4055.349340765276,4086.0083392177967,3967.088587644382,3979.212646484375,2811282,TCS,-2.5937753169390954,3704.4775830078124,3536.8963427734375
2024-08-05,3938.2880347144414,3938.2880347144414,3818.903743027533,3860.293212890625,2787771,TCS,-2.988516678012043,3709.506064453125,3539.6161303710937
2024-08-06,3875.065586406783,3956.1723973259723,3865.6352581703713,3875.2978515625,2203067,TCS,0.3886916833615084,3715.64939453125,3542.4540075683594
2024-08-07,3928.06833926144,3943.8160983795406,3883.7519658026845,3902.472900390625,1237666,TCS,0.701237682083411,3722.3816357421874,3545.514354248047
2024-08-08,3884.402501608471,3931.7845938309133,3864.8922283404063,3876.5517578125,2441283,TCS,-0.6642235126227414,3728.7280126953124,3548.752039794922
2024-08-09,3917.848430860645,3951.898410084894,3907.210505857532,3928.764892578125,1302536,TCS,1.3468963663492595,3736.790654296875,3552.1218139648436
2024-08-12,3929.9262611677764,3938.2878064043034,3889.372857499192,3898.012939453125,936912,TCS,-0.7827384423815698,3745.4905029296874,3555.5511193847656
2024-08-13,3914.1324330562766,3933.642706280625,3886.2606141643496,3899.22119140625,1495593,TCS,0.030996612168632254,3755.4222900390623,3559.0639440917967
2024-08-14,3910.4163685993976,4000.7212473784566,3891.0453628588666,3990.5478515625,3226545,TCS,2.342176954657793,3766.589228515625,3563.1236401367187
2024-08-16,4041.413561593398,4112.951226936545,4018.280043659057,4102.77783203125,3457058,TCS,2.812395306193527,3779.7755419921873,3567.8477502441406
2024-08-19,4107.377235436386,4175.430929735349,4078.901616536801,4171.482421875,2055210,TCS,1.6745871372161325,3793.752919921875,3572.73763671875
2024-08-20,4185.417806867609,4241.161440255413,4180.772504085293,4202.41943359375,2212298,TCS,0.7416311179095025,3806.7927587890626,3578.1678564453123
2024-08-21,4197.496096539259,4236.516644581457,4173.851321089861,4228.61962890625,1896990,TCS,0.623455029335207,3819.1785009765626,3583.8206896972656
2024-08-22,4236.516374666815,4237.39916370202,4178.171549911448,4182.630859375,1829872,TCS,-1.0875598556294164,3831.297939453125,3589.4873498535158
2024-08-23,4180.772575829952,4186.346939264392,4138.964850071652,4147.2333984375,1809253,TCS,-0.8462965565837477,3842.83177734375,3594.912137451172
2024-08-26,4170.553269172667,4229.223358650871,4166.837026562577,4183.04931640625,1844164,TCS,0.863609894303119,3855.46103515625,3600.389895019531
2024-08-27,4185.417727677566,4190.063030371992,4168.50864441272,4178.12451171875,930697,TCS,-0.11773240798726992,3867.129775390625,3605.8878076171877
2024-08-28,4179.611593409034,4238.83920976465,4141.101848062617,4186.3935546875,1848058,TCS,0.19791279425869224,3879.8185009765625,3611.6011547851563
2024-08-29,4143.61019488178,4232.8000107357375,4143.61019488178,4191.7353515625,2133641,TCS,0.12759901345200664,3892.92828125,3617.2066455078125
2024-08-30,4180.772468175268,4266.47830377286,4169.437748026632,4230.70947265625,3637222,TCS,0.9297848701068867,3907.0659716796877,3623.0490466308593
2024-09-02,4251.380667040353,4262.529392565808,4191.920797571257,4200.32861328125,1216500,TCS,-0.7181031827251716,3920.8639111328125,3628.6054309082033
2024-09-03,4200.329136859027,4232.706988670382,4176.9633540945715,4192.24658203125,1717263,TCS,-0.19241426074247947,3934.064560546875,3634.1661877441406
2024-09-04,4159.357971016076,4168.694848446134,4121.9632824379705,4161.49462890625,1265505,TCS,-0.7335435195250373,3946.538017578125,3639.5224621582033
2024-09-05,4163.120774045665,4179.843865751271,4138.1754048562225,4158.42919921875,1688793,TCS,-0.07366174802214687,3958.54880859375,3645.0192248535154
2024-09-06,4156.570844055927,4198.378570967705,4125.029055295338,4140.5908203125,1649179,TCS,-0.4289691624328129,3969.8802734375,3650.4907641601562
2024-09-09,4138.96443998131,4171.713821913821,4116.202458212613,4133.90087890625,1184938,TCS,-0.16156972993880414,3979.62640625,3655.9375341796876
2024-09-10,4127.30496423786,4217.888362209953,4125.446843253818,4188.0654296875,1385591,TCS,1.310252770153042,3991.01197265625,3661.32271484375
2024-09-11,4200.700941634944,4226.621639858806,4154.061921274154,4161.58740234375,1325919,TCS,-0.6322257325794833,4000.495224609375,3666.148050537109
2024-09-12,4190.296089653868,4211.060687361837,4116.9465647505085,4197.2177734375,2742216,TCS,0.8561726007168202,4009.964404296875,3671.130520019531
2024-09-13,4208.644488913913,4224.43851900476,4185.417974074432,4201.76953125,1458786,TCS,0.1084470251056846,4020.491376953125,3676.0573803710936
2024-09-16,4205.857591838961,4223.556015887551,4175.616848928026,4193.0830078125,1155120,TCS,-0.20673488569269427,4029.8120458984376,3680.9837622070313
2024-09-17,4193.0829242332575,4214.033060161901,4149.184809090063,4186.02197265625,1699364,TCS,-0.16839721854048362,4039.1611083984376,3685.783681640625
2024-09-18,4178.031572295144,4178.031572295144,4014.4706436360752,4037.83642578125,2961779,TCS,-3.540008816078155,4045.89126953125,3689.9427404785156
2024-09-19,4078.6227421526683,4108.492406554244,3978.051921437468,3991.384033203125,2927551,TCS,-1.1504277954780484,4051.835126953125,3694.103254394531
2024-09-20,4010.6620715019503,4023.4833814320996,3927.604135103798,3980.93212890625,5447908,TCS,-0.2618616552536368,4058.9853369140624,3698.1518823242186
2024-09-23,3994.9602305588905,4003.69330870643,3951.294386178363,3965.69482421875,1702319,TCS,-0.3827572084653008,4065.56107421875,3701.9251025390627
2024-09-24,3950.0404365312907,3986.5990621222545,3939.216971195143,3968.29638671875,3012026,TCS,0.06560168180647086,4067.36427734375,3705.830819091797
2024-09-25,3950.691085610406,3985.298594296038,3939.2170960290077,3971.501953125,2713073,TCS,0.08077940994979382,4069.50501953125,3709.6426721191406
2024-09-26,3957.7979636084015,4010.5684216660406,3957.7979636084015,3987.992431640625,3964251,TCS,0.4152202041006081,4071.8041015625,3713.5333227539063
2024-09-27,4027.4778141813813,4067.4274211040574,3995.0069638417276,4003.043701171875,3012477,TCS,0.37741469647318837,4071.8626416015627,3717.4117260742187
2024-09-30,3982.7894470349006,3993.798904910472,3957.8440813783095,3965.69482421875,2503416,TCS,-0.9330119714204277,4071.232734375,3720.7721118164063
2024-10-01,3953.66354966123,3991.011966244493,3941.9577493270317,3983.71875,1823365,TCS,0.45449603613412215,4071.24294921875,3724.173271484375
2024-10-03,3960.2137504333123,3975.4502533375357,3911.345072809307,3932.481201171875,3350119,TCS,-1.2861738502027764,4069.9496875,3727.264326171875
2024-10-04,3925.280999271066,3993.1024224537377,3924.398210251953,3950.597900390625,2965463,TCS,0.46069385438769483,4068.946298828125,3730.371942138672
2024-10-07,3970.712148613736,3992.405805122665,3929.3689504456147,3969.73681640625,1472619,TCS,0.4844561886121701,4068.02375,3733.4418298339842
2024-10-08,3969.5042681636573,3975.821698560318,3905.7243509858204,3951.52685546875,1541867,TCS,-0.45871960232328757,4065.5227294921874,3736.7795825195312
2024-10-09,3957.7979865079874,3990.315106115447,3945.441662514293,3951.248291015625,1082504,TCS,-0.007049539666914573,4063.14154296875,3739.779189453125
2024-10-10,3951.526804113441,3989.246753361262,3900.7537355297673,3927.510498046875,2378875,TCS,-0.6007669278269678,4060.57826171875,3741.774812011719
2024-10-11,3849.0977975212186,3941.028518940875,3820.7151796266107,3854.858154296875,5759183,TCS,-1.849831942807778,4056.1902978515627,3743.4153955078127
2024-10-14,3846.3106857656626,3869.9087330608727,3829.7735893951135,3843.1982421875,2137590,TCS,-0.30247318170133486,4051.3508056640626,3745.1941577148436
2024-10-15,3837.995460690613,3874.1362795372975,3804.5030088222256,3824.75634765625,2759474,TCS,-0.47985800807280876,4048.2616796875,3747.0458911132814
2024-10-16,3795.212679191423,3823.0844981328532,3778.675354588552,3804.456787109375,2359151,TCS,-0.5307412734752215,4047.144951171875,3748.7620849609375
2024-10-17,3821.0402585925135,3836.974010815032,3802.5985417542856,3817.510009765625,2522659,TCS,0.34310345436117107,4045.9891943359376,3750.376767578125
2024-10-18,3809.128022883925,3861.4219511234783,3799.814751434331,3839.908203125,2361000,TCS,0.5867225836233114,4044.737900390625,3752.2334375
2024-10-21,3848.8025545031073,3855.647899798256,3790.501385728475,3799.675048828125,1595450,TCS,-1.0477634403898595,4043.2003662109373,3753.8174340820315
2024-10-22,3786.7759141091938,3808.941544128123,3731.222344636917,3739.743896484375,1928049,TCS,-1.577270465858227,4039.4199462890624,3755.1534057617187
2024-10-23,3724.9364095884875,3831.0608725895195,3720.7918215935465,3787.00927734375,1966476,TCS,1.2638667825304317,4037.199873046875,3756.7554040527343
2024-10-24,3729.033775833075,3798.8833095961822,3729.033775833075,3769.9189453125,2676744,TCS,-0.4512883592204253,4034.613828125,3758.191075439453
2024-10-25,3778.441074679716,3810.990914951962,3755.763166335102,3778.90673828125,1759676,TCS,0.23840812227342578,4030.381005859375,3759.799167480469
2024-10-28,3789.5234771784344,3850.106352412569,3772.8062006829505,3809.919677734375,1532534,TCS,0.8206854945361997,4024.5238427734375,3761.980184326172
2024-10-29,3814.576053505887,3821.700614609533,3781.2811109026725,3795.390625,1445885,TCS,-0.3813480063447172,4017.0020068359377,3764.20255859375
2024-10-30,3795.158291397516,3824.960761415852,3781.234995410785,3804.1455078125,1935002,TCS,0.23067145591897376,4009.0365283203123,3766.1438317871093
2024-10-31,3790.501362953683,3798.23142349314,3688.055380171151,3695.925048828125,3740372,TCS,-2.8448033536604966,3998.38263671875,3767.8163293457033
2024-11-01,3715.855640568731,3724.3305810268316,3703.003280699814,3710.593505859375,154895,TCS,0.3968818857920553,3988.9418896484376,3769.5091662597656
2024-11-04,3693.9228999424704,3717.7647384247807,3644.51594943524,3691.92041015625,2269192,TCS,-0.503237438259907,3979.8356298828126,3771.002858886719
2024-11-05,3670.45333173397,3712.2698276535116,3670.45333173397,3698.6259765625,967590,TCS,0.18162814094808688,3970.1471630859373,3772.4272705078124
2024-11-06,3728.6612931693503,3864.8210432401042,3702.258078759821,3855.3681640625,3792017,TCS,4.23784909567082,3963.6920361328125,3773.962570800781
2024-11-07,3883.3549260647524,3916.975471746434,3804.5179478782275,3865.845703125,3724349,TCS,0.2717649421958068,3957.2810791015627,3775.4543041992188
2024-11-08,3869.664729338886,3883.401806296226,3834.8795655512195,3862.214111328125,1648039,TCS,-0.09394042276285042,3950.690654296875,3777.122072753906
2024-11-11,3844.7052007056577,3943.5186546704363,3834.8794257124828,3910.36376953125,1406487,TCS,1.2466853679059087,3944.283740234375,3778.9241247558593
2024-11-12,3926.475609493647,3928.3382639573533,3878.3726489183473,3909.15283203125,1587640,TCS,-0.030967387470071106,3938.460224609375,3780.6378771972654
2024-11-13,3891.1780687289943,3908.5472291817673,3847.358853332509,3865.333740234375,1098813,TCS,-1.120935754617347,3931.9219677734377,3781.8221887207033
2024-11-14,3851.0375903197846,3874.3207680121654,3833.7616543718636,3861.18896484375,1825432,TCS,-0.10722943138083973,3925.9158544921875,3783.3759497070314
2024-11-18,3923.681541984777,3923.681541984777,3716.1817937910387,3743.4697265625,3313944,TCS,-3.04878210709415,3917.6166650390624,3784.4168029785155
2024-11-19,3743.8421064286954,3848.3835842405188,3738.4405905885956,3762.142822265625,1776233,TCS,0.49881786329475375,3910.047705078125,3785.695955810547
2024-11-21,3767.1252292109634,3811.4098822098795,3747.660582048356,3793.156005859375,2384347,TCS,0.8243489165324469,3903.2328076171875,3787.172966308594
2024-11-22,3791.4326091135326,3962.7504103811857,3775.6000484761144,3953.111083984375,3096553,TCS,4.216939083916227,3898.533720703125,3789.4518212890625
2024-11-25,3986.080344448122,4030.8772729139196,3960.189630652715,4018.77001953125,4052167,TCS,1.6609433469473078,3895.677373046875,3791.9881140136717
2024-11-26,4024.310731522724,4066.7329532289605,4014.0197491006056,4053.78759765625,2060669,TCS,0.8713506360108703,3892.80876953125,3794.5237329101565
2024-11-27,4059.6083950341376,4076.7911069702654,4027.104715840101,4035.02099609375,1558993,TCS,-0.46293993235734243,3889.473798828125,3796.4495080566408
2024-11-28,4022.4020594566896,4041.913545627335,3942.3079225932315,3953.390625,2558544,TCS,-2.0230469970980436,3884.679951171875,3797.9349194335937
2024-11-29,3930.2002766528776,4003.4958997310346,3907.5223713104324,3977.558349609375,2017425,TCS,0.6113163838793456,3880.5106787109376,3798.792570800781
2024-12-02,3976.7674579403806,3993.717796218345,3939.560751463305,3982.960693359375,1670944,TCS,0.13582060337418156,3879.4131640625,3799.9192529296874
2024-12-03,4018.0715527591838,4027.9900963818563,3972.529744122267,4007.26806640625,2010905,TCS,0.6102840303546575,3879.7308447265623,3800.9341943359377
2024-12-04,4017.3258027448396,4085.6855752155147,3994.508288951376,4055.37060546875,3302642,TCS,1.2003823618827347,3881.2196142578123,3802.1914916992187
2024-12-05,4098.584762623309,4180.728007626903,4060.5867928833363,4157.4912109375,3746747,TCS,2.5181571649959267,3885.0555419921875,3804.019202880859
2024-12-06,4147.198819162285,4158.37474232194,4109.712910230939,4140.2138671875,1842087,TCS,-0.41557138363989,3888.4938916015626,3805.628017578125
2024-12-09,4126.19916212064,4162.474087112963,4112.322021739467,4146.40869140625,2066639,TCS,0.14962570575993706,3891.9920263671875,3807.4951013183595
2024-12-10,4122.193406026578,4185.1975942064855,4109.108442002176,4128.15380859375,2087828,TCS,-0.4402576825177529,3894.79525390625,3809.256647949219
2024-12-11,4127.502045111503,4143.148158287083,4104.358476029229,4123.404296875,1635256,TCS,-0.11505171413096482,3897.2024658203127,3810.878962402344
2024-12-12,4125.825703197917,4177.002312539005,4122.054010099808,4149.01611328125,1914642,TCS,0.6211327961621604,3900.8688916015626,3812.742059326172
2024-12-13,4130.389630221359,4186.222421425734,4092.624040484277,4166.66455078125,1967048,TCS,0.4253644000925094,3904.5278076171876,3815.0299682617188
2024-12-16,4152.787550664486,4167.6887843067,4095.045270300907,4111.99560546875,1646224,TCS,-1.3120553537781077,3908.118095703125,3817.2246667480467
2024-12-17,4107.152673369455,4128.52681305927,4021.470576782156,4031.24951171875,3225027,TCS,-1.9636716936810905,3909.7311279296873,3818.575767822266
2024-12-18,4015.6031250525107,4062.44869495374,3995.0207057764947,4049.2705078125,1575404,TCS,0.44703251538669164,3911.3218017578124,3820.1780126953126
2024-12-19,3987.942872155441,4064.311698759071,3969.3163290813845,3978.536376953125,3015763,TCS,-1.7468363924539876,3911.8619921875,3821.6614733886718
2024-12-20,4031.7151268140337,4081.0754644719555,3867.3358891418975,3883.913330078125,4116989,TCS,-2.378338110042999,3910.51529296875,3822.1962951660157
2024-12-23,3911.6199645875045,3927.4061398642916,3832.317557835385,3872.737060546875,2195338,TCS,-0.2877579539352193,3909.41982421875,3822.608291015625
2024-12-24,3872.737858457334,3928.338276273141,3872.737858457334,3892.482177734375,1181886,TCS,0.5098491552305795,3910.1723046875,3823.228748779297
2024-12-26,3892.482098814087,3911.527922278893,3858.628263566546,3882.79638671875,1208464,TCS,-0.24883327844195113,3910.964267578125,3823.804227294922
2024-12-27,3877.1146004513926,3893.832103292384,3862.446199068469,3878.837646484375,858100,TCS,-0.1019559060041364,3912.0458935546876,3824.4227185058594
2024-12-30,3865.938955213331,3910.921874141445,3829.617196780828,3873.203125,1527169,TCS,-0.14526314318625833,3913.4208203125,3825.328671875
2024-12-31,3851.0379404710184,3855.6481919731173,3755.157851490963,3813.5986328125,1555429,TCS,-1.5388940436089293,3913.3425927734374,3825.69642578125
2025-01-01,3813.225406604323,3850.106048966684,3804.89007492924,3830.0361328125,763161,TCS,0.431023334720404,3913.1451513671873,3825.9425390625
2025-01-02,3837.0680112666887,3895.7416240603297,3815.6011015015547,3888.989501953125,1720835,TCS,1.5392379365709585,3914.9314404296874,3826.4201538085936
2025-01-03,3892.901405684608,3892.901405684608,3811.2704382055867,3818.348388671875,1791953,TCS,-1.81643877531098,3916.5035302734377,3826.2229455566408
2025-01-06,3823.563603014824,3864.681605615779,3787.148620607623,3813.78466796875,2085593,TCS,-0.11952080424784128,3917.0390380859376,3826.2019165039064
2025-01-07,3832.364669490885,3856.020287112112,3736.065309985075,3751.6650390625,2669054,TCS,-1.6288184654991378,3916.6739599609373,3825.600661621094
2025-01-08,3757.811618423141,3842.6556080381715,3741.839449635328,3826.26416015625,2181277,TCS,1.9884270135265503,3917.6211083984376,3825.3188024902342
2025-01-09,3819.372861544339,3853.599136272882,3748.871437714519,3761.490966796875,2392472,TCS,-1.6928573315421525,3916.6525341796873,3825.0201989746092
2025-01-10,3911.5740395746316,4001.9127733457603,3883.6342250062416,3972.715576171875,7894300,TCS,5.6154490663278045,3920.199033203125,3826.5838317871094
2025-01-13,3953.48417981758,4026.081320920444,3937.0927292528613,3996.41845703125,4003771,TCS,0.5966417782723665,3924.0444921875,3828.295427246094
2025-01-14,4006.5694375522967,4017.6521397931906,3929.3156678223904,3942.354248046875,3441709,TCS,-1.3528165172307038,3928.973076171875,3829.7272692871093
2025-01-15,3928.338036632813,3964.1477485251917,3918.5127168051804,3957.76806640625,1653474,TCS,0.39098004363791183,3933.9165673828124,3831.5216796875
2025-01-16,3967.4536113637214,3999.118734083526,3903.9837578032057,3917.441162109375,2637705,TCS,-1.018930458284606,3938.426982421875,3833.2681311035158
2025-01-17,3945.5156582213353,3946.179768328342,3888.7499900580783,3911.750244140625,1761466,TCS,-0.14527130678552158,3942.6894677734376,3835.1545263671874
2025-01-20,3932.1425484323627,3932.1425484323627,3858.447160711793,3867.647216796875,1287799,TCS,-1.1274499799625914,3942.935048828125,3836.657526855469
2025-01-21,3884.245030505511,3899.135870393051,3822.3102791739225,3827.85888671875,1971591,TCS,-1.0287476558184405,3942.1753125,3837.7754724121096
2025-01-22,3841.2798581228535,3948.598485486215,3835.77871966863,3942.38623046875,2409223,TCS,2.9919426796888304,3943.7787548828123,3839.6176611328124
2025-01-23,3953.198226312215,3975.3449548724125,3926.688470425829,3931.810546875,1822998,TCS,-0.2682558982175731,3944.2076904296873,3841.114802246094
2025-01-24,3892.49689011529,3962.683237549143,3892.49689011529,3938.355224609375,1910099,TCS,0.166454554621831,3944.79173828125,3842.3870068359374
2025-01-27,3890.599675788401,3942.148791419916,3832.7908361324735,3855.648681640625,1551782,TCS,-2.1000275051865858,3944.598037109375,3843.3563317871094
2025-01-28,3861.007745197988,3890.599779117484,3820.69802052405,3832.07958984375,2468272,TCS,-0.6112873278393716,3944.015849609375,3844.238641357422
2025-01-29,3845.0732274227375,3896.148108723218,3845.0732274227375,3888.5126953125,1217089,TCS,1.4726496187165816,3946.916708984375,3845.522745361328
2025-01-30,3888.6080671418995,3917.0619915773636,3849.3417440444105,3888.750244140625,1531251,TCS,0.006108989393593944,3949.448857421875,3846.632733154297
2025-01-31,3898.1871578608666,3915.6865044368305,3874.7126731511203,3900.46337890625,1492943,TCS,0.3012056324078305,3951.5950048828126,3847.7242175292968
2025-02-01,3901.032960408717,3922.7526963272944,3846.970505085766,3863.236572265625,437172,TCS,-0.954420104081688,3949.7975146484373,3848.9065551757812
2025-02-03,3823.1639848038094,3866.8882740010763,3792.6234860032378,3858.968505859375,1265713,TCS,-0.11047903296657058,3946.601484375,3850.3822668457033
2025-02-04,3873.242905885086,3906.5815588564824,3856.5026066809596,3895.389404296875,2547132,TCS,0.9437987996584907,3943.4335205078123,3852.089774169922
2025-02-05,3936.1259160718655,3936.1259160718655,3865.9395744358853,3880.261474609375,1693912,TCS,-0.38835474755907207,3940.338330078125,3853.8863610839844
2025-02-06,3893.8244160755,3926.1671344471406,3842.749763323274,3872.341796875,2284536,TCS,-0.2041016510407223,3938.717353515625,3855.466667480469
2025-02-07,3879.218228908592,3879.218228908592,3801.444171507491,3821.7412109375,1548940,TCS,-1.3067179652977656,3935.6010107421876,3856.747502441406
2025-02-10,3831.7949614241543,3843.176530616503,3807.4669498989556,3828.902099609375,1339511,TCS,0.1873724115955655,3932.5198388671874,3858.2649780273437
2025-02-11,3811.308028813468,3831.7949459001434,3751.1754977809574,3759.284912109375,1810908,TCS,-1.8182023381350554,3927.56017578125,3859.3370556640625
2025-02-12,3766.446193388272,3814.4858114252734,3737.0910418049134,3746.57568359375,1678002,TCS,-0.33807569292463313,3921.38427734375,3860.487529296875
2025-02-13,3763.5057059907817,3779.1078947757164,3701.144188811121,3708.636962890625,2277310,TCS,-1.0126238973166557,3912.4071923828124,3861.223548583984
2025-02-14,3722.7215010647665,3744.536174828968,3699.009899147157,3732.06396484375,1681975,TCS,0.6316876574207875,3904.2441943359377,3862.3046862792967
2025-02-17,3657.7517993998813,3731.257767104663,3657.467213858333,3703.278076171875,1799806,TCS,-0.7713128430552052,3895.38158203125,3863.045656738281
2025-02-18,3697.492804650458,3722.1528742505816,3665.339960372217,3673.591552734375,2149879,TCS,-0.8016282554775711,3886.2903369140627,3863.7297570800783
2025-02-19,3672.6425540939376,3675.2508303067148,3573.9548205315027,3589.0830078125,4366672,TCS,-2.3004338862596896,3875.6039111328123,3863.6340405273436
2025-02-20,3567.6478288188787,3592.782128290818,3557.9735409942346,3584.625244140625,2888572,TCS,-0.12420341525040124,3864.31609375,3863.24962890625
2025-02-21,3581.4955514917533,3620.287642408916,3580.4521483085296,3590.88525390625,1833931,TCS,0.17463498522913845,3852.8005078125,3862.905721435547
2025-02-24,3550.2436192378755,3569.2603724469545,3480.863556771993,3486.175048828125,2508516,TCS,-2.9159997514322855,3840.2840966796875,3862.115329589844
2025-02-25,3438.1824887498096,3469.4818051991183,3434.625748244206,3442.498046875,4101954,TCS,-1.2528631334162932,3828.5090673828126,3861.4116076660157
2025-02-27,3425.5677363307773,3450.512388419143,3415.1346312530945,3426.3740234375,3823856,TCS,-0.4683814839673506,3816.0511376953127,3860.379266357422
2025-02-28,3400.1963006835795,3414.470731581497,3278.8403664103434,3303.737548828125,7085018,TCS,-3.579191114878355,3802.5551611328124,3858.948153076172
2025-03-03,3305.3972886171223,3341.6760393458467,3297.0032889623258,3313.032470703125,4990439,TCS,0.28134564981703303,3791.1375439453127,3857.6592175292967
2025-03-04,3294.964557324782,3367.9962990962294,3285.764501101665,3350.02294921875,2797737,TCS,1.1165142159857755,3780.68326171875,3856.3302294921873
2025-03-05,3339.3997995005207,3414.8026927498004,3339.3997995005207,3364.24951171875,2501894,TCS,0.4246705982511978,3770.1186083984376,3855.3821911621094
2025-03-06,3373.6869322947687,3423.4338299242468,3353.8641244726305,3415.988525390625,2786513,TCS,1.5379065521642143,3760.782451171875,3854.757268066406
2025-03-07,3414.4707542689284,3438.1823567291294,3390.1899807262357,3425.093505859375,2051315,TCS,0.26654013621749684,3751.707568359375,3854.123181152344
2025-03-10,3420.636010676855,3435.4321442725973,3397.9678097594306,3404.654296875,1004626,TCS,-0.5967489339899545,3742.336591796875,3853.102106933594
2025-03-11,3374.6352261327497,3403.8004968476407,3355.3338893126197,3391.043701171875,1995450,TCS,-0.3997643965091391,3733.8854931640626,3852.216668701172
2025-03-12,3381.2746199098347,3385.305592458114,3307.15224085139,3325.5048828125,3174167,TCS,-1.9327034427992218,3723.7948681640623,3851.0148889160155
2025-03-13,3321.806162986754,3342.6723750664873,3304.544161123429,3330.105224609375,1693004,TCS,0.13833513884315973,3712.6171826171876,3849.869250488281
2025-03-17,3309.1915231821918,3348.505317121511,3298.1420081114443,3317.443115234375,2690906,TCS,-0.38023150984621834,3702.5990771484376,3848.828302001953
2025-03-18,3317.443115234375,3317.443115234375,3317.443115234375,3317.443115234375,0,TCS,0.0,3692.67224609375,3848.1004150390627
2025-03-19,3364.2022912119846,3364.2022912119846,3284.294187734508,3316.8740234375,3051244,TCS,-0.017154530676399826,3683.97642578125,3847.6716259765626
2025-03-20,3331.0061697900233,3394.505799750347,3331.0061697900233,3379.52001953125,2845192,TCS,1.888705921632372,3675.04154296875,3847.4082214355467
2025-03-21,3295.9131965165147,3429.8837688929057,3286.428554224381,3393.699951171875,4161925,TCS,0.419584188247879,3667.68572265625,3847.1594104003907
2025-03-24,3414.470721860925,3461.6568103088644,3382.792113898217,3441.9287109375,1834751,TCS,1.42112621797843,3657.0699853515625,3847.005986328125
2025-03-25,3457.1514681076355,3518.8016314620927,3450.512219746386,3469.244384765625,3135390,TCS,0.7936153279794356,3646.52650390625,3846.6000708007814
2025-03-26,3459.7598808023267,3490.8220797184467,3438.988609875757,3448.42578125,1734499,TCS,-0.6000904291160625,3636.6479345703124,3845.795537109375
2025-03-27,3428.5556939598323,3474.2241497420814,3424.4297823215356,3463.0322265625,2528474,TCS,0.4235684987601962,3626.7532177734374,3845.227403564453
2025-03-28,3462.8421711364117,3472.2793419166683,3406.787854378717,3420.303466796875,2051919,TCS,-1.2338539456226427,3616.8104638671875,3844.4762133789063
2025-04-01,3388.577913444674,3399.295604939385,3343.3362185857513,3367.806640625,2618493,TCS,-1.5348587247153933,3605.931591796875,3843.557314453125
2025-04-02,3361.3570398330285,3380.421262394588,3348.126010889205,3361.3095703125,1764313,TCS,-0.1929169636441519,3595.8048388671873,3842.3904248046874
2025-04-03,3311.088041352429,3321.521146037298,3221.1261324235493,3227.765380859375,4537821,TCS,-3.97298096648413,3583.80296875,3840.7694653320314
2025-04-04,3189.3056688327865,3224.446080623458,3125.663631237096,3129.362548828125,5317367,TCS,-3.0486364534045185,3567.5424951171876,3838.7350463867188
2025-04-07,2940.2386292720134,3121.7745604042666,2898.5536795332505,3105.31884765625,6623955,TCS,-0.7683258426186113,3551.0126611328124,3836.6425158691404
2025-04-08,3131.875989149625,3176.4063332063806,3087.535291604866,3123.244873046875,5557558,TCS,0.5772684310390463,3534.7104541015624,3834.70658203125
2025-04-09,3092.514474322123,3101.4774131953245,3046.513968346596,3079.283447265625,2990265,TCS,-1.4075561657246438,3519.1831494140624,3832.4419287109376
2025-04-11,3120.0198074686773,3128.935276473692,3040.775593704065,3064.96142578125,7108961,TCS,-0.4651089037319034,3503.8407861328124,3830.077626953125
2025-04-15,3143.5893021337306,3143.5893021337306,3071.69590901875,3080.801025390625,3512160,TCS,0.51679605087811,3487.686552734375,3827.6921838378908
2025-04-16,3080.801013758816,3109.1602290119804,3062.5905495252055,3105.081787109375,2384391,TCS,0.7881314475890688,3472.01318359375,3825.3475048828127
2025-04-17,3078.2405325476193,3133.346394679939,3052.157767289551,3128.888427734375,2932346,TCS,0.7666993096230978,3456.5816845703125,3822.7589758300783
2025-04-21,3120.5420796132057,3181.1488478659085,3114.8512945544117,3150.418701171875,2432946,TCS,0.6881125337246274,3442.3253271484373,3820.4171337890625
2025-04-22,3151.3669464223676,3162.0844056249766,3125.189244347029,3143.58935546875,2710498,TCS,-0.21677581143689784,3428.017744140625,3817.6979565429688
2025-04-23,3191.581874951358,3244.6009284823726,3165.3094642241085,3237.108154296875,3543923,TCS,2.9749050608481875,3414.852119140625,3815.2647033691405
2025-04-24,3225.8214222352462,3236.633820616935,3213.1118640484187,3226.295654296875,2252175,TCS,-0.33401726122890274,3401.772802734375,3813.0190771484376
2025-04-25,3243.747204561521,3298.568475558524,3229.5202431380058,3270.30419921875,2742991,TCS,1.3640580293149185,3389.73205078125,3810.7353503417967
2025-04-28,3257.9739444135007,3279.5989706182713,3229.5200235015927,3266.035888671875,1593296,TCS,-0.1305172328584847,3378.6179443359374,3808.472685546875
2025-04-29,3276.9436254865236,3314.8821913387555,3253.6113148639492,3293.541748046875,1578332,TCS,0.8421787240735279,3367.9107373046877,3806.4337524414063
2025-04-30,3293.0671433029925,3329.013837756505,3192.5299551721982,3275.710205078125,2809332,TCS,-0.5414093499596428,3358.2392431640624,3804.34134765625
2025-05-02,3293.0674491310842,3311.562499608635,3243.7473145242825,3254.180419921875,1721761,TCS,-0.6572554899048733,3348.391337890625,3802.4951416015624
2025-05-05,3272.2013429677813,3323.892639545098,3268.786779377753,3276.27978515625,1284443,TCS,0.6791069449955556,3339.7441943359377,3800.692000732422
2025-05-06,3281.68603515625,3294.0160693923863,3259.871359200009,3281.68603515625,1324763,TCS,0.1650118535203804,3330.7366357421874,3797.7097497558593
2025-05-07,3244.3163408615387,3281.211501134211,3244.3163408615387,3267.5537109375,1477128,TCS,-0.43064217805580673,3322.0221484375,3794.7251940917968
2025-05-08,3270.304189784248,3297.809648457028,3251.9987864937443,3271.15771484375,2543591,TCS,0.11029669976614365,3313.9734716796875,3791.715791015625
2025-05-09,3223.8296054868374,3268.5970664946117,3222.976080385976,3263.001220703125,2531757,TCS,-0.2493457928858911,3307.4518359375,3788.030213623047
2025-05-12,3324.3666713915923,3443.3989159735165,3321.7109255991563,3433.8193359375,2228678,TCS,5.235000040777371,3304.4357177734373,3785.213359375
2025-05-13,3433.8195935429753,3436.285693012091,3329.5834737286627,3333.8515625,3062887,TCS,-2.9112706190236093,3299.2950439453125,3781.9665771484374
2025-05-14,3339.542044274439,3377.4806076856794,3327.7811822404,3365.814453125,2119499,TCS,0.9587376650036505,3296.88783203125,3778.8099279785156
2025-05-15,3380.3262508294533,3414.4709604337913,3332.997982084671,3395.40673828125,3548330,TCS,0.8792013216526229,3295.946005859375,3775.783125
2025-05-16,3408.6849264465072,3408.6849264465072,3363.348529175367,3377.76513671875,1666727,TCS,-0.5195725555822595,3294.973828125,3772.5926293945313
2025-05-19,3367.0473541083206,3367.0473541083206,3323.1334225866804,3337.455322265625,2537377,TCS,-1.193387130885093,3295.64818359375,3768.8970166015624
2025-05-20,3349.785509814958,3374.635222590325,3313.93352100354,3318.011962890625,2038374,TCS,-0.5825803643058514,3295.7477734375,3765.135538330078
2025-05-21,3327.212019490534,3354.7174780325026,3318.0119641520128,3344.0947265625,1440153,TCS,0.7860961311650039,3295.629208984375,3761.577639160156
2025-05-22,3314.881923566922,3317.5376692737764,3273.4340900331863,3297.8095703125,2034383,TCS,-1.384086278488228,3294.30041015625,3757.6954052734377
2025-05-23,3297.809582057325,3352.820498295267,3286.9971842477944,3333.471923828125,1274331,TCS,1.08139517322845,3292.650078125,3753.9369006347656
2025-05-26,3339.542185709067,3362.3053247198645,3329.204019365113,3355.002197265625,967470,TCS,0.6458813492202786,3291.248251953125,3750.815848388672
2025-05-27,3349.9750123424055,3357.5627247146417,3303.595213090552,3318.39111328125,2467680,TCS,-1.0912387483445918,3289.52298828125,3748.106337890625
2025-05-28,3338.5939127547476,3347.1300903725864,3312.985379901231,3317.443115234375,1222933,TCS,-0.028568002218931632,3288.0509765625,3745.3170642089844
2025-05-29,3324.0822341714443,3350.4495836467595,3306.820233088302,3317.822509765625,3188072,TCS,0.01143635378426655,3287.8973291015627,3742.3938122558593
2025-05-30,3310.139637529337,3325.97894134562,3275.1414056184462,3284.910400390625,3404365,TCS,-0.991979205582183,3286.9934326171874,3739.43560546875
2025-06-02,3272.201121116267,3281.6857620470387,3242.41944121709,3272.011474609375,1877585,TCS,-0.39267207348231414,3286.0847998046875,3736.151838378906
2025-06-03,3268.407343175387,3294.490106360913,3225.252225904789,3229.7099609375,2848125,TCS,-1.292829013593999,3284.33013671875,3732.8103234863283
2025-06-04,3242.9152450223373,3248.465279476926,3224.7342507303856,3235.164306640625,2544807,TCS,0.16888035672224522,3282.6959423828125,3729.4900390625
2025-06-05,3262.0530702216233,3262.0530702216233,3218.7057063727016,3225.786865234375,3584683,TCS,-0.28985981908249414,3279.621279296875,3725.6662341308593
2025-06-06,3225.7868448606714,3244.7331673196672,3213.9212139850256,3238.322021484375,2070390,TCS,0.38859220319533705,3276.513720703125,3721.343955078125
2025-06-09,3253.440835404879,3285.975243758928,3244.7330032516393,3274.396728515625,1718678,TCS,1.1139938150658057,3273.1630810546876,3716.858526611328
2025-06-10,3291.7168496023487,3335.5426613582063,3275.6409764041855,3313.629638671875,2419874,TCS,1.1981721644962473,3270.0507861328124,3712.4145776367186
2025-06-11,3320.423693236899,3338.604687522634,3300.424692969312,3322.24169921875,2847013,TCS,0.25989810226125787,3267.5271044921874,3707.8826879882813
2025-06-12,3322.241373890929,3324.920724772973,3275.6406661399797,3286.16650390625,4060134,TCS,-1.0858690781282765,3263.9897900390624,3703.4003662109376
2025-06-13,3246.933943792306,3301.76403815699,3246.933943792306,3297.1708984375,2178493,TCS,0.3348702665604275,3261.527138671875,3699.1500537109373
2025-06-16,3291.716884024651,3357.7426005937496,3278.5116939874692,3345.590087890625,1934088,TCS,1.468507121546847,3261.0828076171874,3694.9627575683594
2025-06-17,3358.6996527248457,3368.2685976044036,3337.743756885341,3363.771240234375,2111940,TCS,0.5434363405593778,3261.132041015625,3690.8909912109375
2025-06-18,3367.4071820205213,3385.4923927635227,3294.683207501011,3302.625244140625,2696327,TCS,-1.817781047723377,3262.62923828125,3686.4721496582033
2025-06-19,3301.2855030665887,3302.242397415304,3265.8804121641356,3276.40625,2672768,TCS,-0.7938834170525877,3265.5701123046874,3681.8955041503905
2025-06-20,3277.3633274014865,3297.7452248908758,3263.871022884297,3287.60205078125,2351248,TCS,0.34170978587437784,3269.2157763671876,3677.1799670410155
2025-06-23,3267.7943410253647,3277.3632849229502,3224.7340934862314,3247.31689453125,3123421,TCS,-1.225365954508606,3271.697216796875,3672.4149084472656
2025-06-24,3286.549310178985,3293.726017546798,3236.2165757260095,3244.25439453125,3403048,TCS,-0.09430862769067572,3274.9966357421877,3667.674947509766
2025-06-25,3260.4262751214173,3301.2856185170967,3253.440899408153,3296.309814453125,1757699,TCS,1.604541863598108,3279.623603515625,3663.3490234375
2025-06-26,3296.3098921986184,3302.625255099875,3268.081507258558,3293.439208984375,2879106,TCS,-0.08708542674488173,3283.8763671875,3659.0240734863282
2025-06-27,3306.0702704397795,3316.978773543857,3283.1048040170426,3292.76953125,1778433,TCS,-0.020333690464002796,3287.6301220703126,3654.7849670410155
2025-06-30,3291.6210940950255,3315.5434551196317,3282.1479325760038,3312.7685546875,1468351,TCS,0.6073617739626114,3291.307724609375,3650.679305419922
2025-07-01,3306.0703160886874,3334.7771495134807,3266.3591965177234,3281.86083984375,2375183,TCS,-0.9329874494255375,3293.9365673828124,3646.148282470703
2025-07-02,3336.8817809002294,3339.4653488059707,3272.578530188305,3275.736328125,3090585,TCS,-0.1866170449518978,3296.5795068359375,3641.7190270996093
2025-07-03,3282.147566666478,3287.219153361651,3251.144283681705,3254.206298828125,2531870,TCS,-0.6572577014829051,3296.9214697265625,3637.0039697265624
2025-07-04,3261.096294049881,3279.27728864699,3243.967976797223,3272.3876953125,1109320,TCS,0.5587044832075394,3297.843310546875,3632.357060546875
2025-07-07,3270.95207089655,3278.415893704088,3261.478676465787,3264.636474609375,1639174,TCS,-0.2368674321269526,3297.7299560546876,3627.7148278808595
2025-07-08,3258.2250645884633,3277.3629504303926,3247.1249973534364,3259.373291015625,2325242,TCS,-0.16121806010207518,3297.5967041015624,3623.0815844726562
2025-07-09,3263.0097947012437,3266.837372173034,3221.8633368794976,3237.939208984375,2034938,TCS,-0.6576135998393462,3296.4846533203126,3619.082098388672
2025-07-10,3234.3027641165545,3252.483755985849,3211.337300702709,3236.216552734375,3035012,TCS,-0.05320224188335443,3295.6947802734376,3615.306260986328
2025-07-11,3157.6556670087216,3191.242753149758,3120.5283520064395,3125.217041015625,7635550,TCS,-3.429916073600303,3293.1155126953126,3611.027685546875
2025-07-14,3125.217020314649,3130.9583865491522,3062.0619917351123,3083.783447265625,3924009,TCS,-1.3257829202331206,3289.2655859375,3606.6181286621095
2025-07-15,3067.8034091107847,3118.9014760029677,3067.8034091107847,3112.107666015625,2590889,TCS,0.9184892270926115,3285.8740185546876,3602.3371850585936
2025-07-16,3098.3774165813243,3115.5638600833036,3092.2326031663256,3104.234375,2540733,TCS,-0.2529890306046223,3282.6076318359374,3598.000847167969
2025-07-17,3095.593117992358,3112.7795615982277,3076.3902829424,3081.286865234375,2947640,TCS,-0.7392325125458621,3278.81021484375,3593.4673193359376
2025-07-18,3096.4571730230687,3100.105758589483,3059.9717861781455,3062.756103515625,3432645,TCS,-0.6013968361021305,3274.8053125,3588.7658813476564
2025-07-21,3062.8521341278406,3070.1493050764375,3026.3667482040605,3032.319580078125,3844346,TCS,-0.9937625592375099,3266.7753173828123,3584.099005126953
2025-07-22,3033.6640625,3053.3469689942053,3028.8633535989743,3033.6640625,3198036,TCS,0.04433841441739972,3260.7715673828125,3579.348731689453
2025-07-23,3033.6639547012974,3055.171036049811,3031.743671209123,3052.38671875,1922875,TCS,0.6171631355441187,3254.5030126953125,3574.948259277344
2025-07-24,3038.944885626984,3047.2019644087272,3014.8452328363246,3022.5263671875,2934778,TCS,-0.9782623996846707,3247.0454052734376,3570.307901611328
2025-07-25,3014.845292873372,3031.0715957495104,3001.019344529776,3010.812744140625,2568917,TCS,-0.387544114553906,3239.706357421875,3565.51328125
2025-07-28,2986.041003699968,2993.72213811463,2947.539223682625,2956.564697265625,3374473,TCS,-1.8017741880684168,3232.088544921875,3560.538470458984
2025-07-29,2938.0339265993125,2951.4759118844077,2919.9832137631183,2934.193359375,4785312,TCS,-0.7566666107903908,3224.4121728515624,3555.453195800781
2025-07-30,2938.033974050545,2946.6752504448114,2925.7441118523307,2931.88916015625,2880121,TCS,-0.07852922205647817,3216.1680615234377,3550.475089111328
2025-07-31,2920.4633903186314,2937.8420514011964,2894.827650050853,2915.7587890625,2968371,TCS,-0.5501698806680166,3208.5270458984373,3545.7795922851565
2025-08-01,2909.133383273443,2915.758501968501,2880.4252388236764,2883.3056640625,2053847,TCS,-1.1130250253120089,3199.523720703125,3540.980129394531
2025-08-04,2889.1625521624956,2956.660327755159,2872.360072011628,2951.859619140625,2519252,TCS,2.3776166340107707,3191.460869140625,3536.6156457519533
2025-08-05,2951.859809051624,2954.836342347973,2920.751308991888,2941.7783203125,1927996,TCS,-0.34152365386060923,3183.92861328125,3532.3022534179686
2025-08-06,2940.9140476547227,2944.5626330221426,2905.3888045064286,2911.437744140625,1487081,TCS,-1.0313685420270557,3175.808505859375,3527.7718920898437
2025-08-07,2895.7876067904904,2929.9687479023937,2890.890789951502,2925.552001953125,2543076,TCS,0.48478652311578774,3167.963095703125,3523.200111083984
2025-08-08,2926.6083584758467,2937.841970823321,2904.4289887975438,2915.37451171875,2762140,TCS,-0.3478827321332978,3160.5723779296877,3518.7786083984374
2025-08-11,2915.3746004762743,2928.3365153663553,2900.876599282036,2919.599365234375,1884215,TCS,0.1449163220245797,3153.5241357421874,3514.6778857421873
2025-08-12,2919.7909498577897,2972.982707005533,2906.2528579377536,2914.4140625,3358232,TCS,-0.17760322858402233,3147.2182177734376,3510.3149096679685
2025-08-13,2915.086743648966,2923.055733419127,2907.8856798255947,2915.1826171875,2148166,TCS,0.026370813172671426,3140.818583984375,3506.0412280273435
2025-08-14,2913.0700372499637,2934.0970475783347,2898.7640190971856,2901.83642578125,3342174,TCS,-0.4578166502353098,3134.3395751953126,3501.655876464844
2025-08-18,2925.072007661826,2927.4723621732833,2883.6898021204543,2891.178955078125,2945609,TCS,-0.3672664182046592,3127.3967138671874,3497.0621728515625
2025-08-19,2891.1790271854784,2904.429031301108,2891.083153648401,2895.979736328125,2650784,TCS,0.1660492596477825,3119.8283740234374,3492.565118408203
2025-08-20,2890.890836056874,2979.7039520714934,2890.890836056874,2975.095458984375,4952358,TCS,2.7319156161141667,3113.0576904296877,3488.4198681640623
2025-08-21,3005.2438266480435,3005.2438266480435,2960.2132701020532,2978.93603515625,3230726,TCS,0.12909085522876396,3106.1915771484373,3484.8349230957033
2025-08-22,2962.997485687316,2972.3108139224278,2928.4323821601793,2932.27294921875,1593791,TCS,-1.566434639307468,3099.1137060546876,3480.9433203125
2025-08-25,2964.245782645686,3026.366909314735,2954.4523833109183,3015.42138671875,3448370,TCS,2.835630889073726,3093.4787158203126,3477.5608251953126
2025-08-26,3004.283909445262,3035.9685911364395,2995.6426326203955,3031.35986328125,5522097,TCS,0.5285654811861384,3087.194111328125,3474.224494628906
2025-08-28,3019.6456977878825,3021.0859103623443,2963.477407383879,2970.390380859375,3116051,TCS,-2.011291472200183,3079.326494140625,3469.7996057128908
2025-08-29,2969.7184911417403,2990.841610057071,2954.548204311535,2961.749267578125,2271789,TCS,-0.2909083377367394,3072.508974609375,3465.279123535156
2025-09-01,2966.8380558481663,3006.2999761800884,2966.8380558481663,2988.537353515625,1246862,TCS,0.9044683907157625,3066.7515966796873,3460.910739746094
2025-09-02,2996.6984112924383,3029.2471217848606,2979.4158603599094,2987.48095703125,2185229,TCS,-0.03534827774972493,3060.7491748046873,3456.2963256835938
2025-09-03,3005.1475613511693,3016.6692623196923,2964.917715899919,2974.0390625,1799774,TCS,-0.4499407602787775,3055.2836181640623,3451.6207568359373
2025-09-04,2991.8017155695825,2993.7219990840686,2967.6061901689773,2972.310791015625,1481391,TCS,-0.058111929536064366,3049.84474609375,3447.1556420898437
2025-09-05,2973.6550115959403,2979.703716897792,2907.8853038462717,2926.800048828125,2802055,TCS,-1.5311569141781889,3042.45455078125,3442.4836975097655
2025-09-08,2928.432609909376,2942.7386295513115,2895.7877873726816,2898.668212890625,2626187,TCS,-0.9611806569691628,3034.559130859375,3438.259689941406
2025-09-09,2911.246178939102,2938.034042622692,2909.997947659983,2927.8564453125,2489301,TCS,1.0069532032701334,3027.260869140625,3434.088258056641
2025-09-10,2934.5773210773896,2998.2347696750494,2931.696895660388,2986.041015625,2079428,TCS,1.9872753804461185,3020.726318359375,3430.0526831054685
2025-09-11,3013.885194748687,3013.885194748687,2986.137189714118,2999.675048828125,2263446,TCS,0.45659229500809584,3015.0826025390625,3425.2855029296875
2025-09-12,3018.685897890405,3023.198517586115,2996.6026359147436,3008.50830078125,1447167,TCS,0.29447362828769474,3009.7380419921874,3420.2341943359374
2025-09-15,3009.0844623500607,3009.0844623500607,2972.5990732086116,2987.865234375,1732539,TCS,-0.6861562057478565,3004.411220703125,3414.9045825195312
2025-09-16,3003.3236516831826,3024.4467719955323,2985.1770648150605,3020.318115234375,2573429,TCS,1.086156111929304,2999.3698291015626,3409.8310681152343
2025-09-17,3026.366894691811,3055.5551110798156,3017.1494398273812,3046.337890625,2418271,TCS,0.861491220391053,2995.003857421875,3405.2958044433594
2025-09-18,3058.0514988629902,3075.334050504916,3035.392059613066,3050.082275390625,2633138,TCS,0.12291429578932256,2990.818037109375,3400.6584240722655
2025-09-19,3043.64975218093,3053.731241896356,3018.6860633617807,3042.881591796875,4901694,TCS,-0.23608161825168228,2986.916884765625,3395.9580285644533
2025-09-22,2971.6388949892716,2983.0644887376598,2942.8346407567424,2951.283935546875,3634901,TCS,-3.0102274270853213,2981.218232421875,3390.678107910156
2025-09-23,2947.6353061603577,2957.9087764692863,2930.352753876681,2940.338134765625,3177741,TCS,-0.37088267412744846,2977.520654296875,3385.1029455566404
2025-09-24,2928.4322252766387,2935.1532172690772,2912.1098161521463,2914.4140625,1625714,TCS,-0.8816697630489201,2974.1332666015624,3378.887559814453
2025-09-25,2901.548196352667,2908.845366983573,2833.3781361471615,2839.52294921875,4974361,TCS,-2.569679931375568,2968.681572265625,3372.3841052246094
2025-09-26,2823.7769658283983,2837.0269692313786,2776.057966398974,2783.547119140625,3934636,TCS,-1.971311064540815,2962.2678271484374,3365.5697973632814
2025-09-29,2799.773476015783,2812.5434087793974,2778.6503565122343,2780.666748046875,3110035,TCS,-0.10347843849826122,2956.2554248046877,3358.832362060547
2025-09-30,2794.9727356006983,2799.101392157332,2770.105157137798,2773.2734375,2253458,TCS,-0.2658826539378767,2950.465771484375,3352.081707763672
2025-10-01,2775.7696811050214,2808.2225177556543,2752.3423171660024,2798.044921875,1952902,TCS,0.8932218525602886,2945.7802783203124,3345.3268518066407
2025-10-03,2807.454578770542,2807.454578770542,2775.8660078142957,2786.2353515625,2899519,TCS,-0.42206507194266774,2940.8317041015625,3338.424705810547
2025-10-06,2786.3316788238635,2874.28076699856,2780.1868646812827,2869.287841796875,2112774,TCS,2.980813885223288,2937.1697265625,3332.2111669921874
2025-10-07,2875.624650921264,2884.745997894136,2837.699050349848,2855.173583984375,3062943,TCS,-0.49190804794477794,2933.8226708984375,3326.3307873535155
2025-10-08,2856.421663900003,2921.711301932003,2849.70067174965,2906.541015625,4121889,TCS,1.7991001292797737,2931.737236328125,3320.617139892578
2025-10-09,2913.070135429991,2943.794672125363,2899.628150625765,2939.666015625,3211304,TCS,1.1396708259723942,2931.3992626953127,3315.4227880859376
2025-10-10,2928.4324419455565,2947.635277630445,2887.0502372807746,2907.597412109375,8817365,TCS,-1.0908927526179113,2930.86734375,3310.5412084960935
2025-10-13,2906.349233459963,2914.5104387736105,2878.6971026918,2887.33837890625,2866865,TCS,-0.6967619767011546,2929.976328125,3305.6142150878904
2025-10-14,2900.5884226064827,2906.5412549765147,2837.699133735008,2842.307861328125,3611416,TCS,-1.559585738446878,2928.5073095703124,3300.3633435058596
2025-10-15,2863.2201408860237,2871.604481316868,2843.945686891503,2862.063720703125,4282226,TCS,0.6950640232817218,2928.082470703125,3295.2596801757813
2025-10-16,2862.1601270799792,2867.075207263124,2836.332545372744,2862.93115234375,3251495,TCS,0.030307908043769594,2926.3039013671873,3290.180147705078
2025-10-17,2862.2568312933195,2880.374867719902,2848.1863837329993,2854.73974609375,4374683,TCS,-0.2861195681668427,2924.5631298828125,3285.087830810547
2025-10-20,2877.1943748710046,2913.333979311689,2870.4483153754104,2905.81689453125,3133039,TCS,1.7892050757828626,2924.450712890625,3280.5489221191406
2025-10-21,2921.1404673344027,2921.815026282457,2887.3137006926995,2897.62548828125,310644,TCS,-0.28189684853908714,2923.8921826171877,3275.8868688964844
2025-10-23,2944.1731825516827,2985.613263353556,2925.958915568601,2961.712890625,5564758,TCS,2.2117213767940624,2924.8189501953125,3271.250485839844
2025-10-24,2968.2660284834456,2977.9032558486515,2947.3532921577225,2952.075439453125,2684318,TCS,-0.3254012636532466,2925.4684716796874,3266.91912109375
2025-10-27,2955.256119066933,2981.9511949510156,2949.1846180560947,2972.988525390625,1946312,TCS,0.7084197665820469,2926.6399609375,3262.7151403808593
2025-10-28,2964.4112497423184,2978.0960660621163,2929.9099274122086,2946.9677734375,3470737,TCS,-0.8752388961779212,2927.2756640625,3258.6916540527345
2025-10-29,2946.96788369373,2964.4113606511696,2935.596142774,2946.678955078125,2895420,TCS,-0.009800526560832523,2928.1725146484373,3254.2937280273436
2025-10-30,2938.487165302022,2952.653842834952,2922.778437237614,2925.187744140625,2241536,TCS,-0.7293366961630965,2928.8526904296873,3250.1122119140623
2025-10-31,2924.898585437403,2956.1231088421955,2915.357824198127,2947.064208984375,1868085,TCS,0.747865325484498,2929.8743798828127,3244.983955078125
2025-11-03,2936.367047373489,2947.06446508497,2900.80576844531,2907.359130859375,2194877,TCS,-1.3472756380385476,2928.5196533203125,3239.538658447266
2025-11-04,2910.0577150577624,2919.405779977123,2868.039303195767,2881.72412109375,2670720,TCS,-0.8817283524945041,2926.5754150390626,3234.2355078125
2025-11-06,2881.627605776501,2914.2977142131544,2881.531139384038,2901.6728515625,2542721,TCS,0.6922498348377104,2925.9634130859376,3228.9550317382814
2025-11-07,2892.1320716871546,2895.023240036059,2853.1012989769483,2883.265869140625,1830520,TCS,-0.6343576055434119,2923.320302734375,3223.7841552734376
2025-11-10,2884.422275161144,2937.3305615709287,2883.4585523829414,2915.4541015625,1556656,TCS,1.1163810027504883,2921.0021875,3218.802674560547
2025-11-11,2934.5359333014544,2944.847720230334,2908.5154176367123,2936.46337890625,2806868,TCS,0.7206176675012665,2920.3236474609375,3214.1467553710936
2025-11-12,2948.991669923252,3022.619995280987,2946.1969680097523,3018.18701171875,4460315,TCS,2.783063238573047,2921.45240234375,3210.0983959960936
2025-11-13,3018.186949242595,3018.2831803470704,2989.4679642954256,2993.03369140625,1740435,TCS,-0.8333917088250931,2921.5423291015627,3205.351633300781
2025-11-14,2977.9034333434784,3000.1655239975616,2965.6642009169345,2993.322998046875,2210794,TCS,0.009666000134100905,2921.659169921875,3200.6591955566405
2025-11-17,2993.322838009285,3010.187986001932,2974.6267109195564,2989.66064453125,2232853,TCS,-0.12235076261447597,2921.9716015625,3195.91572265625
2025-11-18,2989.4680176661295,2992.3591859617445,2966.338671301208,2975.108642578125,2548350,TCS,-0.4867442724559301,2922.02755859375,3191.5130224609375
2025-11-19,2984.6495543039355,3040.5454775036865,2971.639296317787,3033.51025390625,3151053,TCS,1.9630076862509505,2924.1617626953125,3187.52017578125
2025-11-20,3033.79944214396,3049.7008686990343,3024.2586803244717,3030.715576171875,2700767,TCS,-0.09212685965956924,2926.8027099609376,3183.231190185547
2025-11-21,3030.715536432949,3055.0013041600305,3021.463703354114,3036.30517578125,4177037,TCS,0.18443167855544118,2928.9716845703124,3178.96896484375
2025-11-24,3043.4366842823783,3063.578397230728,3017.4161679823073,3027.24609375,6703764,TCS,-0.2983587454748915,2929.7957861328123,3174.602878417969
2025-11-25,3031.197695489111,3035.534448554938,3001.9968444557608,3006.04443359375,2737920,TCS,-0.7003613019774813,2929.923173828125,3170.3169177246095
2025-11-26,3005.658657913636,3062.71099952004,3003.923909850209,3048.15869140625,2508527,TCS,1.4009858717275225,2930.716181640625,3166.262868652344
2025-11-27,3064.6384631299097,3064.6384631299097,3011.6337098367826,3022.81298828125,2836233,TCS,-0.8315086480391476,2931.41513671875,3161.899986572266
2025-11-28,3026.089482694223,3033.12470593688,3011.6336412163846,3023.68017578125,1616690,TCS,0.028688096265372387,2931.4823779296876,3157.617080078125
2025-12-01,3024.0657566161144,3039.581788202742,3008.935355329588,3019.72900390625,1747647,TCS,-0.1306742659705762,2930.9502001953124,3153.3540161132814
2025-12-02,3017.416350282513,3029.9447477765,3007.2007935969305,3021.94580078125,2512003,TCS,0.07341045743285424,2930.387470703125,3149.3550390625
2025-12-03,3026.089516693691,3095.3810901757683,3025.125793917674,3064.638427734375,3952112,TCS,1.4127529005347528,2930.822607421875,3145.533720703125
2025-12-04,3078.130714428876,3132.0991928283806,3071.7700496468055,3112.0537109375,5025905,TCS,1.5471738125459211,2934.0380029296875,3142.2975646972654
2025-12-05,3112.824814585589,3152.9157793761647,3105.5004267906515,3120.727294921875,5244013,TCS,0.2787093279878583,2937.6457861328126,3139.168322753906
2025-12-08,3125.353065437683,3141.6398867746047,3092.2010949656524,3119.0888671875,2544725,TCS,-0.05250147095650082,2941.7392822265624,3136.220582275391
2025-12-09,3112.824602659864,3116.390329915732,3065.794883587669,3091.911865234375,2734893,TCS,-0.8713122039908594,2946.787060546875,3133.0198217773436
2025-12-10,3108.005961204973,3108.005961204973,3062.8074569989867,3073.504638671875,1386849,TCS,-0.5953347755306981,2952.5862109375,3129.8709545898437
2025-12-11,3088.73179730002,3092.0083609433445,3038.714674477584,3076.10693359375,1914362,TCS,0.0846686511916106,2958.4950146484375,3126.8835314941407
2025-12-12,3081.696263178982,3106.078496384854,3070.131589906683,3103.669189453125,1146554,TCS,0.8960109792794047,2965.1029296875,3124.4564624023437
2025-12-15,3094.610369719165,3120.727116365754,3081.31094805451,3113.017333984375,1562190,TCS,0.30119655029656744,2971.4023779296876,3122.0984228515626
2025-12-16,3103.187255724176,3103.187255724176,3075.3357623562265,3088.827880859375,1734623,TCS,-0.7770420312449677,2977.454228515625,3119.5881359863283
2025-12-17,3084.394687896739,3119.474102184826,3084.394687896739,3101.067138671875,1376350,TCS,0.39624279126535544,2982.089814453125,3117.6625964355467
2025-12-18,3110.897128527372,3168.5277977297296,3104.1510690788923,3161.78173828125,2307422,TCS,1.9578615003923439,2988.2219775390627,3116.2590148925783
2025-12-19,3179.3215200364916,3197.5357868591873,3159.854366515901,3162.938232421875,3902511,TCS,0.03657729205728266,2993.349921875,3114.9418359375
2025-12-22,3189.9226061933546,3207.8479451634685,3171.6118722000997,3204.281982421875,2632816,TCS,1.3071311218222137,2998.6422412109373,3114.444558105469
2025-12-23,3199.463369445318,3199.463369445318,3174.0211805268714,3189.922607421875,2365420,TCS,-0.44813081616327244,3004.2887451171873,3113.8290087890623
2025-12-24,3184.236571775606,3206.4021959958864,3176.5267894381177,3198.595947265625,1367708,TCS,0.27189812767149935,3010.513896484375,3113.0718737792968
2025-12-26,3192.9103071634727,3199.559900795541,3153.108505919085,3161.010986328125,1176664,TCS,-1.1750455999179898,3016.887958984375,3112.055681152344
2025-12-29,3161.010777477703,3168.7205598617948,3125.2565675579217,3133.544677734375,2079473,TCS,-0.8689089886921075,3022.317578125,3110.6434619140623
2025-12-30,3132.099002526,3148.9641510011397,3121.9799134409154,3129.01513671875,2807593,TCS,-0.1445500696961477,3027.6392578125,3109.1630700683595
2025-12-31,3122.461816571668,3128.2441532690227,3082.4673210816295,3089.887939453125,3362634,TCS,-1.250463662079171,3032.3422216796876,3107.58923828125
2023-01-02,1359.1202737002234,1370.341544123772,1350.1881862761663,1368.0972900390625,3801140,INFY,0.0,0.0,0.0
2023-01-03,1364.3717941574034,1375.862418801588,1360.107711434535,1366.795654296875,4551130,INFY,-0.09514204520866265,0.0,0.0
2023-01-04,1365.4042617792377,1365.4042617792377,1338.5629595029297,1341.884521484375,7059590,INFY,-1.8225937969721717,0.0,0.0
2023-01-05,1351.8489350836053,1351.8489350836053,1318.948147732721,1324.2894287109375,9868404,INFY,-1.3112225747990647,0.0,0.0
2023-01-06,1319.6216334381472,1324.1101423954199,1298.525641338966,1300.321044921875,6443714,INFY,-1.8099052419676354,0.0,0.0
2023-01-09,1300.051455589557,1336.9918995481128,1300.051455589557,1332.5931396484375,11498717,INFY,2.4818559118607197,0.0,0.0
2023-01-10,1330.3939407278556,1332.0995959017448,1305.3032216437111,1319.3970947265625,7158624,INFY,-0.9902531034608475,0.0,0.0
2023-01-11,1319.6214032298747,1341.166242466281,1314.2351934207732,1320.7435302734375,6173092,INFY,0.10204930359909437,0.0,0.0
2023-01-12,1330.3488381302957,1333.0868718348268,1306.1558239189717,1329.136962890625,6591385,INFY,0.6355081380144956,0.0,0.0
2023-01-13,1331.7403914839063,1363.9679024832087,1317.8260159746374,1349.8291015625,11610426,INFY,1.5568101143522028,0.0,0.0
2023-01-16,1355.5294722785563,1371.6881017494266,1348.6172135046606,1369.44384765625,6073063,INFY,1.4531281086653802,0.0,0.0
2023-01-17,1370.7902057346644,1384.435224853231,1368.0971012047337,1382.011474609375,5922644,INFY,0.9177175810920701,0.0,0.0
2023-01-18,1386.7246995181722,1393.0983596644714,1382.1015138518171,1387.3082275390625,5843098,INFY,0.3832640341271176,0.0,0.0
2023-01-19,1382.3708462159693,1391.0336893900567,1370.0274480510775,1381.47314453125,6165284,INFY,-0.4206046567000743,0.0,0.0
2023-01-20,1380.6652340912512,1386.9491460799632,1368.0974101138277,1369.4888916015625,6496429,INFY,-0.8674980745828287,0.0,0.0
2023-01-23,1377.9719689342094,1394.3999522014951,1371.7778059195255,1389.64208984375,4855020,INFY,1.4715853750824515,0.0,0.0
2023-01-24,1400.414672506807,1408.3144914155778,1391.2132299470666,1393.143310546875,5200802,INFY,0.25195125627770487,0.0,0.0
2023-01-25,1388.7446156153799,1396.8239314140474,1381.3385761332681,1385.15380859375,4158617,INFY,-0.5734874432974713,0.0,0.0
2023-01-27,1387.8467984858346,1392.2903779726057,1353.1955355242728,1363.7435302734375,6209955,INFY,-1.5456968163015006,0.0,0.0
2023-01-30,1372.4062845546568,1386.0513053859913,1364.5064664421677,1381.38330078125,6964719,INFY,1.2934815173257341,0.0,0.0
2023-01-31,1390.4500549143277,1390.4500549143277,1358.2225449839548,1376.849853515625,9448126,INFY,-0.3281817047492197,0.0,0.0
2023-02-01,1384.4353606189748,1395.9709138195835,1371.7329706732953,1392.4249267578125,6194199,INFY,1.1312107273293792,0.0,0.0
2023-02-02,1393.2329580209157,1424.607586792744,1393.2329580209157,1421.7349853515625,6916834,INFY,2.1049650886383553,0.0,0.0
2023-02-03,1434.0782806205177,1440.4968688634683,1412.0845918097493,1435.783935546875,7040194,INFY,0.9881553411895894,0.0,0.0
2023-02-06,1434.5272821728975,1434.5272821728975,1401.8509191605494,1409.2569580078125,4570612,INFY,-1.8475605473993961,0.0,0.0
2023-02-07,1408.494023406654,1414.822864476851,1396.0159473630506,1402.5692138671875,4336238,INFY,-0.47455817781301146,0.0,0.0
2023-02-08,1405.3518929839772,1439.0157038986365,1405.3518929839772,1427.79443359375,7983338,INFY,1.7985008851727935,0.0,0.0
2023-02-09,1432.9112588662606,1454.0521755088755,1423.7996752366064,1451.58349609375,6904911,INFY,1.666140583005582,0.0,0.0
2023-02-10,1447.9478465069383,1450.955234729636,1433.1357691390035,1443.998046875,4786762,INFY,-0.522563754628147,0.0,0.0
2023-02-13,1433.6296691341104,1433.6296691341104,1405.8009153813505,1407.1025390625,4001199,INFY,-2.5550940247008436,0.0,0.0
2023-02-14,1422.5876690783793,1432.7317409015575,1416.7077894001222,1430.2630615234375,5043736,INFY,1.6459726152131315,0.0,0.0
2023-02-15,1421.9595093920875,1435.4250350492096,1414.7778957082892,1433.674560546875,3465747,INFY,0.23852248689160138,0.0,0.0
2023-02-16,1436.3225698383455,1449.2943142141119,1434.3924894685822,1437.9384765625,4290289,INFY,0.29741170925139393,0.0,0.0
2023-02-17,1430.9364201598676,1431.8341218036317,1414.328939750233,1421.7799072265625,2857734,INFY,-1.1237316199066982,0.0,0.0
2023-02-20,1422.8121596263827,1439.0157179378093,1420.6128344582553,1429.544921875,2417716,INFY,0.5461474458156257,0.0,0.0
2023-02-21,1435.1556281819492,1437.80391388057,1414.7778439330089,1417.9197998046875,2723288,INFY,-0.8132043906017961,0.0,0.0
2023-02-22,1403.1077157532914,1413.8801358358503,1396.1954567000723,1402.030517578125,3656244,INFY,-1.1206051448573562,0.0,0.0
2023-02-23,1409.2568030673553,1409.2568030673553,1389.7767226196806,1392.0657958984375,4766854,INFY,-0.7107350057472761,0.0,0.0
2023-02-24,1400.4146068720393,1408.4939219116857,1386.9490818059621,1392.0211181640625,2790986,INFY,-0.003209455652641857,0.0,0.0
2023-02-27,1382.4606439922532,1382.4606439922532,1348.3479787508859,1354.9012451171875,4920268,INFY,-2.666617090970025,0.0,0.0
2023-02-28,1360.5566878842833,1368.0974041544362,1329.7655850233577,1335.376220703125,9679811,INFY,-1.4410662389179318,0.0,0.0
2023-03-01,1339.7299588712954,1347.3154939495362,1329.9449890099597,1343.006591796875,5125043,INFY,0.5714023490497988,0.0,0.0
2023-03-02,1333.0870811609395,1336.318785501753,1317.1978042286796,1321.5516357421875,4644499,INFY,-1.5975317013136814,0.0,0.0
2023-03-03,1334.6579262232572,1337.3959600849184,1322.3145285534606,1327.9700927734375,4615015,INFY,0.4856758417649987,0.0,0.0
2023-03-06,1341.660213441557,1364.8657820936621,1340.4034090570754,1353.240478515625,6561742,INFY,1.9029333476487276,0.0,0.0
2023-03-08,1338.0692966126087,1342.961726985448,1329.585949900398,1339.999267578125,4137080,INFY,-0.9784817368177157,0.0,0.0
2023-03-09,1342.064064731897,1345.071343562409,1323.7509278183406,1328.9576416015625,5104656,INFY,-0.8240023889355408,0.0,0.0
2023-03-10,1310.6444413069564,1323.481619051477,1308.5348642940003,1321.012939453125,3699580,INFY,-0.5978145502713805,0.0,0.0
2023-03-13,1314.4145977317767,1327.0722775616289,1281.9178446623562,1288.29150390625,8798403,INFY,-2.4769958393004887,0.0,0.0
2023-03-14,1293.5881864305952,1300.1862721963982,1266.6571346659055,1274.7364501953125,7402784,INFY,-1.0521728715773615,1373.4252001953125,0.0
2023-03-15,1290.8950455008883,1295.2488768323813,1271.9086326160925,1274.4222412109375,7556182,INFY,-0.02464893698825854,1371.55169921875,0.0
2023-03-16,1272.7613459697632,1272.7613459697632,1255.6151580984792,1260.4627685546875,7323117,INFY,-1.0953569550846698,1369.4250415039062,0.0
2023-03-17,1283.7134156369266,1295.2937893448818,1267.016186133299,1275.36474609375,9090018,INFY,1.1822624127287629,1368.0946459960937,0.0
2023-03-20,1274.4670058884406,1274.4670058884406,1243.1821248798633,1260.0589599609375,8221829,INFY,-1.2001104922879424,1366.8100366210938,0.0
2023-03-21,1255.8845609971513,1261.2707706940655,1247.80524645178,1248.43359375,8536755,INFY,-0.9226049399543856,1365.7722875976563,0.0
2023-03-22,1259.4753551088436,1263.2905869400715,1240.758298512187,1247.1319580078125,8356487,INFY,-0.10426151208232648,1364.0630639648436,0.0
2023-03-23,1242.3740984776875,1242.3740984776875,1229.851204859829,1233.935791015625,7607718,INFY,-1.058121148083424,1362.353837890625,0.0
2023-03-24,1246.0099507660507,1255.8397404782686,1236.584082982878,1239.411865234375,7559127,INFY,0.44378923592471864,1360.7272045898437,0.0
2023-03-27,1244.4389202610448,1252.9670859905164,1233.5318232273341,1246.8626708984375,4170193,INFY,0.6011565544157049,1359.08171875,0.0
2023-03-28,1249.6903792948028,1254.9868406676687,1235.102728249846,1236.6737060546875,6633366,INFY,-0.8171681678791676,1356.8186108398438,0.0
2023-03-29,1237.9306721291487,1247.7156427956638,1224.9589261056296,1242.0152587890625,8813966,INFY,0.43192902931654675,1354.2700390625,0.0
2023-03-31,1260.3730158390927,1283.6683279611534,1251.3062518154823,1281.8729248046875,8711975,INFY,3.2091124270474225,1352.2672680664064,0.0
2023-04-03,1288.2017312639566,1288.2017312639566,1261.4053617670984,1266.522216796875,5242764,INFY,-1.1975218222314399,1349.8515478515626,0.0
2023-04-05,1256.7824202977913,1281.469217839355,1256.7824202977913,1277.92333984375,7506334,INFY,0.9001913188470656,1347.7805517578124,0.0
2023-04-06,1271.1454333092524,1282.2769547830226,1266.0733974815537,1276.44189453125,6948465,INFY,-0.11592599229630629,1345.9196118164064,0.0
2023-04-10,1278.2823267500144,1287.3042729141996,1270.2479401489488,1281.5589599609375,4993788,INFY,0.40088510504168173,1343.75794921875,0.0
2023-04-11,1282.7259356078043,1286.7206641982061,1246.907617130072,1262.30322265625,6942255,INFY,-1.5025244960461648,1341.1411474609374,0.0
2023-04-12,1268.4974270475386,1285.059979527605,1256.7823760661174,1282.1873779296875,5831169,INFY,1.5752281160777981,1339.0818188476562,0.0
2023-04-13,1265.5348481010121,1266.7019040302373,1241.5213299689306,1247.0870361328125,11267238,INFY,-2.737536057604195,1336.7486889648437,0.0
2023-04-17,1122.396511196189,1132.1365530010617,1064.0458990402255,1129.578125,53171705,INFY,-9.422671211241585,1331.7125854492188,0.0
2023-04-18,1140.0362461201344,1140.0362461201344,1124.909994178881,1130.5206298828125,12430884,INFY,0.08343866280275947,1326.7860009765625,0.0
2023-04-19,1126.0320630409092,1126.0320630409092,1103.6344503031144,1106.14794921875,11307230,INFY,-2.1558811064411043,1321.0604614257813,0.0
2023-04-20,1104.801324932899,1111.2199133454824,1096.452765729637,1098.2481689453125,8621249,INFY,-0.7141703132042099,1314.5907250976563,0.0
2023-04-21,1102.4674657463806,1107.0906515432816,1095.1961036957662,1101.794189453125,8691352,INFY,0.32287971044084873,1307.9109301757812,0.0
2023-04-24,1102.3777336910266,1104.1731371660935,1093.4007163156925,1100.8516845703125,8313774,INFY,-0.0855427349167881,1301.7428247070313,0.0
2023-04-25,1100.5373696805075,1109.1104648607622,1090.707579769993,1099.5948486328125,6808576,INFY,-0.11416941583648477,1295.6833374023438,0.0
2023-04-26,1102.3777989258251,1106.8663078791062,1095.6899644185316,1101.973876953125,5680192,INFY,0.2163549895918937,1289.1669262695314,0.0
2023-04-27,1104.1730895812436,1120.1522236538028,1100.043683683095,1118.7607421875,8020704,INFY,1.5233451160193923,1282.5104711914062,0.0
2023-04-28,1127.2438790677813,1130.2063382433646,1117.5935866641942,1124.595703125,10118277,INFY,0.5215557462349807,1276.1224243164063,0.0
2023-05-02,1126.2117608061656,1148.8338008021124,1126.2117608061656,1146.76904296875,8886401,INFY,1.9716721113316682,1270.9157543945312,0.0
2023-05-03,1136.4904547779106,1142.3255163545746,1132.989395915365,1139.3182373046875,5549783,INFY,-0.6497215555081537,1265.0968579101564,0.0
2023-05-04,1139.1384292092687,1145.2877729850925,1133.3482975814445,1143.2679443359375,4505401,INFY,0.34667285240634893,1259.2887255859375,0.0
2023-05-05,1148.1604275980321,1148.1604275980321,1125.9423114267645,1130.296142578125,5373791,INFY,-1.1346248114519786,1253.13587890625,0.0
2023-05-08,1133.3034433741707,1140.3504892363796,1126.7951061867552,1136.1312255859375,5260842,INFY,0.5162437336557746,1247.4229052734374,0.0
2023-05-09,1136.4904402427994,1141.876650860064,1131.7325770311218,1140.7095947265625,4969897,INFY,0.40297890221825394,1241.6461987304688,0.0
2023-05-10,1145.8264050289897,1145.8264050289897,1130.3410516063245,1134.0216064453125,6515734,INFY,-0.5863006949506033,1235.9682348632812,0.0
2023-05-11,1140.3054042377769,1145.3774399578563,1124.8649812707113,1127.6029052734375,6888461,INFY,-0.5660122466268458,1230.4796826171876,0.0
2023-05-12,1125.134528889781,1127.5134605758558,1112.2974589019764,1117.8182373046875,8292212,INFY,-0.8677405780873948,1224.9947314453125,0.0
2023-05-15,1122.0372679380657,1139.0935985840445,1118.222036083044,1129.622802734375,5534710,INFY,1.0560362173148041,1219.7467651367188,0.0
2023-05-16,1135.5927028546282,1143.6270896069495,1133.5728739365072,1134.96435546875,5236469,INFY,0.47286162437985,1215.34802734375,0.0
2023-05-17,1131.6427073715677,1131.9568810406574,1115.3494000856915,1119.34423828125,10465667,INFY,-1.3762650000623822,1211.0273876953124,0.0
2023-05-18,1129.8472737459822,1130.7899043107132,1115.3493701951222,1118.5362548828125,6948732,INFY,-0.07218363849159637,1206.5379809570313,0.0
2023-05-19,1127.558062988569,1143.0434145513507,1124.6405329839868,1139.093505859375,11094136,INFY,1.8378707786021797,1202.888818359375,0.0
2023-05-22,1142.729481502441,1163.0624495275167,1140.3057304351832,1160.5489501953125,7625947,INFY,1.883554267105647,1199.5403955078125,0.0
2023-05-23,1166.2941167921063,1179.7148242453716,1164.364145617976,1167.0572509765625,7436031,INFY,0.5607950255053673,1195.8167309570313,0.0
2023-05-24,1163.6907159656682,1171.500676643536,1159.202207626038,1165.80029296875,4824077,INFY,-0.10770320022952529,1192.3327514648438,0.0
2023-05-25,1162.0747750049484,1173.2960455245018,1157.361841386736,1170.9171142578125,4334121,INFY,0.438910619590982,1189.1719409179686,0.0
2023-05-26,1172.398361832931,1188.063211884976,1172.398361832931,1182.677001953125,5521606,INFY,1.0043313529298326,1186.4052221679688,0.0
2023-05-29,1196.3670853553535,1196.3670853553535,1175.8546221650074,1179.939208984375,4419365,INFY,-0.23149118180438855,1184.2381762695313,0.0
2023-05-30,1180.477725221967,1190.7115464294097,1175.2261922392356,1188.42236328125,6274719,INFY,0.7189484197390739,1182.51189453125,0.0
2023-05-31,1184.8315574211917,1194.9307014660071,1179.7147016049091,1183.440185546875,17800782,INFY,-0.41922618492462593,1180.6922534179687,0.0
2023-06-01,1187.2554902181837,1193.4944735314186,1183.2606516913986,1184.5174560546875,4277841,INFY,0.0910287246427055,1179.1733471679688,0.0
2023-06-02,1190.8857617337856,1194.4338775054596,1179.104315999841,1181.7880859375,10909311,INFY,-0.23042042168617272,1177.3018139648439,0.0
2023-06-05,1186.3369863034209,1191.2951754512299,1180.241587621195,1186.7918701171875,5002553,INFY,0.4234079052944706,1175.8364721679689,0.0
2023-06-06,1172.3265202842344,1172.3265202842344,1158.134167776339,1163.5927734375,10008100,INFY,-1.95477381197402,1174.1396557617188,0.0
2023-06-07,1174.0550816558036,1177.2392682391398,1166.7769408938925,1172.6448974609375,5397578,INFY,0.7779460503777091,1172.6499145507812,0.0
2023-06-08,1170.1429253728747,1175.4196213460507,1165.5031332892086,1167.0498046875,5034942,INFY,-0.4771344492737972,1171.3121948242188,0.0
2023-06-09,1166.7769126021076,1166.7769126021076,1149.9462124982956,1151.72021484375,5339073,INFY,-1.3135334740795201,1169.5583618164062,0.0
2023-06-12,1158.5890989066725,1178.7858962557063,1158.1342150829948,1175.374267578125,4785588,INFY,2.053801993705906,1168.12859375,0.0
2023-06-13,1182.6069242988215,1188.611368241848,1180.0141088524708,1187.1102294921875,4846587,INFY,0.9984872255409005,1167.13732421875,0.0
2023-06-14,1188.4749628140476,1188.7933592845616,1176.5114958499232,1183.0618896484375,3457981,INFY,-0.34102476275365,1165.9582568359374,0.0
2023-06-15,1177.1937141878004,1177.1937141878004,1166.9134071805377,1170.68896484375,6161155,INFY,-1.045839183304631,1163.7345776367188,0.0
2023-06-16,1170.8709985269152,1184.0626298234502,1165.4579252792078,1175.1014404296875,8536287,INFY,0.3769127170790698,1161.906162109375,0.0
2023-06-19,1177.2392578125,1182.2429795419966,1170.9164175038359,1177.2392578125,4451787,INFY,0.18192619881656213,1159.89248046875,0.0
2023-06-20,1177.239178669295,1187.24662145551,1174.6008306327171,1185.791015625,4009180,INFY,0.726424790521385,1158.079462890625,0.0
2023-06-21,1182.6522836320391,1186.154977548267,1178.1489786763307,1182.1064453125,4041529,INFY,-0.3107267860819385,1156.0904125976563,0.0
2023-06-22,1173.0543732215287,1173.0543732215287,1158.5890460770524,1165.9127197265625,6676607,INFY,-1.3699041782702204,1154.1626025390624,0.0
2023-06-23,1161.2728742885731,1163.9112226889422,1149.354940265523,1150.8560791015625,7239467,INFY,-1.2914037534929035,1151.5359765625,0.0
2023-06-26,1155.6321899905513,1159.0438181837924,1148.3540498449702,1155.72314453125,3403244,INFY,0.42290826090845,1149.7086987304688,0.0
2023-06-27,1164.502650447375,1166.3221858386987,1159.2259533902843,1163.7293701171875,3240024,INFY,0.6927459767351651,1150.3917236328125,0.0
2023-06-28,1173.6001280966725,1179.6955262002027,1165.7761494538163,1176.6478271484375,5662358,INFY,1.110091174372374,1151.314267578125,0.0
2023-06-30,1190.158048597247,1218.0879833361867,1186.746419756991,1214.9947509765625,12821692,INFY,3.2589975473848787,1153.4912036132812,0.0
2023-07-03,1209.9908380904787,1224.5471188494619,1208.5806539697087,1213.35693359375,7732412,INFY,-0.1348003669560005,1155.79337890625,0.0
2023-07-04,1223.0006455219911,1224.5472060405089,1211.2646211133026,1223.77392578125,5797775,INFY,0.8585266131579949,1158.2329736328124,0.0
2023-07-05,1235.327962395677,1235.4189169481579,1219.9983999394044,1225.72998046875,5414936,INFY,0.15983791174920547,1160.7305395507813,0.0
2023-07-06,1221.4084327344483,1225.8662047537898,1216.495665897886,1222.6365966796875,5963897,INFY,-0.25237073730378645,1163.1913745117188,0.0
2023-07-07,1213.6298905441663,1224.3651918692738,1205.7603791627248,1210.1727294921875,6295647,INFY,-1.019425332216306,1165.3553515625,0.0
2023-07-10,1215.9499539497926,1220.817188493727,1200.2564625432983,1209.2176513671875,3940315,INFY,-0.07892081037066401,1167.1644897460938,0.0
2023-07-11,1213.129595917475,1229.0051076173486,1207.2616391546826,1226.91259765625,6126128,INFY,1.4633384047161302,1169.2108276367187,0.0
2023-07-12,1229.0960058756348,1229.9148189122855,1207.26158386156,1212.9931640625,8102770,INFY,-1.1345089797219488,1170.5353100585937,0.0
2023-07-13,1214.448888824335,1252.5681765318216,1210.7642853266614,1241.923828125,9977644,INFY,2.385064064632214,1172.587421875,0.0
2023-07-14,1256.0706748916025,1300.9676843031073,1256.0706748916025,1297.2830810546875,12833381,INFY,4.457540122510273,1175.667724609375,0.0
2023-07-17,1297.282891302177,1327.3052180870611,1286.6841890241146,1294.5535888671875,11569884,INFY,-0.21040066176465366,1178.9528735351562,0.0
2023-07-18,1304.6067308473641,1344.5909722136412,1300.0578928736984,1342.089111328125,16743977,INFY,3.671962510453808,1183.07203125,0.0
2023-07-19,1351.9146708665796,1363.559740717556,1328.8975058703597,1341.8616943359375,13687062,INFY,-0.016944999424250984,1187.0950732421875,0.0
2023-07-20,1338.2680093081667,1338.2680093081667,1310.7020092897064,1318.7080078125,8347221,INFY,-1.7254897893851706,1190.7888012695312,0.0
2023-07-21,1201.075039161913,1228.186155763225,1187.2466172377842,1211.4464111328125,45548305,INFY,-8.133839791995745,1192.4656713867187,0.0
2023-07-24,1219.998361010124,1228.0953149237007,1213.8574296627578,1215.995361328125,8859789,INFY,0.3754974345962836,1194.4292138671874,0.0
2023-07-25,1216.359245637285,1221.681363730559,1204.759709076421,1214.17578125,6801982,INFY,-0.14963709040284323,1196.1202734375,0.0
2023-07-26,1221.817774817035,1228.186147433356,1218.5426339683336,1227.139892578125,5528885,INFY,1.0677293624468787,1197.9637841796875,0.0
2023-07-27,1236.0101907567564,1240.7410487249037,1225.5024420215238,1231.052001953125,9191861,INFY,0.3187989730152996,1200.197939453125,0.0
2023-07-28,1231.6888321728816,1240.7865080925476,1215.4495028674003,1219.54345703125,6122735,INFY,-0.9348544905995904,1202.2180834960936,0.0
2023-07-31,1227.0489861059361,1235.0094521881804,1212.9475890459607,1233.371826171875,7902180,INFY,1.1338972023422267,1204.1036499023437,0.0
2023-08-01,1239.1034366209878,1245.471809643269,1234.55459874793,1242.0146484375,6064652,INFY,0.7007475022719145,1205.7329638671874,0.0
2023-08-02,1245.7447635687552,1248.1555587567932,1226.7760211098619,1234.4180908203125,7419145,INFY,-0.6116318858834902,1207.0801806640625,0.0
2023-08-03,1228.186202359877,1243.2428998554956,1227.2764348025732,1241.1959228515625,6503741,INFY,0.5490710223426731,1208.5880932617188,0.0
2023-08-04,1245.380890015176,1260.8469392172133,1239.1034713632262,1253.9781494140625,5712345,INFY,1.0298314977649659,1210.2493139648439,0.0
2023-08-07,1262.6664818373094,1269.1258096249944,1252.7499927266074,1267.3062744140625,3729093,INFY,1.0628674037284958,1211.9418994140624,0.0
2023-08-08,1267.1696952534337,1267.8065991644844,1259.482203966465,1264.7587890625,4161877,INFY,-0.20101576098803253,1213.638291015625,0.0
2023-08-09,1259.1183508602219,1270.0355619948482,1257.7536994683937,1268.5799560546875,4090828,INFY,0.3021261465215863,1215.2414428710938,0.0
2023-08-10,1266.0324754708959,1269.8535657391153,1260.5738702782457,1263.758056640625,3873025,INFY,-0.3801021284506767,1216.8478002929687,0.0
2023-08-11,1266.396413303026,1270.8087636526227,1243.6977576448737,1248.0645751953125,5783517,INFY,-1.2418105952202274,1218.1187426757813,0.0
2023-08-14,1248.0647379072082,1269.1258813755687,1242.378690051583,1267.8067626953125,4304135,INFY,1.5818242014368877,1219.8391162109374,0.0
2023-08-16,1283.5000834227826,1291.8243675275844,1278.5873165202784,1290.5052490234375,7735313,INFY,1.7903742901535624,1221.9133837890624,0.0
2023-08-17,1291.8701096855618,1291.8701096855618,1279.1333621252818,1284.1826171875,5618346,INFY,-0.48993460822588375,1224.3251806640626,0.0
2023-08-18,1277.0408006474313,1281.589638878783,1261.0744450887594,1263.4853515625,5134103,INFY,-1.611707349717073,1226.1419897460937,0.0
2023-08-21,1264.3495172472738,1280.04300828704,1261.9841437074754,1278.58740234375,3032722,INFY,1.1952691626043732,1228.3727416992188,0.0
2023-08-22,1277.9505385325194,1279.178813670877,1270.6269757839684,1277.0863037109375,2890714,INFY,-0.11740289557529149,1230.8800634765626,0.0
2023-08-23,1288.2310228104463,1288.7768612022073,1278.8149496217914,1280.9073486328125,2559125,INFY,0.2992002115105086,1232.9907250976562,0.0
2023-08-24,1293.2345299499723,1296.4642490688886,1286.820624510391,1295.14501953125,5171963,INFY,1.1115301129027255,1235.1514208984374,0.0
2023-08-25,1285.5016097963642,1294.14440193583,1284.0460038576823,1291.9609375,4307172,INFY,-0.2458475292907658,1237.3294018554689,0.0
2023-08-28,1291.9608968278883,1296.236871016697,1284.0459634347399,1287.9124755859375,3133464,INFY,-0.3133579194659286,1239.6738720703124,0.0
2023-08-29,1295.509057691945,1295.8729869417455,1287.594124022955,1289.7320556640625,3074444,INFY,0.14128134579154406,1241.966484375,0.0
2023-08-30,1298.2383261733323,1307.0176054605395,1295.5090234553786,1305.6529541015625,3070887,INFY,1.2344345763587672,1244.5347583007813,0.0
2023-08-31,1305.6529176191962,1314.523151204695,1299.739428562197,1305.92578125,9792735,INFY,0.02089583970843467,1246.9374536132811,0.0
2023-09-01,1301.831847342556,1315.5238935615507,1299.32998654913,1313.56787109375,3582133,INFY,0.5851856172435221,1249.5666821289062,0.0
2023-09-04,1312.794670582204,1337.3583962271932,1305.243554943164,1332.9005126953125,4609014,INFY,1.4717657174017962,1252.9064379882811,0.0
2023-09-05,1332.8095304482017,1346.5015772139598,1325.0765058688094,1345.455322265625,5496840,INFY,0.9419164784418177,1256.7984228515625,0.0
2023-09-06,1348.184640888555,1349.094408496813,1331.2629855860807,1344.1361083984375,5075786,INFY,-0.09804962270809625,1260.5666821289062,0.0
2023-09-07,1337.9042448716023,1340.4516386395803,1330.1257983242597,1333.9012451171875,4411743,INFY,-0.7614454531278847,1263.9701196289063,0.0
2023-09-08,1331.4449464210497,1341.6798324116455,1328.4426687748935,1336.9945068359375,3125838,INFY,0.23189585661405054,1267.1770532226562,0.0
2023-09-11,1336.994432557999,1344.6820353527714,1332.3546400444875,1343.226318359375,4182226,INFY,0.4661059930743727,1269.7416845703126,0.0
2023-09-12,1348.730324182031,1368.290325510809,1343.817557451124,1365.6519775390625,6793161,INFY,1.6695369107328384,1272.7875854492188,0.0
2023-09-13,1369.200367950324,1369.200367950324,1354.3256884896966,1363.150390625,4804686,INFY,-0.18317894714071636,1275.5751147460937,0.0
2023-09-14,1369.200240762729,1376.0690305788348,1363.8781225031132,1370.9742431640625,6444213,INFY,0.5739537319484844,1278.48,0.0
2023-09-15,1381.0272468920564,1381.3911761511094,1372.839338313645,1375.2047119140625,8657816,INFY,0.3085739043672042,1281.5313623046875,0.0
2023-09-18,1369.1092169496771,1369.1092169496771,1353.7341230453653,1357.1912841796875,3991916,INFY,-1.3098724559562624,1284.4717333984374,0.0
2023-09-20,1342.9989700048607,1360.193600922578,1342.9989700048607,1355.78125,4169337,INFY,-0.1038935481036285,1287.4030053710937,0.0
2023-09-21,1352.4149859666784,1368.790801746706,1342.8168939622524,1366.243408203125,6779195,INFY,0.7716700760631579,1290.1896215820314,0.0
2023-09-22,1357.282291448548,1370.9742270619945,1351.1867819544711,1361.1488037109375,5455613,INFY,-0.37289142341684345,1293.152734375,0.0
2023-09-25,1355.4173412026605,1355.4173412026605,1338.7686594717886,1341.134033203125,4217863,INFY,-1.4704322152909177,1295.1369384765626,0.0
2023-09-26,1345.682751173916,1346.3650768655104,1327.3509120486192,1328.85205078125,3996528,INFY,-0.9157908246158697,1295.7683178710938,0.0
2023-09-27,1324.6214638718475,1336.9942795100794,1319.2083917349964,1334.62890625,3863586,INFY,0.4347252551820002,1296.56982421875,0.0
2023-09-28,1335.447772053514,1339.723634998435,1305.5163982722486,1309.5648193359375,5814602,INFY,-1.8779817218620543,1295.9193383789063,0.0
2023-09-29,1302.8780821778992,1316.251731755555,1288.2308468786073,1305.92578125,6068968,INFY,-0.27788147880933867,1295.2006201171876,0.0
2023-10-03,1306.4718796302209,1307.3361144764153,1292.143039127087,1304.6068115234375,4181867,INFY,-0.10099882746016364,1294.9185961914063,0.0
2023-10-04,1296.41896651613,1319.117626104109,1290.232501762434,1314.02294921875,4510406,INFY,0.7217605804400895,1296.970126953125,0.0
2023-10-05,1320.9827400771835,1342.498769039567,1319.3451137457446,1331.3995361328125,7384621,INFY,1.3223959995823265,1299.2782104492187,0.0
2023-10-06,1336.9034978713848,1350.5500119701062,1331.2629831328265,1345.2733154296875,3598672,INFY,1.0420447747167438,1301.9001611328124,0.0
2023-10-09,1332.7185470073355,1356.4634585781648,1330.2621079137662,1342.3165283203125,3567552,INFY,-0.21979080945574436,1304.2036938476563,0.0
2023-10-10,1350.0041284403374,1361.9220614766054,1336.5395238912695,1360.239013671875,5688951,INFY,1.3351906926147628,1306.7874340820313,0.0
2023-10-11,1361.922258594811,1381.2548223858196,1347.7753263160805,1359.556884765625,7220129,INFY,-0.050147723995108695,1309.5877026367189,0.0
2023-10-12,1357.2822909047482,1368.654385789573,1320.982541821264,1333.264404296875,11081662,INFY,-1.93390072628572,1311.5855541992187,0.0
2023-10-13,1278.2234711912276,1308.2458018313064,1273.6746332154582,1302.013916015625,17973439,INFY,-2.3439077935730634,1312.7855395507813,0.0
2023-10-16,1302.8782180442538,1313.3405459284356,1300.967728206962,1304.7432861328125,4850745,INFY,0.20962680072882378,1314.1920434570313,0.0
2023-10-17,1310.2928671016498,1322.2108011891066,1308.291422679862,1312.2943115234375,3923764,INFY,0.5787364817952723,1315.6140112304688,0.0
2023-10-18,1311.8849145317179,1322.8021260257406,1308.5642404911625,1310.5657958984375,4264837,INFY,-0.1317170706160664,1316.7457641601563,0.0
2023-10-19,1297.4195403384058,1309.746935628435,1297.4195403384058,1304.288330078125,6795691,INFY,-0.4789889862804708,1317.4854052734374,0.0
2023-10-20,1300.9676812379575,1308.700705916645,1296.6462850939854,1298.4658203125,3928622,INFY,-0.44641277786149347,1318.1595458984375,0.0
2023-10-23,1296.9644592238205,1303.105389533645,1278.4507137601356,1281.5439453125,2636516,INFY,-1.3032206728343043,1318.4188256835937,1272.3993408203125
2023-10-25,1289.2389333048216,1292.5104566531788,1254.4967997562355,1262.560302734375,6940777,INFY,-1.4813103091440127,1318.3948706054687,1271.8716558837891
2023-10-26,1248.7372916684367,1266.2004921783227,1246.940214740459,1252.7919921875,6357656,INFY,-0.77369061309146,1318.4894189453125,1271.3016375732423
2023-10-27,1256.6623976967833,1276.3373223697179,1256.6623976967833,1272.0521240234375,4634358,INFY,1.537376671949131,1318.574326171875,1270.9524755859375
2023-10-30,1272.0520110993787,1272.0520110993787,1256.1553924305153,1269.010986328125,2667696,INFY,-0.23907335539785635,1318.1444409179687,1270.6760833740234
2023-10-31,1271.6834287710847,1272.7893480503349,1256.0633173275878,1261.0396728515625,3451595,INFY,-0.6281516521482122,1317.68158203125,1270.4796765136718
2023-11-01,1265.3249033766447,1269.379603358429,1245.6038569027073,1247.90771484375,3090672,INFY,-1.0413596249606916,1317.370029296875,1270.0562493896484
2023-11-02,1262.5142118386507,1268.3199791238953,1254.819348447591,1262.6524658203125,3758060,INFY,1.1815578028066431,1317.0513305664062,1269.7725262451172
2023-11-03,1271.7756915818663,1282.7880874213406,1269.6560973022642,1280.069580078125,3349045,INFY,1.3794068224859624,1317.11099609375,1269.5691564941405
2023-11-06,1284.5391312922866,1296.8417109189295,1281.6823697767961,1293.20166015625,2736381,INFY,1.0258879894109674,1317.3568823242188,1269.3894799804686
2023-11-07,1290.1604881630135,1295.5976155760281,1285.4145181543718,1294.1231689453125,2272209,INFY,0.07125793427693594,1317.3364453125,1269.1109503173827
2023-11-08,1294.7681818070128,1294.7681818070128,1277.6735106371746,1281.8665771484375,3550635,INFY,-0.9470962340365152,1317.1345581054688,1268.6730639648438
2023-11-09,1286.3821608724284,1287.8566074771882,1262.5602919196745,1266.9376220703125,5498051,INFY,-1.164626283597714,1316.7150610351562,1268.0976947021484
2023-11-10,1262.46802069147,1265.4170263311844,1254.2202543175401,1261.454345703125,2943649,INFY,-0.43279765883242893,1316.1495068359375,1267.4684252929687
2023-11-13,1271.5912989072524,1273.9872886097166,1263.2974105189112,1265.78564453125,3462092,INFY,0.34335755732093354,1315.3521606445313,1266.8899877929687
2023-11-15,1289.2390443084512,1303.0621934611509,1283.7097846473714,1299.8367919921875,8551860,INFY,2.6901195797292665,1315.230380859375,1266.5417272949219
2023-11-16,1304.9973516506468,1339.3709592887674,1299.9288638617754,1331.537841796875,6673907,INFY,2.4388484769769514,1315.5897802734376,1266.2512060546876
2023-11-17,1327.9899276991723,1337.1592379171582,1322.4606682729127,1324.7645263671875,4901251,INFY,-0.5086836601314371,1315.427060546875,1265.9093121337892
2023-11-20,1328.8653942384274,1338.0808269307881,1321.170530438921,1323.8890380859375,3584210,INFY,-0.06608633185934965,1314.9957348632813,1265.60298828125
2023-11-21,1328.8653376978914,1336.2376835381015,1324.0272357402534,1326.1007080078125,3793135,INFY,0.16705855689178595,1314.6350268554688,1265.4147741699219
2023-11-22,1323.5202369954038,1344.4853438157159,1323.5202369954038,1343.4256591796875,3108786,INFY,1.3064581797789687,1314.8255151367186,1265.2249859619142
2023-11-23,1352.733312304696,1352.733312304696,1334.1180718038254,1335.5465087890625,3186928,INFY,-0.586496940622383,1314.7965551757814,1265.0184692382813
2023-11-24,1332.1369430585005,1338.679877895318,1321.3548191084903,1324.6263427734375,2973195,INFY,-0.8176552402900827,1314.4245556640626,1264.6794763183593
2023-11-28,1330.7083049952287,1331.6298481427323,1315.0881936422663,1329.51025390625,3755373,INFY,0.3687010423321979,1313.7017211914062,1264.2183526611327
2023-11-29,1337.251355220777,1346.0981477081089,1336.0534165206054,1345.08447265625,3875778,INFY,1.1714252450660823,1313.3404028320313,1263.7648553466797
2023-11-30,1339.2326879569457,1346.0521303013406,1335.8230230312827,1340.983642578125,10120867,INFY,-0.3048752819238776,1312.7405908203125,1263.4234887695313
2023-12-01,1345.3608832594507,1345.3608832594507,1332.6896647955414,1338.357177734375,3489187,INFY,-0.19586106499408507,1312.0036401367188,1263.1024285888673
2023-12-04,1345.867629189617,1356.4193656021828,1335.592513208383,1349.461669921875,5511948,INFY,0.8297106611179883,1311.8490478515625,1262.710764770508
2023-12-05,1350.798062419795,1351.8117374373267,1328.8652893459846,1339.877685546875,5123039,INFY,-0.7102079731953315,1311.5309765625,1262.1522357177735
2023-12-06,1342.4580969426866,1361.1193473034825,1337.2053455420607,1358.6312255859375,5269178,INFY,1.3996456722397133,1311.3787329101563,1261.7254016113282
2023-12-07,1357.2948166644478,1357.2948166644478,1347.1118322726165,1350.89013671875,4424453,INFY,-0.5697711580159637,1311.1735595703126,1261.4443395996093
2023-12-08,1355.0371580856024,1377.4305905862009,1351.2127312666094,1374.1591796875,6323433,INFY,1.7224970659175387,1311.8340625,1261.1638201904298
2023-12-11,1373.0992336100205,1380.4715784884636,1365.7268887315774,1371.7169189453125,3862018,INFY,-0.17772764453263257,1312.6913598632811,1260.854031982422
2023-12-12,1361.5802113283032,1373.0995024562922,1352.5030324180634,1360.2440185546875,6103494,INFY,-0.8363897996859548,1313.203662109375,1260.4655596923828
2023-12-13,1360.19782972632,1360.2439518858023,1320.7097241735976,1335.316162109375,8549258,INFY,-1.832601805652434,1313.7186889648438,1260.033240966797
2023-12-14,1348.5862305244145,1392.4516607400496,1346.6970221224815,1383.65087890625,12489858,INFY,3.619720794850667,1315.2731909179688,1259.8037707519532
2023-12-15,1403.5564479809898,1463.917528966799,1401.6672393803897,1454.5638427734375,18395389,INFY,5.125061888678362,1318.2723315429687,1259.9869909667968
2023-12-18,1444.9337442546357,1468.0184484698,1437.884028140626,1441.6162109375,6467243,INFY,-0.8901384356736153,1320.8241967773438,1260.1849194335937
2023-12-19,1446.9149134299466,1450.4628321473872,1422.1715017334877,1436.040771484375,4221721,INFY,-0.38674922013391955,1322.917021484375,1260.4047943115233
2023-12-20,1442.2611198785871,1459.2635456213156,1409.9609881911038,1415.85888671875,6592367,INFY,-1.4053838279789121,1324.3287329101563,1260.523983154297
2023-12-21,1401.8977151314416,1425.3049369492605,1401.8977151314416,1415.490478515625,5319038,INFY,-0.026020121537595475,1325.7922119140626,1260.826929321289
2023-12-22,1414.5228268659648,1443.136790994993,1403.510429556433,1440.280029296875,6741060,INFY,1.7513046648852004,1327.3930322265626,1261.3514483642577
2023-12-26,1414.5687619692478,1426.5488231455345,1403.5102439603677,1422.8165283203125,6878067,INFY,-1.2125073333890457,1328.6582250976562,1261.750498046875
2023-12-27,1422.862643983342,1446.8227662265847,1422.862643983342,1444.1502685546875,4225849,INFY,1.4994020528817043,1330.8759423828126,1262.3634912109376
2023-12-28,1445.8552154390939,1445.8552154390939,1432.9997322913293,1440.049560546875,5702253,INFY,-0.28395299970525034,1333.6366552734376,1262.9238885498046
2023-12-29,1420.144166634131,1437.1004712006081,1419.1765012951132,1421.8489990234375,4388990,INFY,-1.26388438440449,1335.97876953125,1263.2669311523437
2024-01-01,1418.254950581332,1434.8427277811138,1414.799163664711,1429.635986328125,2808451,INFY,0.5476662648449926,1338.3256030273437,1263.7151147460938
2024-01-02,1424.7057474638627,1427.6086309615123,1403.5102544550214,1414.015869140625,5396313,INFY,-1.092594012523329,1340.3946044921875,1264.140405883789
2024-01-03,1400.6995390215577,1400.6995390215577,1371.2562788380874,1373.099365234375,7550363,INFY,-2.893638239796925,1341.7708251953125,1264.4008380126952
2024-01-04,1386.8763509676678,1400.5152349032498,1375.7718232468026,1394.018310546875,7056038,INFY,1.5234837217282804,1343.681875,1264.9294720458984
2024-01-05,1388.5352963045564,1418.9001014903272,1388.0745246781073,1412.3111572265625,8895403,INFY,1.312238622784756,1346.2972192382813,1265.6173455810547
2024-01-08,1408.9935731336889,1415.4904983479466,1394.525388427754,1403.326171875,4440136,INFY,-0.636190212446297,1349.1125366210938,1266.261865234375
2024-01-09,1420.9275847658068,1431.1566925228285,1406.1367703448866,1409.316162109375,4412074,INFY,0.42684233747110056,1352.2430200195313,1267.0061322021484
2024-01-10,1405.3074127004143,1414.9836173666822,1386.9226688317367,1400.6536865234375,4096845,INFY,-0.6146580745211905,1354.8150512695313,1267.632576904297
2024-01-11,1405.261293276588,1405.3534251009314,1369.9661425866611,1376.9698486328125,11296088,INFY,-1.6909131870712968,1356.974228515625,1268.2171313476563
2024-01-12,1439.450434041234,1491.056851650907,1433.368271607278,1486.21875,26754401,INFY,7.934008248304081,1361.4778100585938,1269.4060571289062
2024-01-15,1515.8923891628679,1534.3232525223632,1507.6446228067189,1522.4814453125,13228305,INFY,2.439929876574354,1366.9692846679689,1270.7828045654296
2024-01-16,1515.7542704008683,1519.1639351762556,1497.5076704042556,1503.5438232421875,6500917,INFY,-1.2438655412595478,1371.7871118164062,1272.1308447265626
2024-01-17,1493.1303945709744,1518.2424471875822,1493.1303945709744,1511.51513671875,9209876,INFY,0.5301683498239118,1376.4160229492188,1273.4913610839844
2024-01-18,1513.7730508709333,1519.6248280436816,1500.5028054955274,1513.7269287109375,6375464,INFY,0.14632946362607147,1380.8265283203125,1274.825682373047
2024-01-19,1522.0205868141354,1534.8300586161174,1515.1551356019972,1529.0242919921875,4522736,INFY,1.010576147593345,1385.52455078125,1276.2874353027344
2024-01-23,1520.638356967558,1543.3082963711743,1509.2111992011553,1513.3121337890625,9401255,INFY,-1.0275937593282714,1390.1534619140625,1277.6439196777344
2024-01-24,1529.6695716902016,1548.1925674088009,1515.938555587784,1543.9534912109375,8999681,INFY,2.024787665262062,1395.693779296875,1278.9543225097657
2024-01-25,1541.6956238359799,1548.6994420250173,1527.9185982399085,1538.147705078125,8865304,INFY,-0.37603374491927966,1401.227646484375,1280.3124499511719
2024-01-29,1534.5076571987393,1547.5935254301967,1518.3345293026832,1526.62841796875,4253785,INFY,-0.7489064328051631,1406.444501953125,1281.555975341797
2024-01-30,1532.0194213135253,1557.4079810311105,1518.9335530973535,1521.8824462890625,4995943,INFY,-0.31087929608976106,1410.8854150390625,1282.783178100586
2024-01-31,1518.93352092331,1536.442841049227,1509.5798353047996,1530.591064453125,6763779,INFY,0.5722267304743234,1414.8664794921874,1284.028338623047
2024-02-01,1529.3471931576782,1545.4280783736983,1520.8689274978267,1527.0433349609375,5760011,INFY,-0.2317882009493566,1418.9120556640626,1285.3520391845702
2024-02-02,1535.3371760388302,1583.6720744845543,1534.3695106294924,1560.4952392578125,7858483,INFY,2.1906322846908965,1423.6441796875,1286.7435784912109
2024-02-05,1561.7853328521521,1567.3145920332188,1549.8974031142452,1554.82763671875,3634135,INFY,-0.363192555573455,1428.2187182617188,1288.2822814941405
2024-02-06,1554.4129683538292,1597.034340689009,1542.6171705805966,1593.7628173828125,7694265,INFY,2.5041477103037613,1433.2254614257813,1290.6032049560547
2024-02-07,1593.348042190383,1593.348042190383,1554.5049774833712,1560.8636474609375,4613877,INFY,-2.064245040921464,1437.7318041992187,1292.7549200439453
2024-02-08,1564.7805117170838,1572.4753757160167,1550.7730986588967,1559.3433837890625,5919715,INFY,-0.09739887749631304,1442.4261450195313,1295.0208972167968
2024-02-09,1552.5238399589869,1560.080561966992,1529.577503446997,1538.378173828125,4600004,INFY,-1.344489621650491,1446.6035034179688,1297.2215472412108
2024-02-12,1539.2997433619348,1560.126598289278,1539.2997433619348,1548.2847900390625,3555808,INFY,0.6439649482471443,1450.667509765625,1299.4540002441406
2024-02-13,1550.957305138598,1556.578696520759,1532.9872115852988,1552.3857421875,2696481,INFY,0.2648706604121642,1454.8955517578124,1301.7116705322267
2024-02-14,1529.9460822117326,1538.470357405494,1507.1840085834583,1535.475341796875,3768579,INFY,-1.0893169095199329,1458.8379150390624,1303.8910729980469
2024-02-15,1545.4281272111978,1555.334717770244,1531.2363377721808,1544.8291015625,4834391,INFY,0.6091768139160569,1462.745263671875,1306.1053491210937
2024-02-16,1556.486498735968,1574.917363137815,1555.5188333576436,1568.14404296875,4880654,INFY,1.5092246373834106,1467.3105908203124,1308.352265625
2024-02-19,1571.2311682439513,1577.2211990906292,1555.2884257624896,1566.39306640625,3690993,INFY,-0.11165916615575311,1471.4658276367188,1310.5612524414062
2024-02-20,1552.800253854097,1561.3245282446908,1537.825177221973,1553.0306396484375,3706389,INFY,-0.8530698356875144,1475.5086376953125,1312.5925604248048
2024-02-21,1542.6633157025528,1542.6633157025528,1516.2150708785946,1525.660888671875,4300508,INFY,-1.7623445589430409,1478.538671875,1314.5242736816406
2024-02-22,1534.3694366019563,1552.4316609246032,1515.3856690741432,1549.4366455078125,5841277,INFY,1.5583906628579003,1482.09306640625,1316.5551171875
2024-02-23,1563.8587905950133,1565.194983220865,1540.728079066558,1545.2896728515625,5373072,INFY,-0.2676438993664654,1485.7939794921874,1318.630084838867
2024-02-26,1543.5386736406174,1543.5386736406174,1515.9385009458492,1529.89990234375,2782438,INFY,-0.9959149263848666,1489.685654296875,1320.5989282226562
2024-02-27,1530.683233844853,1539.9907975363865,1523.1266247075048,1533.0792236328125,5159088,INFY,0.20781237283511445,1492.6742211914063,1322.5607763671876
2024-02-28,1538.9772213327412,1555.380736114235,1531.6509975218291,1540.129150390625,3188916,INFY,0.45985404075250536,1494.38552734375,1324.591314086914
2024-02-29,1534.369531530479,1550.2661528030922,1523.5875203601972,1542.5712890625,7814722,INFY,0.15856713518185295,1496.40462890625,1326.6661560058594
2024-03-01,1538.0556768856939,1540.7741844629486,1521.4678984651173,1524.8775634765625,6387291,INFY,-1.147028063558142,1498.1813647460938,1328.7014526367188
2024-03-04,1527.7803779385492,1533.8625405850848,1505.479077403563,1508.75048828125,4445156,INFY,-1.0575980381365424,1500.0391967773437,1330.597091064453
2024-03-05,1505.8016678459578,1508.888815229402,1476.312283897934,1480.459228515625,4596579,INFY,-1.8751450279796744,1501.3385717773438,1332.3245654296875
2024-03-06,1477.049450044554,1493.0382016771937,1452.352047887815,1490.6422119140625,6420684,INFY,0.6878259936038411,1502.3458154296875,1334.1810552978516
2024-03-07,1489.7666719434026,1500.686936051952,1478.339514092148,1489.62841796875,6348359,INFY,-0.06801054855481992,1503.6820532226564,1336.0365161132813
2024-03-11,1481.9796685740168,1487.186409973432,1463.4105512344881,1475.02197265625,6752895,INFY,-0.9805428747403533,1504.2994873046875,1337.7161584472656
2024-03-12,1474.4691365947879,1497.5077168540815,1472.303532549028,1486.403076171875,4614222,INFY,0.7715887442089953,1505.2265576171876,1339.3454290771485
2024-03-13,1486.3569240580796,1497.0468017752844,1473.1328027552288,1484.974609375,5688997,INFY,-0.096102249771568,1506.4890698242189,1340.9350158691407
2024-03-14,1487.7394689212454,1527.6883469444472,1481.8415695289827,1523.5875244140625,8803799,INFY,2.6002407580095976,1508.3681005859376,1342.7239520263672
2024-03-15,1512.344570167545,1516.6758908384104,1491.3794617139743,1505.8016357421875,11809997,INFY,-1.1673690147020022,1510.2038159179688,1344.398374633789
2024-03-18,1502.11556344857,1504.5576756669025,1473.4094674521489,1476.911376953125,4958904,INFY,-1.9185965869151778,1512.2800561523438,1345.869546508789
2024-03-19,1467.4194357537194,1473.5477211325924,1435.7644462317567,1438.9437255859375,6870411,INFY,-2.5707467597355094,1513.178564453125,1347.164569091797
2024-03-20,1440.3720813461923,1451.3844780457566,1430.5576233604784,1432.95361328125,4759059,INFY,-0.41628537643112473,1513.5914135742187,1348.387225341797
2024-03-21,1441.2935411478331,1453.2274803947662,1422.3097740379771,1432.72314453125,11062497,INFY,-0.01608347596627757,1514.1793530273437,1349.6336401367187
2024-03-22,1401.6672315575609,1408.9474454626866,1380.6560012352104,1390.470458984375,14673890,INFY,-2.949117260243539,1513.8024389648438,1350.6634051513672
2024-03-26,1374.9424783172167,1389.1802760076575,1371.164173630106,1375.54150390625,8351081,INFY,-1.0736621538173008,1513.3001953125,1351.632172241211
2024-03-27,1378.6287804592728,1381.3934103666109,1365.312524736159,1367.4320068359375,6857402,INFY,-0.5895494281548896,1513.1094384765624,1352.5353729248047
2024-03-28,1370.47310016729,1393.189164332538,1370.47310016729,1380.5179443359375,12499530,INFY,0.9569717130052613,1510.9954223632812,1353.6199987792968
2024-04-01,1405.3535990438443,1409.9151935976056,1375.679948376021,1378.1219482421875,6580002,INFY,-0.17355776529963673,1508.108232421875,1354.647384033203
2024-04-02,1368.353462463362,1376.0023163808078,1364.6672894897633,1366.5103759765625,7279400,INFY,-0.8425649326923246,1505.3675634765625,1355.6446868896485
2024-04-03,1362.9623414349414,1377.7991638971826,1359.2761687738598,1364.48291015625,8736248,INFY,-0.14836812482038608,1502.4269189453125,1356.708500366211
2024-04-04,1373.6062588459959,1378.3061066574217,1352.8254147328123,1370.0582275390625,11186915,INFY,0.40860294704416766,1499.553544921875,1357.6819201660155
2024-04-05,1363.93009899174,1370.0582714607572,1360.24392608138,1363.0545654296875,5072482,INFY,-0.5111944856500905,1496.234150390625,1358.5616418457032
2024-04-08,1366.6485404880466,1373.9747637962018,1358.4467836601393,1360.8427734375,6610887,INFY,-0.1622673111028594,1493.1847631835938,1359.4505462646484
2024-04-09,1373.0993855776476,1395.0321590156452,1370.6112639030227,1377.56884765625,9423230,INFY,1.2290967439610778,1489.8570703125,1360.484945678711
2024-04-10,1382.6371563154344,1391.3918156940683,1368.0768429499594,1388.5811767578125,6744595,INFY,0.7994031746796804,1486.8657397460938,1361.5523443603515
2024-04-12,1386.001060258461,1388.581426378512,1363.423250433772,1368.2613525390625,12275616,INFY,-1.4633515532879837,1483.6983984375,1362.5074548339844
2024-04-15,1363.8838870765444,1374.8962829242955,1346.420689060188,1352.963623046875,8531224,INFY,-1.1180414811687633,1480.3200219726561,1363.3433178710939
2024-04-16,1337.1591322439795,1340.9835588768526,1302.1866141339272,1303.4766845703125,16173541,INFY,-3.657669551019993,1475.777734375,1363.9501690673828
2024-04-18,1309.6051010829012,1331.3534994670702,1297.072135276183,1307.9002685546875,22107945,INFY,0.3393680943233113,1471.394873046875,1364.6601068115235
2024-04-19,1276.3373231980736,1314.903883353496,1270.5776782377934,1300.52783203125,20603621,INFY,-0.5636849154855295,1466.1955249023438,1365.408465576172
2024-04-22,1308.4992564312556,1324.1193692022916,1302.1867077963823,1320.341064453125,5859087,INFY,1.5234762327946072,1461.5057934570314,1366.2315551757813
2024-04-23,1329.7867901203954,1333.334708815105,1320.5713584494295,1329.23388671875,4856174,INFY,0.67352462973711,1456.21521484375,1367.059077758789
2024-04-24,1330.9848800805114,1330.9848800805114,1315.0882599841418,1318.4979248046875,4268213,INFY,-0.8076804256446191,1451.367900390625,1367.7683282470703
2024-04-25,1308.5912027225215,1331.5376484238018,1308.5912027225215,1325.5936279296875,9089398,INFY,0.5381656649972477,1446.6929052734374,1368.321322631836
2024-04-26,1326.745647271391,1331.9985107982977,1315.042094094127,1318.037109375,8062444,INFY,-0.5700478936738196,1442.286083984375,1368.8447235107421
2024-04-29,1317.7607514168,1326.838042603384,1316.1941728580287,1322.1842041015625,5055957,INFY,0.31464172723703054,1437.764072265625,1369.3367749023437
2024-04-30,1322.1381364606618,1323.8430815716633,1306.3337587531646,1309.098388671875,6936588,INFY,-0.9897119772792506,1432.8983251953125,1369.7536169433595
2024-05-02,1302.1404919784582,1312.2774667921617,1301.0806948402314,1303.4766845703125,10076354,INFY,-0.42943327638390594,1428.2583520507812,1370.1578173828125
2024-05-03,1310.526523531366,1313.0147575937467,1293.1093350669514,1305.181640625,8842345,INFY,0.13080065603547908,1423.4654028320313,1370.6328619384765
2024-05-06,1308.5914366893924,1332.27505360971,1305.9189387214822,1314.028564453125,6445422,INFY,0.677830851488892,1418.3830932617188,1371.1569165039064
2024-05-07,1313.1528923189749,1330.1093091097507,1304.5364861962978,1327.8975830078125,6080661,INFY,1.0554579200079628,1413.61318359375,1371.661841430664
2024-05-08,1322.6449494254493,1326.7918940500197,1313.7520345652563,1315.3187255859375,6234983,INFY,-0.9472761742199021,1408.8589453125,1372.1734692382813
2024-05-09,1315.5490256671164,1336.1915031252968,1313.0607915586831,1326.6075439453125,6088406,INFY,0.8582572527693788,1404.8778784179688,1372.5968878173828
2024-05-10,1322.460619610937,1323.289918499904,1302.1405469699123,1313.10693359375,8777481,INFY,-1.0176792988385919,1400.1512841796875,1372.676007080078
2024-05-13,1313.1990668474873,1313.1990668474873,1300.481725623948,1311.7706298828125,3735954,INFY,-0.10176655661091605,1395.4809033203126,1372.7620922851563
2024-05-14,1314.489298423798,1321.2626187308836,1306.7944348778417,1312.922607421875,3463230,INFY,0.0878185189407299,1391.141357421875,1372.616259765625
2024-05-15,1314.1206697254095,1319.4656655532185,1307.2552175350827,1308.5452880859375,4327544,INFY,-0.33340269344078743,1386.6506787109374,1372.449677734375
2024-05-16,1321.4469884047705,1341.5366776212318,1315.0423073779823,1339.324951171875,9249145,INFY,2.352204647877354,1382.6345947265625,1372.552762451172
2024-05-17,1342.6884167000094,1342.6884167000094,1326.3310252131012,1330.98486328125,7542860,INFY,-0.6227083190922134,1378.4028662109374,1373.150454711914
2024-05-21,1317.8067987413262,1331.3534390178734,1316.332352094495,1321.6312255859375,6752663,INFY,-0.7027606363796735,1374.337939453125,1373.678634033203
2024-05-22,1316.6550066153582,1345.40711294369,1315.9638491315707,1340.6612548828125,7173285,INFY,1.4398895038544524,1370.9761547851563,1374.3110614013672
2024-05-23,1340.5687460581835,1362.17899995001,1336.2375383449094,1356.880126953125,8641428,INFY,1.2097665992242268,1368.5045727539064,1374.9597625732422
2024-05-24,1353.0558377538796,1359.737026123514,1345.4531061608475,1350.1529541015625,5277938,INFY,-0.4957823994864108,1365.6947875976562,1375.5552673339844
2024-05-27,1356.373491379203,1363.5154519951307,1345.6836115365593,1355.9127197265625,5821844,INFY,0.42660097194933133,1363.0204736328126,1376.237113647461
2024-05-28,1359.737191500069,1360.197963167809,1345.7297777980132,1351.9501953125,6186922,INFY,-0.2922403747979918,1360.5590380859376,1376.830005493164
2024-05-29,1350.4294036068611,1350.5215354265988,1336.237616082271,1337.113037109375,7401634,INFY,-1.0974633721396398,1357.5732373046876,1377.3054974365234
2024-05-30,1329.6026885129104,1336.0995011368218,1310.0198938256992,1315.4569091796875,9663150,INFY,-1.6196183365697059,1354.1828833007812,1377.7106915283202
2024-05-31,1325.18568552157,1350.5181357141773,1315.9738228639974,1322.459716796875,37113815,INFY,0.5323479293255051,1350.1603271484375,1378.117010498047
2024-06-03,1353.5731158092904,1353.5731158092904,1319.7337879140582,1321.519775390625,10589244,INFY,-0.07107523914048341,1346.4746899414063,1378.4547186279297
2024-06-04,1324.4336953647442,1330.0735833506835,1276.8236180013437,1310.0050048828125,13736134,INFY,-0.8713279000617913,1343.1365625,1378.6682122802733
2024-06-05,1316.1148183429186,1351.6930870098186,1316.1148183429186,1344.2672119140625,9233424,INFY,2.6154256589512093,1341.2430322265625,1379.0657543945313
2024-06-06,1358.2261557270542,1385.81470319026,1351.2233397940015,1383.8876953125,12660930,INFY,2.9473666431261814,1340.2617138671876,1379.6422930908202
2024-06-07,1392.1123044504961,1447.2891608293014,1388.5873745776473,1441.5552978515625,24075302,INFY,4.1670724246190005,1340.4383569335937,1380.531279296875
2024-06-10,1433.7536304630544,1437.983546630723,1407.4341520864498,1409.737060546875,6810606,INFY,-2.207215869700463,1340.8236889648438,1381.339641723633
2024-06-11,1410.0190163300265,1416.0348049461413,1404.2850385180848,1405.97705078125,4853054,INFY,-0.26671709717033254,1341.4323999023438,1382.0304931640626
2024-06-12,1416.5519427607585,1418.1969101793593,1393.7573942458623,1396.060302734375,9564320,INFY,-0.7053278744034053,1342.0049658203125,1382.5582684326173
2024-06-13,1405.27206045412,1414.6718735675256,1399.9611430962834,1404.2850341796875,7307565,INFY,0.589138694739999,1342.4803076171875,1383.1587805175782
2024-06-14,1413.4498626747718,1413.4498626747718,1396.8592841989566,1399.5382080078125,4237727,INFY,-0.3380244078900918,1342.9086328125,1383.8390447998047
2024-06-18,1407.152097561087,1416.5519111720494,1405.6481503320965,1408.280029296875,5420939,INFY,0.6246218387639502,1343.7440258789063,1384.4875079345702
2024-06-19,1414.6717670710855,1424.6825902320104,1406.86987687676,1420.640625,5493456,INFY,0.8777086549538238,1344.8671801757812,1385.2052795410157
2024-06-20,1425.2936379231433,1426.4215695435462,1409.125891319924,1424.4476318359375,7927010,INFY,0.2679781761089295,1345.9549682617187,1385.9229809570313
2024-06-21,1452.271166938704,1464.2559289959652,1432.249518545518,1440.7093505859375,17301941,INFY,1.141615766459636,1347.5080639648438,1386.6508026123047
2024-06-24,1433.0485032665965,1437.3253492351942,1424.4476516241698,1435.492431640625,5564989,INFY,-0.36210766197850575,1349.0010571289063,1387.368460083008
2024-06-25,1434.411639204177,1451.2373294804354,1429.1007212609798,1449.404296875,4551525,INFY,0.9691353940804115,1350.4377661132812,1388.1759191894532
2024-06-26,1448.5111662607692,1455.889996430208,1442.8712785271127,1448.2291259765625,4851004,INFY,-0.08107957876013483,1351.6307250976563,1388.9684045410156
2024-06-27,1446.1141853395814,1483.6665071274144,1440.0983968135813,1478.9195556640625,14757754,INFY,2.119169483406491,1353.8438891601563,1389.8347375488281
2024-06-28,1478.1676356666337,1493.1602914681441,1470.3657449978248,1472.7156982421875,8197544,INFY,-0.4194857927272033,1356.2389306640625,1390.668687133789
2024-07-01,1465.900925341744,1503.8761950899986,1465.900925341744,1495.3223876953125,6801771,INFY,1.5350341875290718,1360.0758447265625,1391.577459716797
2024-07-02,1500.3980870491325,1535.7414752975033,1491.2803144467298,1523.7567138671875,10493173,INFY,1.9015515587712084,1364.3929736328125,1392.5317407226562
2024-07-03,1527.469729765856,1537.8095248596555,1509.6100836947476,1529.7257080078125,7269965,INFY,0.39172881643789736,1368.9769311523437,1393.4530926513671
2024-07-04,1530.4775505601317,1560.3690026530594,1530.2896001922775,1551.5802001953125,8008311,INFY,1.4286543053500411,1373.6017138671875,1394.4903131103515
2024-07-05,1552.332191113537,1565.8679458210338,1535.3185512266714,1548.572265625,7065022,INFY,-0.19386265498450017,1377.9884814453126,1395.5636682128907
2024-07-08,1544.483343885064,1566.008939897241,1541.5694246287367,1561.9200439453125,5880533,INFY,0.8619409385409282,1382.856923828125,1396.6882958984374
2024-07-09,1560.2750121000736,1566.7138611771477,1551.9091554243114,1557.6900634765625,5191182,INFY,-0.2708192704964141,1387.4988525390625,1397.7606146240234
2024-07-10,1557.5490553427878,1573.5287378659184,1539.2664644712022,1549.32421875,9852770,INFY,-0.5370673488082067,1392.1245947265625,1398.6789758300781
2024-07-11,1556.608942014421,1565.068773221021,1543.4962495417126,1553.5069580078125,8857679,INFY,0.26997185012618274,1396.7510498046875,1399.6307586669923
2024-07-12,1579.1686539269024,1616.5329122564228,1566.6199259649964,1609.0130615234375,17078316,INFY,3.5729549346084077,1402.7493432617186,1400.820952758789
2024-07-15,1622.5957659620963,1624.2877782953476,1600.4592739409936,1604.59521484375,6942230,INFY,-0.2745687269626429,1408.7717138671876,1401.9679052734375
2024-07-16,1615.4519041715741,1633.593589888385,1597.9682742375035,1622.454833984375,6886281,INFY,1.1130295650522815,1415.117177734375,1403.294223022461
2024-07-18,1615.827983176718,1659.4431419133819,1615.827983176718,1652.5343017578125,11248896,INFY,1.8539479277564386,1421.8872924804687,1404.77798828125
2024-07-19,1733.3256958168,1733.3256958168,1679.2297205297605,1685.339599609375,29819116,INFY,1.9851507963657644,1429.0361328125,1406.3734692382814
2024-07-22,1692.1074068427617,1713.5859571917674,1685.3394724496927,1702.1651611328125,8462126,INFY,0.9983484353739414,1436.7730615234375,1408.0785510253907
2024-07-23,1701.3660923113116,1729.5184853445753,1676.22159343323,1726.651611328125,7113056,INFY,1.4385472546633693,1444.7739428710938,1410.0061389160155
2024-07-24,1727.2157639340674,1731.7746506207213,1710.3900744958235,1723.8787841796875,6002845,INFY,-0.16058984512252739,1452.9893798828125,1411.981272583008
2024-07-25,1710.7660645530111,1721.0118842620095,1703.246213719811,1715.324951171875,5815599,INFY,-0.49619689541471335,1461.0604663085937,1413.8847528076171
2024-07-26,1715.7949342558115,1769.9848820315087,1715.7949342558115,1766.1309814453125,11369047,INFY,2.9618895381150923,1470.1246337890625,1416.1675836181641
2024-07-29,1779.9487760733678,1788.784624281326,1752.12534926978,1758.7991943359375,4635931,INFY,-0.41513269323745217,1479.1297119140625,1418.4319506835936
2024-07-30,1758.7989073403546,1767.1177185175402,1748.3651383345386,1764.48583984375,2721265,INFY,0.32332545557933745,1487.6329296875,1420.7313458251954
2024-07-31,1764.344953812893,1772.0058245898792,1753.1122228334534,1756.1201171875,5004209,INFY,-0.4741167351612674,1496.135634765625,1422.941831665039
2024-08-01,1744.699358548906,1755.7911843622094,1734.3595637121655,1741.409423828125,7475014,INFY,-0.8376815011341465,1504.5311987304688,1424.9918811035157
2024-08-02,1732.3856829456133,1747.8953757120823,1707.1472058471231,1711.89404296875,7400938,INFY,-1.6949133532590865,1511.9558544921874,1426.824984741211
2024-08-05,1677.8197340219435,1689.616546348778,1615.405061601391,1646.75341796875,10736703,INFY,-3.8051785545695216,1517.7533203125,1428.347169189453
2024-08-06,1654.5551502330297,1689.0994653436978,1640.126459251215,1646.0013427734375,7690163,INFY,-0.04567017667042039,1523.6702880859375,1429.775980834961
2024-08-07,1688.2065718679119,1689.9925594528395,1656.341179884447,1684.11767578125,5094329,INFY,2.315692704332073,1530.2343872070312,1431.3987847900391
2024-08-08,1673.1196857214622,1673.1196857214622,1623.4416964698462,1638.5284423828125,6227910,INFY,-2.7070099705051143,1535.9659521484375,1432.9251049804689
2024-08-09,1664.9419144885312,1673.8717370362467,1650.6071993461458,1664.471923828125,4258524,INFY,1.5833403177051064,1542.5131298828126,1434.7373950195313
2024-08-12,1666.6339385624474,1695.2563240862842,1661.9809621451984,1689.5224609375,4315329,INFY,1.5050140979104842,1549.9944409179689,1436.6612908935547
2024-08-13,1701.3662700318037,1701.3662700318037,1681.6737063397366,1689.5694580078125,4176918,INFY,0.0027816777461664444,1557.3366357421876,1438.5476666259765
2024-08-14,1693.8464406687062,1715.4660123309595,1689.5694795075585,1713.821044921875,7450718,INFY,1.4353708158679535,1565.1826611328124,1440.5639428710938
2024-08-16,1738.9653871768742,1750.1041425189478,1719.6957707243737,1747.378173828125,7335657,INFY,1.9580299241674703,1573.9301245117188,1442.7793920898437
2024-08-19,1748.3652410685681,1755.4621458747317,1738.2133969970967,1752.877197265625,2585989,INFY,0.31470139205487246,1582.10232421875,1445.0514489746095
2024-08-20,1767.1647855371516,1772.5226328723743,1756.0729606665764,1759.8328857421875,3870333,INFY,0.39681550352830275,1589.6212280273437,1447.4428936767579
2024-08-21,1762.5589566406527,1766.2249067508462,1755.0391060531026,1760.302978515625,1966902,INFY,0.0267123530447666,1595.996181640625,1449.931607055664
2024-08-22,1770.9248323444356,1779.9956751616294,1757.4830533776285,1767.39990234375,4300287,INFY,0.40316490483414125,1603.1494384765624,1452.5046466064452
2024-08-23,1765.4729100507645,1769.6088509029312,1745.5453515046195,1750.3392333984375,5015935,INFY,-0.9652976059740803,1610.0366821289062,1454.8960821533203
2024-08-26,1757.7651122966831,1775.3897624868237,1752.125224235838,1763.5460205078125,3728589,INFY,0.7545272857612195,1617.386396484375,1457.3687573242187
2024-08-27,1763.54596510821,1788.5494451104064,1761.431007151832,1786.0584716796875,3830679,INFY,1.2765445817735088,1625.021865234375,1459.9938513183595
2024-08-28,1792.450420519267,1833.903574209478,1783.5205978872887,1822.7177734375,6514531,INFY,2.05252528621509,1633.4854565429687,1462.867901611328
2024-08-29,1816.9838956969513,1833.4335688344042,1805.610144647818,1817.3128662109375,7228284,INFY,-0.2965301214114646,1641.66611328125,1465.6412036132813
2024-08-30,1821.6837784081808,1832.9635541258785,1812.2839653100993,1827.0416259765625,13466759,INFY,0.5353376375917707,1649.7941333007811,1468.3760638427734
2024-09-02,1826.712755054023,1857.1681741009113,1826.195834151735,1846.5933837890625,5573739,INFY,1.070132039386329,1658.2370483398438,1471.1430224609376
2024-09-03,1848.9432889467964,1848.9432889467964,1820.2268132183985,1824.73876953125,4694322,INFY,-1.1835098321953619,1665.91763671875,1473.796100463867
2024-09-04,1805.797942802085,1811.5318054350637,1786.0114064851507,1807.06689453125,4778310,INFY,-0.9684605432337956,1673.3491259765624,1476.4221020507812
2024-09-05,1810.638983993486,1823.5637269032381,1794.9882723576418,1817.1248779296875,4081810,INFY,0.5565916474302046,1680.7035375976564,1479.173038330078
2024-09-06,1806.6441381891027,1820.2738676395406,1783.00358450389,1787.7034912109375,5848106,INFY,-1.619117490277877,1687.4930249023437,1481.8042840576172
2024-09-09,1776.564732765143,1805.5631341580754,1775.6247514250556,1780.9356689453125,4772612,INFY,-0.3785763298499112,1693.5333471679687,1484.3800341796875
2024-09-10,1790.5704823041315,1818.8638977650467,1782.2046254069915,1797.5263671875,6909600,INFY,0.9315720119196014,1700.029560546875,1486.8684820556641
2024-09-11,1799.7822173243185,1810.4040523138208,1790.6644442667855,1795.50537109375,5312946,INFY,-0.11243206946177642,1706.0332202148438,1489.1883197021484
2024-09-12,1809.464116978717,1838.9795546148218,1796.1164275717779,1833.3865966796875,8555092,INFY,2.1097806888130677,1712.2258178710938,1491.731430053711
2024-09-13,1833.3865832495185,1841.0474542218399,1819.4749280775688,1827.417724609375,3843127,INFY,-0.32556538163430737,1718.179658203125,1494.2490734863281
2024-09-16,1828.9686923682912,1834.8435757434945,1817.0309752474043,1833.1986083984375,1570181,INFY,0.3163416722522072,1723.8120263671874,1496.7845629882813
2024-09-17,1830.8486394119768,1840.9063937669002,1825.584766901514,1835.360595703125,2793127,INFY,0.11793524688392676,1729.54779296875,1499.2442376708984
2024-09-18,1822.388800311061,1822.388800311061,1768.3869188956942,1778.585693359375,6385468,INFY,-3.0933922454622342,1733.8811059570312,1501.45943359375
2024-09-19,1795.9282898631557,1809.370068657787,1766.036952686509,1780.5125732421875,7976570,INFY,0.10833775904117715,1738.3375561523437,1503.7388647460937
2024-09-20,1790.664520804125,1800.0643345616268,1755.3212440246816,1791.3695068359375,15242974,INFY,0.6097645002292928,1743.1784619140626,1506.0481610107422
2024-09-23,1794.4243751721033,1803.73021337189,1765.7078993837924,1782.6275634765625,3636672,INFY,-0.48800335866024946,1747.7608740234375,1508.2358764648438
2024-09-24,1774.6847802570394,1796.210376017183,1759.0811128709156,1784.6485595703125,7277616,INFY,0.1133717516298649,1751.273583984375,1510.4542010498046
2024-09-25,1773.1337292502485,1787.4684442930745,1764.156976545127,1781.546630859375,4268341,INFY,-0.17381173981303455,1754.8126123046875,1512.6701483154297
2024-09-26,1783.8966765192179,1802.8372091877666,1779.384720079492,1786.1995849609375,8952803,INFY,0.26117498251045923,1758.0875073242187,1514.853837890625
2024-09-27,1816.137952637302,1856.0871602157958,1789.0665584656958,1792.3094482421875,14908931,INFY,0.3420593830998797,1760.8830102539061,1517.1159967041015
2024-09-30,1767.1649937536263,1787.1395980713203,1758.2351706468926,1763.029052734375,6986955,INFY,-1.6336685351142521,1762.4367993164062,1519.1379858398439
2024-10-01,1762.464916843665,1794.3772357071236,1762.464916843665,1790.0533447265625,4029072,INFY,1.5328330494766451,1764.1945629882812,1521.333801879883
2024-10-03,1776.0946700907043,1797.1032292411892,1768.1048290238766,1779.7606201171875,7503887,INFY,-0.5749954122706513,1765.2567431640625,1523.3618090820312
2024-10-04,1776.141704358394,1836.8174281895435,1772.8047248589348,1803.025146484375,10001483,INFY,1.3071716557958135,1766.8396704101563,1525.5183502197265
2024-10-07,1807.7721694283628,1825.4438655173053,1801.0513942623245,1818.2060546875,6112575,INFY,0.8419687452904112,1768.8972924804686,1527.8081604003905
2024-10-08,1821.5898836675146,1840.436440915146,1791.9334261359113,1831.6007080078125,5637391,INFY,0.736696112400459,1770.2066870117187,1530.2895831298829
2024-10-09,1835.3606336116181,1858.3431317562972,1828.3577036972526,1835.548583984375,4857163,INFY,0.21554239192540514,1771.7416748046876,1532.5490716552733
2024-10-10,1840.3895163779584,1846.1233796899428,1799.2182871655539,1803.82421875,4782119,INFY,-1.7283315468289984,1772.5284423828125,1534.2953735351562
2024-10-11,1802.8842276209207,1830.1436867455332,1795.4583520140732,1818.9578857421875,4709431,INFY,0.8389768157495148,1773.7851977539062,1536.1820819091797
2024-10-14,1816.1849669571325,1851.2932470173037,1815.1979406537325,1841.3294677734375,3751378,INFY,1.2299120395589558,1775.7835986328125,1538.208525390625
2024-10-15,1842.3635074756771,1871.9258760220825,1834.6086610794148,1841.70556640625,5353705,INFY,0.020425384994648965,1778.3798291015626,1540.3377587890625
2024-10-16,1837.66365041544,1841.9406117141925,1801.3333460914546,1804.8582763671875,3111512,INFY,-2.0007155709999447,1781.5419262695314,1542.2845977783204
2024-10-17,1819.0518851747047,1859.2831333510103,1814.3050481446446,1849.977294921875,8162822,INFY,2.4998649005008255,1785.6214453125,1544.3330841064453
2024-10-18,1780.1366215888147,1820.6027474745542,1757.0600349091483,1766.788818359375,10526196,INFY,-4.496729597214488,1787.2748681640626,1546.0529455566407
2024-10-21,1777.5986762175419,1784.8366013292746,1727.6856903747387,1741.5504150390625,4654601,INFY,-1.428490097857238,1789.3353076171875,1547.5399462890625
2024-10-22,1746.6732140121014,1765.0969393741664,1736.098424337156,1740.4693603515625,4125240,INFY,-0.062074268890788264,1790.8552563476562,1549.042045288086
2024-10-23,1734.500561986716,1772.804801466981,1733.3255853155424,1760.9610595703125,4311910,INFY,1.177366271740099,1792.2840283203125,1550.7376055908203
2024-10-24,1749.6813644323036,1770.9249206806642,1748.3653675509743,1751.5142822265625,2906475,INFY,-0.5364557775090817,1793.5229248046876,1552.3469970703125
2024-10-25,1751.6082405232555,1763.7340231622866,1735.5816269882255,1750.2923583984375,4689120,INFY,-0.06976385180095246,1794.2523510742187,1554.0283795166015
2024-10-28,1748.0832475331754,1768.9509020729429,1745.5453438193326,1753.3941650390625,7018940,INFY,0.17721648761943598,1794.3726708984375,1555.929853515625
2024-10-29,1754.9627985871089,1760.2866061853301,1738.8011693476826,1748.59326171875,4621252,INFY,-0.273806279046529,1794.2869921875,1557.7027282714844
2024-10-30,1741.6532608340028,1748.308049494395,1707.7613496606602,1713.227783203125,5919715,INFY,-2.022510282400558,1793.3548901367187,1559.2073114013672
2024-10-31,1699.728089871948,1699.728089871948,1660.3697457491953,1670.589599609375,7395236,INFY,-2.4887632579733143,1791.5606225585936,1560.543628540039
2024-11-01,1677.4819828348002,1678.9080088899161,1665.6460129974564,1674.011962890625,371966,INFY,0.204859606575436,1789.6928637695312,1561.8671075439454
2024-11-04,1639.4546463788554,1679.8587185569368,1633.275200045737,1676.6739501953125,7336722,INFY,0.15901841585952425,1788.2195581054686,1563.2472088623047
2024-11-05,1673.2039554066878,1681.2371893406507,1658.9436944231081,1667.68994140625,3160880,INFY,-0.5358232462558399,1786.3024365234376,1564.7008093261718
2024-11-06,1677.0067780250674,1737.089967643031,1675.7233776805178,1733.7625732421875,10421494,INFY,3.9619254272303728,1785.2565185546875,1565.938528442383
2024-11-07,1723.5426610222241,1735.6638830746192,1698.8724555004114,1714.1309814453125,4550965,INFY,-1.1323114306339699,1783.0847827148436,1566.896776123047
2024-11-08,1728.3437169759088,1749.829154713953,1723.7329222391422,1739.704345703125,4210960,INFY,1.491914243114012,1781.5326123046875,1568.0775787353516
2024-11-11,1738.8011800020988,1775.8778590726738,1732.669314114394,1768.367431640625,3804234,INFY,1.6475837407829985,1780.3591284179688,1569.361840209961
2024-11-12,1778.8249314544848,1788.2367269114475,1769.223045604574,1776.638427734375,5012450,INFY,0.4677193181553019,1778.960029296875,1570.6763977050782
2024-11-13,1769.3181384269985,1780.8213927172376,1764.7549244206982,1776.2581787109375,4257495,INFY,-0.021402724240426885,1777.9904174804688,1571.9125671386719
2024-11-14,1773.5961711004963,1783.4833086013102,1764.469627272938,1772.5980224609375,4311431,INFY,-0.2060599238257299,1777.3010400390624,1573.2089965820312
2024-11-18,1758.0049000608628,1758.0049000608628,1706.4778709351956,1722.1165771484375,4839244,INFY,-2.847878914048174,1775.4008740234376,1574.0998120117188
2024-11-19,1735.4737552340218,1767.987103735295,1730.7679155470983,1734.7607421875,4669769,INFY,0.7342223637379686,1774.3420190429688,1575.0828771972656
2024-11-21,1751.16006482196,1774.9271666789355,1730.8154024223286,1743.6021728515625,5436504,INFY,0.5096628283686844,1773.5953491210937,1576.1677459716798
2024-11-22,1762.6633798054363,1819.6569616576032,1743.554652462339,1808.4388427734375,6301486,INFY,3.7185472082681637,1773.8135986328125,1577.6005279541016
2024-11-25,1821.5107285834974,1824.6480325215346,1789.1874693080074,1796.5076904296875,12764638,INFY,-0.6597487325284535,1773.8336450195313,1578.9301110839845
2024-11-26,1811.00558516297,1842.9961275482167,1803.7329448177684,1829.2587890625,6850495,INFY,1.8230424955753444,1773.7510888671875,1580.4411883544922
2024-11-27,1834.9152380654443,1845.6580141122217,1817.4702091826562,1829.5914306640625,4447143,INFY,0.01818450202626387,1773.7945629882813,1581.7866693115234
2024-11-28,1820.4648690644453,1820.4648690644453,1760.3341042723987,1765.0875244140625,8468790,INFY,-3.525590750421692,1772.4323413085938,1582.83796875
2024-11-29,1759.811276019277,1784.4340168837268,1754.0121263454853,1766.2283935546875,5244346,INFY,0.0646352730300892,1771.049697265625,1583.7002966308594
2024-12-02,1767.3216723437565,1789.9479994533772,1744.6953452341356,1787.095947265625,2868263,INFY,1.1814753848985449,1771.21990234375,1584.8314581298828
2024-12-03,1793.9408410909798,1806.0620629902432,1778.8725217831325,1798.789306640625,4715792,INFY,0.6543218562434561,1771.5854370117188,1586.0286877441406
2024-12-04,1791.0888644737497,1819.56180716774,1782.5327074778559,1796.0799560546875,4705573,INFY,-0.1506207856548425,1771.6796459960938,1587.3171966552734
2024-12-05,1806.2997139926326,1853.7388717964993,1795.7946087095554,1839.4310302734375,9050038,INFY,2.4136494632441607,1772.8157153320312,1588.7729278564452
2024-12-06,1837.4822303839658,1842.3781605401093,1818.088252003757,1827.5950927734375,3573331,INFY,-0.6434564441505919,1773.6746459960937,1590.148974609375
2024-12-09,1829.3062538776032,1835.0103583375276,1803.6377838079438,1828.783447265625,4274645,INFY,0.06502285418068521,1774.6193823242188,1591.6155151367188
2024-12-10,1843.3764867481466,1868.664660829215,1836.721697987323,1852.45556640625,6174921,INFY,1.2944189305748255,1775.944501953125,1593.1536474609375
2024-12-11,1858.5873457085745,1880.4530791874988,1855.7352935156714,1876.79296875,5025612,INFY,1.313791422860655,1777.6341723632813,1594.6968920898437
2024-12-12,1877.791037372581,1900.227273174294,1873.370449502188,1889.0091552734375,6462130,INFY,0.65090751760295,1780.1537744140626,1596.3099725341797
2024-12-13,1872.6099443049989,1907.500003205855,1857.4465798294907,1901.0828857421875,5362693,INFY,0.639156800010432,1782.374365234375,1598.0502337646485
2024-12-16,1897.0424188970678,1900.9877808683423,1880.072732013709,1882.4019775390625,3119221,INFY,-0.9826456459751887,1784.4271923828126,1599.8339392089845
2024-12-17,1870.9463322304846,1884.2559097971648,1861.439491111427,1879.1221923828125,5811050,INFY,-0.17423404752994198,1785.9491333007813,1601.4823669433595
2024-12-18,1869.8054617493733,1887.060284654621,1864.8618349910091,1881.54638671875,3064095,INFY,0.1290067429230657,1787.2159399414063,1603.1636505126953
2024-12-19,1838.623014099366,1863.1031292043601,1825.3134369549032,1850.2213134765625,5323592,INFY,-1.6648578777170409,1787.5883520507812,1604.7652575683594
2024-12-20,1877.743552521445,1882.3067661561822,1816.9948208472201,1827.3572998046875,11056720,INFY,-1.2357448001133253,1787.4245263671876,1606.2366479492186
2024-12-23,1834.867922920088,1844.3271834459897,1814.855975875461,1829.4014892578125,2781793,INFY,0.11186588705687228,1787.9360717773438,1607.6830096435547
2024-12-24,1832.015755380025,1846.2284355881454,1749.2586619372746,1814.9034423828125,2360544,INFY,-0.7925021904777063,1787.8549829101562,1609.0446704101562
2024-12-26,1814.9034908105154,1825.0757640546135,1808.4863732653307,1813.3348388671875,3623321,INFY,-0.0864290341289764,1787.2950903320314,1610.4869567871094
2024-12-27,1815.2361283318478,1829.258717915249,1810.0073661143083,1822.2236328125,3937500,INFY,0.49019043558802267,1786.9054516601564,1612.0543225097656
2024-12-30,1821.2254956591669,1821.510747311123,1793.4655661808106,1812.00390625,7789055,INFY,-0.5608382186727767,1787.0483642578124,1613.7120458984375
2024-12-31,1798.9794709559926,1803.4476395627287,1754.0596496753712,1787.2860107421875,3613063,INFY,-1.3641193279194996,1785.7945385742187,1615.195264892578
2025-01-01,1781.5819053214227,1799.5973216045268,1781.5819053214227,1789.6627197265625,1838368,INFY,0.13297865982782042,1786.2520166015624,1616.6954364013673
2025-01-02,1793.9409285299619,1865.8602051810894,1792.3248119514092,1861.296875,7083645,INFY,4.002662316415817,1788.6469458007812,1618.626810913086
2025-01-03,1856.6384617090841,1856.6384617090841,1827.214835312903,1843.1387939453125,6218003,INFY,-0.9755607124568688,1790.7003344726563,1620.4104895019532
2025-01-06,1855.7352837034794,1875.69964894824,1832.9188662808956,1842.2830810546875,7164403,INFY,-0.04642693721362834,1792.3267749023437,1622.1970318603517
2025-01-07,1849.0806215360017,1861.962437838805,1828.7835386947554,1835.62841796875,4294832,INFY,-0.361218270654029,1794.0090576171874,1623.757236328125
2025-01-08,1834.8202633622047,1842.9961231909604,1795.6045452981161,1837.81494140625,5482050,INFY,0.11911579795216287,1795.7595092773438,1625.4173028564453
2025-01-09,1838.6705399259386,1855.5926464465324,1816.3294646707038,1822.74658203125,6833503,INFY,-0.8199062394971146,1797.1465576171875,1627.146478881836
2025-01-10,1841.475056372847,1880.2630131182193,1836.9593070090002,1869.947998046875,8036913,INFY,2.589576438158736,1799.57365234375,1629.3015002441407
2025-01-13,1859.538056114521,1885.0164358188285,1852.8832675701437,1865.4322509765625,5804152,INFY,-0.241490516047993,1802.6177416992186,1631.4638934326172
2025-01-14,1871.7543886244132,1874.5589763818855,1835.8660634362316,1844.374755859375,5792162,INFY,-1.1288265819444199,1806.0934448242188,1633.5221514892578
2025-01-15,1850.981884706997,1861.4869901029845,1841.5700892018165,1853.501220703125,2985439,INFY,0.49482703093588487,1809.6832299804687,1635.8373052978516
2025-01-16,1868.9973329214629,1869.948017007702,1822.3187674971882,1833.3466796875,7533579,INFY,-1.087376732774925,1812.8166845703124,1638.1263311767577
2025-01-17,1759.7161759087412,1766.3709642563163,1722.6394979722525,1725.9193115234375,16409953,INFY,-5.8596319700087385,1813.9812719726563,1639.9187677001953
2025-01-20,1733.0496195308024,1737.8030402662885,1704.7193015774908,1723.8756103515625,4333011,INFY,-0.11841232427436399,1813.7835327148437,1641.6355560302734
2025-01-21,1729.3418737355341,1741.3204695981628,1704.6240883474466,1711.896728515625,7169109,INFY,-0.6948808698264863,1813.73884765625,1643.3044299316407
2025-01-22,1718.266356355729,1773.786327477544,1716.127317266663,1764.8973388671875,8373913,INFY,3.0960168022237555,1814.2427075195312,1645.2963647460938
2025-01-23,1766.370941552174,1786.8582289789933,1761.3322697336553,1773.4534912109375,5907471,INFY,0.4847960363089321,1814.3444287109376,1647.3412176513673
2025-01-24,1773.501188842313,1801.4513245969808,1772.312833717117,1782.96044921875,4887027,INFY,0.5360703314142734,1814.470869140625,1649.4057287597657
2025-01-27,1757.5772848453794,1771.1245336940863,1722.639643077662,1732.146484375,7652371,INFY,-2.8499771190109935,1813.5886352539062,1651.2511883544921
2025-01-28,1739.7519532584283,1771.5998715284597,1734.9034874184256,1739.5142822265625,6999495,INFY,0.42535651101245353,1812.9269604492188,1653.1445458984374
2025-01-29,1754.0120684956396,1795.5094503993766,1749.7339902797964,1788.474365234375,5145155,INFY,2.814583559793715,1814.2541162109376,1655.1990734863282
2025-01-30,1780.7738303869369,1794.1308715011382,1753.0613674474346,1768.2247314453125,7336056,INFY,-1.1322294679023126,1814.9233959960939,1657.0972912597656
2025-01-31,1778.729881094765,1803.875428129993,1778.729881094765,1787.095947265625,5820470,INFY,1.0672408028637559,1815.793271484375,1659.1914642333984
2025-02-01,1787.571323971164,1797.3633003755383,1754.9628135718901,1760.0489501953125,1701402,INFY,-1.5134608251837989,1814.8254736328124,1661.2268908691406
2025-02-03,1745.4560668085503,1784.0063547913574,1742.033627142517,1771.4097900390625,4823228,INFY,0.6454843112454034,1814.323515625,1663.5665563964844
2025-02-04,1795.8423067996916,1816.9474478919842,1782.5327290891591,1805.1590576171875,7334787,INFY,1.9052207889954653,1813.8415209960938,1666.0528503417968
2025-02-05,1812.0038151596648,1825.0281403385413,1800.88085809743,1803.4952392578125,4996744,INFY,-0.09217018037021019,1813.3195971679688,1668.5676873779296
2025-02-06,1822.46137881177,1829.116167362465,1806.2997494743677,1821.177978515625,4765255,INFY,0.9804705259487845,1814.44140625,1671.0718719482422
2025-02-07,1824.648004479721,1828.8309215990796,1796.2699917999128,1809.769775390625,4126260,INFY,-0.6264189035658396,1815.3122338867188,1673.4745513916016
2025-02-10,1811.0531389851265,1811.0531389851265,1785.9550565261386,1787.5712890625,3828734,INFY,-1.226591726195314,1815.3217407226562,1675.8199182128906
2025-02-11,1790.2331848086437,1809.1518213900456,1777.7792464526458,1783.150634765625,4411601,INFY,-0.24729946849803008,1815.0089672851564,1678.1077032470703
2025-02-12,1792.0395140512057,1801.1660581275596,1755.9135185424811,1771.26708984375,5633947,INFY,-0.6664352797898676,1814.5127099609374,1680.3738531494141
2025-02-13,1776.3532848619434,1781.106705479717,1745.1233346132335,1752.3485107421875,5237744,INFY,-1.0680816693337536,1812.7710595703124,1682.5246746826172
2025-02-14,1762.568310549922,1767.6069826690268,1738.1832403249714,1764.8499755859375,5292961,INFY,0.7134120163377222,1811.5161572265624,1684.8034326171876
2025-02-17,1747.8801254076848,1761.3797918708847,1732.2888845014002,1751.4451904296875,4428956,INFY,-0.7595424733935041,1809.9693920898437,1687.0432751464843
2025-02-18,1751.445375977347,1769.8410902296603,1746.977091046225,1760.619384765625,4365260,INFY,0.5238071043311754,1808.1326684570313,1689.3204638671875
2025-02-19,1756.2937934312417,1758.004955145868,1716.840404092615,1721.498779296875,4611411,INFY,-2.221979708235333,1805.0267846679687,1691.3578149414063
2025-02-20,1716.5077280780874,1740.7025920720746,1716.5077280780874,1735.14111328125,2218020,INFY,0.7924684088330913,1801.949423828125,1693.3940325927733
2025-02-21,1731.956275207461,1739.6092122968646,1717.1255109603246,1725.4915771484375,3379879,INFY,-0.5561239981550892,1798.43759765625,1695.444896850586
2025-02-24,1711.2789698500455,1718.8368620656656,1663.9348549947076,1677.101806640625,7594720,INFY,-2.8044049098044144,1794.3315942382812,1697.1973681640625
2025-02-25,1659.0863139546623,1690.744023588038,1659.0863139546623,1680.524169921875,5092963,INFY,0.20406413419262748,1790.3596337890624,1699.0344543457031
2025-02-27,1668.640674098442,1688.2723238346587,1664.7428925260701,1677.2919921875,5757079,INFY,-0.1923315232368994,1786.2745458984375,1700.8620611572267
2025-02-28,1668.4982752722037,1668.5457398498413,1599.4785126706022,1604.4696044921875,12182167,INFY,-4.341664303800707,1781.35951171875,1702.319796142578
2025-03-03,1608.8427856333933,1643.3525496222132,1608.8427856333933,1624.3388671875,7504969,INFY,1.2383695296989572,1777.2991430664063,1703.898764038086
2025-03-04,1611.4095762179882,1615.2123126810395,1587.6424733239176,1605.0400390625,6759673,INFY,-1.1881035733889322,1772.8119140625,1705.227339477539
2025-03-05,1608.9852468032536,1647.4879525703643,1608.9852468032536,1627.0958251953125,8180782,INFY,1.3741580020455668,1769.05576171875,1706.7078942871094
2025-03-06,1630.4231429408271,1637.3631829139892,1607.7017709749155,1631.231201171875,10610547,INFY,0.25415687954739585,1765.4136889648437,1708.255894165039
2025-03-07,1619.1100684643093,1620.9163914654462,1592.871210498742,1602.8533935546875,8019331,INFY,-1.7396557641124688,1761.0262841796875,1709.5668548583985
2025-03-10,1602.8533592169706,1634.225933863566,1593.5366088108908,1617.5413818359375,7558981,INFY,0.9163650487507224,1757.1370336914063,1710.8701611328124
2025-03-11,1597.1492261839649,1597.1492261839649,1556.3173920894415,1579.6566162109375,12671234,INFY,-2.342120334627862,1752.9844458007813,1712.0176794433594
2025-03-12,1556.1746748414012,1556.1746748414012,1486.6796971141694,1512.3956298828125,14870008,INFY,-4.257949837823705,1747.4391040039063,1712.8000939941405
2025-03-13,1520.381526929375,1526.8462251444753,1492.8592690164621,1501.938232421875,7822888,INFY,-0.6914458924843436,1740.2519311523438,1713.5500341796876
2025-03-17,1468.949515897204,1515.3904095675546,1468.949515897204,1511.63525390625,7526032,INFY,0.6456338399974282,1733.6218603515624,1714.422645263672
2025-03-18,1511.63525390625,1511.63525390625,1511.63525390625,1511.63525390625,0,INFY,0.0,1727.0089038085937,1715.4035369873047
2025-03-19,1523.9465678973438,1523.9465678973438,1495.2359553339961,1508.307861328125,7387068,INFY,-0.2201187468687693,1720.4624926757813,1716.332777709961
2025-03-20,1513.4891497172634,1551.4214700841842,1513.4891497172634,1535.8778076171875,7186750,INFY,1.8278726111515597,1714.42375,1717.4045678710938
2025-03-21,1500.1320035723254,1524.802326821007,1486.5372898982932,1514.0120849609375,10074677,INFY,-1.4236629078047014,1708.2490600585938,1718.4246032714843
2025-03-24,1519.1455370257738,1527.8443193262497,1495.1407646724408,1514.2020263671875,8857726,INFY,0.012545567379329547,1701.134140625,1719.27427734375
2025-03-25,1525.84798372026,1555.46181670782,1525.84798372026,1548.1414794921875,9890140,INFY,2.241408513131238,1694.7883251953126,1720.0955462646484
2025-03-26,1545.8123648464964,1556.9829031533513,1516.3411573986234,1520.5716552734375,6651302,INFY,-1.7808336372327704,1688.3122631835938,1720.4906280517578
2025-03-27,1516.8640098840594,1540.0606082841557,1507.7849306219216,1524.469482421875,9426573,INFY,0.256339590108734,1681.7316284179688,1721.0642901611327
2025-03-28,1511.5877308709687,1519.620965158934,1483.0672076469882,1493.1920166015625,6799047,INFY,-2.05169510973896,1674.92853515625,1721.5003649902344
2025-04-01,1463.3404602190724,1471.0885586286036,1442.9957978349414,1451.21923828125,12680733,INFY,-2.810943124102727,1669.4345336914062,1721.7761596679688
2025-04-02,1459.4902057913214,1478.9317655581158,1459.4902057913214,1473.7030029296875,6193478,INFY,1.549301721982821,1664.4310815429687,1722.1232495117188
2025-04-03,1458.967226269639,1458.967226269639,1411.8133230002038,1422.6986083984375,10459504,INFY,-3.4609683518222134,1658.647119140625,1722.239051513672
2025-04-04,1388.4742004590178,1399.4070681791675,1376.5906485892897,1380.0606689453125,9590254,INFY,-2.9969762535385747,1650.9503857421876,1722.097954711914
2025-04-07,1285.3248095467156,1336.5667020131123,1242.5440281638737,1327.867919921875,21715252,INFY,-3.781916998136392,1642.0386743164063,1721.6340911865234
2025-04-08,1360.4288608109712,1384.671303823326,1345.2179161757683,1358.33740234375,12805001,INFY,2.294616954347961,1633.5462133789063,1721.3035400390625
2025-04-09,1335.758736096975,1339.9416532809853,1313.7503760547593,1334.4752197265625,8546854,INFY,-1.7567198382385962,1625.5927880859374,1720.7723693847656
2025-04-11,1341.652928180614,1367.844321400648,1328.1532604606723,1339.941650390625,12567440,INFY,0.40963148534016725,1617.6013354492188,1720.2946154785157
2025-04-15,1374.3089224037624,1376.3053358191778,1339.513907284088,1355.675537109375,10178530,INFY,1.1742217815352785,1608.9453588867189,1719.8259716796874
2025-04-16,1354.7249077086744,1357.1016180730755,1327.9156612183533,1343.4117431640625,12022740,INFY,-0.9046260413802187,1600.4490991210937,1719.301884765625
2025-04-17,1329.0563853909828,1359.2881865002564,1310.327954849587,1349.49609375,14264227,INFY,0.4529028882543029,1591.6971020507813,1718.6547674560547
2025-04-21,1340.4645789137878,1399.2169026224717,1340.4645789137878,1379.442626953125,15648970,INFY,2.2190900249224876,1584.0849755859374,1718.1884020996094
2025-04-22,1368.9850198763202,1368.9850198763202,1349.3059066357173,1352.63330078125,9399738,INFY,-1.9434897579677313,1575.7094458007812,1717.4749566650391
2025-04-23,1374.6891479419496,1414.4277879886072,1368.6047467603623,1402.1639404296875,11136642,INFY,3.6617936006624774,1567.6495434570313,1716.8669927978515
2025-04-24,1397.4105217628291,1409.7694145318515,1389.4247524558623,1398.8365478515625,7114292,INFY,-0.2373041041909385,1559.5563696289062,1716.2125469970704
2025-04-25,1402.7343459374797,1427.642222162945,1391.3261370921732,1407.2025146484375,8329979,INFY,0.598066072102843,1551.2768603515624,1715.490658569336
2025-04-28,1407.2024661808139,1416.1389193452367,1393.0373668593481,1409.0087890625,5886253,INFY,0.1283592372284703,1543.261640625,1714.7928411865234
2025-04-29,1408.9138107783806,1435.3428747016321,1401.4033833138335,1423.6494140625,8056743,INFY,1.039072652608608,1535.983203125,1714.1014880371094
2025-04-30,1422.9839060733532,1434.3921144618078,1409.4841231835037,1426.12109375,7704183,INFY,0.17361575561267717,1528.8426123046875,1713.4436431884765
2025-05-02,1425.7408206525301,1448.081895785028,1422.4134264838601,1432.5858154296875,7402310,INFY,0.4533080471230244,1522.0689868164063,1712.859951171875
2025-05-05,1440.2864278864722,1447.8919007730015,1428.6881281546378,1434.2020263671875,4282493,INFY,0.11281773978861764,1515.7060571289062,1712.263426513672
2025-05-06,1431.7302219442606,1440.856765886036,1425.170478593818,1436.958984375,4270530,INFY,0.19222940402585653,1509.1482373046874,1711.4031561279296
2025-05-07,1426.026145690909,1443.8990531370239,1422.7937965506155,1433.9168701171875,5691799,INFY,-0.21170501669786068,1502.7976708984374,1710.5497644042969
2025-05-08,1433.631664427957,1441.7124795125974,1427.1669659401214,1436.864013671875,8424409,INFY,0.20553099109898998,1496.3225634765624,1709.6218103027343
2025-05-09,1426.6915991963783,1436.8639888159648,1420.4171072727893,1433.2513427734375,4478653,INFY,-0.25142747428167356,1490.5576147460938,1708.5253955078124
2025-05-12,1461.2014458755218,1551.516434397431,1456.4480254270004,1546.66796875,11372857,INFY,7.913240517681541,1486.7881518554686,1707.8320373535157
2025-05-13,1529.6507024801845,1532.6928451513845,1487.4403056280353,1491.2430419921875,12846210,INFY,-3.583505178723412,1482.1031811523437,1706.7774267578125
2025-05-14,1496.3767741072957,1516.3411402167324,1492.0986956552736,1513.869384765625,4870057,INFY,1.5172806937768124,1478.8385327148437,1705.713515625
2025-05-15,1511.3975456512203,1538.7771765983814,1493.5246391320036,1533.453369140625,11151167,INFY,1.2936376527643345,1475.8971166992187,1704.7613885498047
2025-05-16,1533.0731584594146,1533.0731584594146,1503.5069061207216,1511.49267578125,4576751,INFY,-1.4321070207490072,1472.5811303710936,1703.7422271728515
2025-05-19,1498.7533295424078,1506.8341435615073,1478.9790558755526,1482.876953125,8855798,INFY,-1.8932094819089529,1470.14927734375,1702.32595703125
2025-05-20,1492.573904126385,1505.4081383338412,1481.1656959419795,1483.637451171875,7143998,INFY,0.051285310306581344,1467.3352490234374,1700.9501483154297
2025-05-21,1490.577561992386,1493.5246593705174,1475.556707413097,1491.14794921875,4157309,INFY,0.5062219237552013,1465.0574072265624,1699.5834588623047
2025-05-22,1478.789066286349,1483.8277382618005,1464.0534632471729,1471.18359375,6158990,INFY,-1.338858124655562,1461.9391625976561,1698.1587762451172
2025-05-23,1473.5603223754533,1508.9257236923431,1473.5603223754533,1487.6304931640625,5038421,INFY,1.1179365705227706,1459.0671484375,1696.889881591797
2025-05-26,1489.3414997424045,1505.6933338273104,1485.6338090106342,1502.5560302734375,3170102,INFY,1.0033094359090278,1457.061201171875,1695.8431915283204
2025-05-27,1501.985817890451,1504.8378701621398,1479.6447417622219,1492.6690673828125,7775714,INFY,-0.6580095977403055,1454.5637548828124,1695.0727697753907
2025-05-28,1503.0315254066693,1509.4010623010483,1492.5740005619675,1494.2852783203125,3623370,INFY,0.10827657468199803,1452.856328125,1694.314189453125
2025-05-29,1510.6370121874,1529.555648703017,1498.8485063145804,1507.4046630859375,8609500,INFY,0.8779705559551543,1452.7565087890625,1693.4306243896485
2025-05-30,1514.5387348868949,1515.5027951891782,1499.2101525439637,1506.5369873046875,13148092,INFY,-0.05756090600607111,1452.8484838867187,1692.7706671142578
2025-06-02,1503.9340358386107,1503.9340358386107,1483.6887699715526,1497.9569091796875,4374509,INFY,-0.5695232309131937,1452.5749169921876,1691.9380920410156
2025-06-03,1502.9700087561519,1510.9717563250315,1480.410974183671,1487.5450439453125,6853403,INFY,-0.6950710778507507,1452.0931127929687,1690.9282049560547
2025-06-04,1487.545069852834,1501.3311794658816,1486.0025968815146,1495.4503173828125,4548307,INFY,0.5314308611814145,1451.8359619140624,1689.9576092529296
2025-06-05,1492.2689554139665,1511.3572786610305,1486.195328477135,1498.43896484375,6948539,INFY,0.1998493314153027,1451.0871850585938,1688.8806988525391
2025-06-06,1498.8244913615613,1512.5142181403369,1487.641415492617,1507.5975341796875,3960020,INFY,0.6112073665204276,1450.9588940429687,1687.6817956542968
2025-06-09,1521.2871674371763,1530.9277705261318,1514.5387452749073,1516.3704833984375,2903202,INFY,0.5819158641383382,1451.0022631835936,1686.499262084961
2025-06-10,1527.0715350387688,1549.726952383094,1520.8051430073597,1538.6402587890625,8591925,INFY,1.4686236400958341,1450.8122387695312,1685.3932989501952
2025-06-11,1532.9521677606,1575.8528485433976,1532.9521677606,1572.4786376953125,10597410,INFY,2.1992391472247963,1451.8503784179688,1684.4541772460936
2025-06-12,1558.8856061675938,1569.4902701551284,1540.6648417796544,1550.7874755859375,10483574,INFY,-1.3794249148698423,1452.37673828125,1683.3711151123048
2025-06-13,1519.3591134860721,1551.1731050755648,1513.7675163758718,1544.4246826171875,6968315,INFY,-0.41029432265345944,1453.4013916015624,1682.3415423583983
2025-06-16,1542.4964798976407,1576.0458254086714,1539.7006814911979,1565.441162109375,5591842,INFY,1.3607966596709042,1455.685830078125,1681.3510180664061
2025-06-17,1562.452616510744,1588.193099360836,1557.535932091381,1580.962646484375,7622083,INFY,0.9915086399086004,1457.8310229492188,1680.3255389404296
2025-06-18,1562.7417700471647,1585.589952431105,1562.7417700471647,1574.214111328125,5629707,INFY,-0.4268624038181401,1460.8613330078124,1679.0830206298829
2025-06-19,1565.5375611980423,1571.4183055533617,1553.5831898154863,1560.2352294921875,5147760,INFY,-0.8879911401724061,1464.46482421875,1677.797632446289
2025-06-20,1560.8136276168789,1572.0930860674746,1551.076642111549,1564.573486328125,9202821,INFY,0.2780514600576822,1469.198935546875,1676.4852917480468
2025-06-23,1543.4605584963404,1543.4605584963404,1518.7806380620095,1527.071533203125,7943676,INFY,-2.3969441801684144,1472.5736181640625,1674.8876824951171
2025-06-24,1543.4604830931148,1551.172965207259,1519.9373891083474,1524.7576904296875,8083992,INFY,-0.15152157074030947,1476.379267578125,1673.3877770996094
2025-06-25,1532.8558375256184,1561.6812632899293,1528.1319186406413,1556.8609619140625,7813533,INFY,2.105467097223035,1480.7176538085937,1672.1367474365234
2025-06-26,1550.9803214172216,1565.6339915058402,1548.8593180602195,1557.9215087890625,6519233,INFY,0.06812084707270571,1484.7625732421875,1670.8407305908204
2025-06-27,1560.8136478253264,1571.0326636135578,1544.8102701550988,1550.208984375,8912268,INFY,-0.49505218141940865,1488.8985180664063,1669.6532580566407
2025-06-30,1556.9573602116636,1556.9573602116636,1536.8084767193552,1544.2318115234375,6294505,INFY,-0.38557206878608863,1492.793232421875,1668.4697387695312
2025-07-01,1551.1730095922587,1559.5602870581276,1542.978497111504,1549.0521240234375,4178937,INFY,0.31214954024580965,1496.1854223632813,1667.227367553711
2025-07-02,1559.8495930029494,1589.735462831807,1545.7743359105034,1552.619140625,8653641,INFY,0.23027092156833184,1500.1851391601563,1666.0129364013671
2025-07-03,1560.331649069145,1573.7321112354073,1556.9574379034102,1560.5244140625,5259695,INFY,0.5091572833707092,1503.3523486328124,1664.6486254882811
2025-07-04,1566.5980642699803,1584.3367981958825,1554.3545449332526,1581.7337646484375,4411273,INFY,1.3591168708936285,1507.01029296875,1663.4202056884765
2025-07-07,1581.058907066303,1584.91514830305,1564.669881810128,1568.526123046875,3294523,INFY,-0.8350104105224077,1510.2367651367188,1662.0968432617187
2025-07-08,1569.4902652889589,1587.0361167588558,1563.2238729521173,1579.8056640625,4590681,INFY,0.7191171922412254,1513.6527026367187,1660.8190686035157
2025-07-09,1578.937970779495,1579.1307357618878,1565.248244218562,1574.9852294921875,4580828,INFY,-0.30512832558889924,1516.6794189453126,1659.8010662841798
2025-07-10,1579.998406486553,1579.998406486553,1549.341242702206,1557.7286376953125,5330179,INFY,-1.0956668972977535,1519.3115698242189,1658.6871466064454
2025-07-11,1522.3476337948875,1549.3413228616234,1506.8262861181436,1537.579833984375,11391755,INFY,-1.2934732804776639,1521.4114501953125,1657.4181982421876
2025-07-14,1534.5911874414394,1534.5911874414394,1503.7412587495296,1513.8638916015625,9173426,INFY,-1.5424202281163257,1523.0046875,1656.0743798828125
2025-07-15,1508.8507771918205,1545.967099361679,1507.790334380739,1528.614013671875,7614807,INFY,0.974336078173299,1524.8377880859375,1654.7942071533203
2025-07-16,1522.2511831800944,1554.0651724422496,1521.7691530397587,1550.112548828125,6223491,INFY,1.4064070435026554,1527.1617016601563,1653.6370367431641
2025-07-17,1540.5683518202854,1552.1370753633664,1523.3116489985612,1526.5894775390625,7374814,INFY,-1.5175073130557992,1528.9562109375,1652.3389862060546
2025-07-18,1534.8804313290245,1541.8217363306167,1523.2153248462614,1529.0960693359375,5161833,INFY,0.16419553742212933,1530.87310546875,1651.0229193115235
2025-07-21,1523.2153333190533,1531.8918763569468,1510.4897839367352,1527.36083984375,3682661,INFY,-0.11348073721365592,1530.486962890625,1649.8445782470703
2025-07-22,1508.7544033781517,1528.806905141675,1508.7544033781517,1514.4423828125,8473741,INFY,-0.8458025565570737,1530.9509497070312,1648.4665234375
2025-07-23,1519.648319505044,1534.6876368616054,1494.2934861823694,1517.9129638671875,8035026,INFY,0.2291656053789337,1531.0318212890625,1647.15728515625
2025-07-24,1523.21527148752,1525.14339208434,1492.558106924831,1496.70361328125,14169664,INFY,-1.3972705346624426,1530.296826171875,1645.6256774902345
2025-07-25,1487.930738061539,1493.8114825426642,1456.9844249801497,1461.2261962890625,10851259,INFY,-2.3703702374586855,1529.2914965820312,1643.840778198242
2025-07-28,1459.4908778130184,1464.6968268487494,1429.2193615593824,1461.515380859375,6439855,INFY,0.01979054105702982,1528.8642651367188,1641.9903515625
2025-07-29,1458.5267960319763,1462.6721845547067,1442.3305365336291,1459.2979736328125,7070448,INFY,-0.1517197325189068,1528.3774755859374,1640.1090985107421
2025-07-30,1465.2753927209724,1467.0106307922656,1451.8749299240865,1464.40771484375,5719051,INFY,0.3501506411481614,1527.8426708984375,1638.4120159912109
2025-07-31,1455.4418850255533,1472.21655890233,1443.198365471235,1454.76708984375,6851407,INFY,-0.6583292960204434,1527.5143408203126,1636.5910620117188
2025-08-01,1440.2096707795008,1444.8370894973941,1412.83033538686,1416.782958984375,8702978,INFY,-2.6110111456710716,1526.0973901367188,1634.4683294677734
2025-08-04,1408.9741142502269,1429.5086455065348,1398.8514812022438,1427.291259765625,8610216,INFY,0.7417015227782597,1524.5920947265624,1632.3962579345703
2025-08-05,1425.5559991895734,1425.5559991895734,1402.7078158601623,1407.8173828125,10213323,INFY,-1.3643940450054126,1522.8950610351562,1630.4110534667968
2025-08-06,1399.8155998166778,1403.768223634903,1378.895537719122,1385.0654296875,10566934,INFY,-1.616115371408955,1520.7106640625,1628.086494140625
2025-08-07,1378.6062610201184,1390.1749848888187,1363.3740608530718,1385.25830078125,9892020,INFY,0.013925052897567625,1518.2677368164063,1626.1788415527344
2025-08-08,1373.785961785155,1381.6912093691872,1366.169861688454,1371.9542236328125,10048009,INFY,-0.9604040734449537,1515.5760815429687,1624.3308605957031
2025-08-11,1368.8693412283471,1381.8841562074572,1363.1813615156616,1376.8709716796875,6625368,INFY,0.3583755173591552,1513.1543627929686,1622.5128686523437
2025-08-12,1376.8708364780418,1389.2108550605094,1369.9296495773656,1372.918212890625,9899184,INFY,-0.2870827310884727,1510.861826171875,1620.5726544189454
2025-08-13,1373.7858962323605,1382.4624387348806,1371.279363046038,1375.328369140625,10318063,INFY,0.17554987816248424,1508.4593872070313,1618.6917248535156
2025-08-14,1374.9427475738962,1417.1686356270611,1374.9427475738962,1395.6700439453125,12902347,INFY,1.479041315594909,1506.4040087890626,1616.91861328125
2025-08-18,1412.05912550974,1412.05912550974,1378.2206312900619,1384.1978759765625,7254561,INFY,-0.8219828188273048,1503.936015625,1615.0726318359375
2025-08-19,1381.2091389381637,1397.3090164904586,1381.2091389381637,1388.246826171875,3986094,INFY,0.2925123832064891,1501.3735424804688,1613.2708996582032
2025-08-20,1388.921654258322,1445.1264179190935,1388.921654258322,1442.427001953125,10413061,INFY,3.902776852056866,1499.44927734375,1611.9168957519532
2025-08-21,1453.802949118853,1453.802949118853,1430.9547668193538,1442.619873046875,6565539,INFY,0.013371289742147852,1496.8521020507812,1610.7770471191407
2025-08-22,1444.258688328196,1450.2359327005538,1432.6899649169563,1434.0396728515625,5543397,INFY,-0.5947651460804226,1494.5171459960939,1609.5771856689453
2025-08-25,1452.549588321255,1483.6887826854402,1452.549588321255,1477.0367431640625,10694531,INFY,2.9983180470175563,1493.1693872070311,1608.578999633789
2025-08-26,1468.2638125760993,1483.1103644867733,1464.021923789744,1474.6265869140625,15994798,INFY,-0.16317510455677864,1491.353095703125,1607.613682861328
2025-08-28,1474.6266696224122,1474.6266696224122,1444.162386475055,1446.1868896484375,5443364,INFY,-1.928603316799038,1488.6575805664063,1606.1758044433593
2025-08-29,1447.922152992462,1447.922152992462,1414.951220922169,1416.782958984375,8169075,INFY,-2.0332040675054452,1485.5089575195314,1604.6890643310546
2025-09-01,1423.6277245981132,1449.3682038919694,1423.145694472945,1445.511962890625,4546057,INFY,2.0277632310628846,1483.2144921875,1603.2181024169922
2025-09-02,1445.5120710387366,1458.4305028963795,1432.8829043510907,1444.837158203125,5218763,INFY,-0.04668274665472483,1480.819765625,1601.6004510498046
2025-09-03,1446.09053538698,1447.9222736017668,1420.0609057500144,1425.941650390625,4623483,INFY,-1.3077949791933219,1478.79716796875,1599.846967163086
2025-09-04,1430.6654315565193,1430.6654315565193,1407.6243677138264,1410.420166015625,5787724,INFY,-1.0885076798723192,1476.5104174804687,1598.0177770996095
2025-09-05,1417.1686742864704,1419.771590084351,1381.4984423486478,1392.6815185546875,5466487,INFY,-1.2576853258592036,1473.2268286132812,1596.1181945800781
2025-09-08,1398.8514448025214,1405.5998666589085,1376.9673238557784,1381.4019775390625,3811567,INFY,-0.8099153227315581,1469.6964379882813,1594.4146215820313
2025-09-09,1427.7733097648295,1453.0316426482493,1419.5787971834648,1450.2359619140625,13072640,INFY,4.9829076180726295,1467.6969775390626,1592.991997680664
2025-09-10,1455.8274419814547,1479.7361846012639,1455.056264347903,1477.518798828125,7281071,INFY,1.881268816286541,1466.3627172851564,1591.6615808105469
2025-09-11,1469.1314991861996,1472.6020926929066,1452.3568266067848,1455.4417724609375,8003662,INFY,-1.4941959712930664,1464.4905102539062,1589.8965954589844
2025-09-12,1481.7606968153777,1487.4486761823323,1466.4321143461764,1470.7703857421875,12856963,INFY,1.0531931659025773,1462.85353515625,1588.267908935547
2025-09-15,1470.7703889313757,1472.6021270614033,1447.2472937742573,1454.1885986328125,6167414,INFY,-1.1274218783652867,1460.7268188476562,1586.3925579833985
2025-09-16,1454.18869843609,1459.5874130189484,1449.4647790449067,1456.9844970703125,8923112,INFY,0.19226518761930045,1458.2318334960937,1584.5295233154297
2025-09-17,1462.3832147820146,1471.830935901443,1459.58741614181,1467.685546875,4795698,INFY,0.7344655915148657,1456.2150219726564,1583.0425134277343
2025-09-18,1494.2935138953433,1499.1138155530703,1483.2068200825713,1485.2313232421875,9331945,INFY,1.195472450113444,1454.32353515625,1581.637528076172
2025-09-19,1489.0875921991392,1495.546867150236,1465.4681136380061,1484.845703125,12988129,INFY,-0.025963640219062167,1452.5207446289062,1580.1262768554689
2025-09-22,1429.4121385641438,1460.2620677071914,1428.7373434373958,1445.6083984375,15655204,INFY,-2.64251730701186,1450.27833984375,1578.3603723144531
2025-09-23,1439.3420265057648,1458.6232324870878,1439.3420265057648,1443.6802978515625,9832164,INFY,-0.13337641009982804,1448.4003491210938,1576.5983740234376
2025-09-24,1433.7504516255494,1442.909024606748,1429.4121802134027,1440.884521484375,4937004,INFY,-0.19365619738304085,1446.94076171875,1574.605641479492
2025-09-25,1435.4858961438838,1448.6934761875953,1423.4351414751138,1431.4368896484375,9491867,INFY,-0.6556827903324791,1444.9972192382813,1572.6248504638672
2025-09-26,1421.9889772759154,1425.555953399892,1389.4036912657584,1396.8270263671875,8597058,INFY,-2.4178406698565857,1441.9315087890625,1570.465068359375
2025-09-29,1407.5280279964163,1412.3483294621576,1384.872611107433,1389.982177734375,10513117,INFY,-0.49002836454377086,1439.1993627929687,1568.1527014160156
2025-09-30,1391.1390030128964,1400.0083106366037,1386.4150840398418,1389.982177734375,7556305,INFY,0.0,1436.4170849609375,1565.7186474609375
2025-10-01,1394.0312659732858,1397.405477197979,1376.0997670015454,1393.8385009765625,6250692,INFY,0.2774368840090524,1433.7466381835939,1563.2427941894532
2025-10-03,1387.282784330546,1396.2485922754322,1381.6911874663804,1394.609619140625,6877533,INFY,0.05532335084172946,1431.3499829101563,1560.7104278564452
2025-10-06,1394.6096065704758,1425.6524188431904,1390.4642178899833,1422.9530029296875,4630590,INFY,2.032352523606429,1429.4507836914063,1558.4131829833984
2025-10-07,1424.5918193613172,1429.6050033943986,1401.743637948074,1406.0819091796875,5570320,INFY,-1.1856395619015192,1427.638349609375,1556.0479815673827
2025-10-08,1404.6358503769075,1444.1623224877194,1402.707729786136,1441.2701416015625,4657192,INFY,2.5025734412872147,1427.239228515625,1553.8466003417968
2025-10-09,1448.0185870707542,1459.5873108023447,1433.557682406266,1455.0562744140625,7028753,INFY,0.9565266367886238,1427.1100463867188,1551.8707751464844
2025-10-10,1455.7310370996563,1467.0104954131987,1444.933608930849,1460.4549560546875,3738353,INFY,0.3710290615941192,1427.1331860351563,1550.0362634277344
2025-10-13,1443.1982662450723,1450.6214834671307,1430.087069727637,1439.5347900390625,5859355,INFY,-1.4324417147475232,1426.6357275390626,1548.0869299316407
2025-10-14,1445.1264411305913,1459.9729938155936,1433.075686951717,1436.353515625,5600789,INFY,-0.22099322892892292,1426.2674560546875,1546.1941802978515
2025-10-15,1430.5690952632847,1435.1001315764527,1414.75848288892,1421.4105224609375,6986098,INFY,-1.0403422974573417,1426.3600073242187,1544.2345587158204
2025-10-16,1420.9285143742625,1421.5069270236047,1408.0100826842827,1418.61474609375,8005748,INFY,-0.19669028215346662,1426.1864770507811,1542.2165142822266
2025-10-17,1402.6113299617484,1405.9855409539045,1382.462446500531,1389.3072509765625,16959378,INFY,-2.0659234790761594,1425.8162744140625,1540.1030310058593
2025-10-20,1401.4544470050912,1414.276496397426,1397.8874708768014,1408.395751953125,6994246,INFY,1.3739582056557342,1426.282880859375,1538.2085797119141
2025-10-21,1424.881136066363,1432.5936185349226,1417.1686535978035,1419.482421875,1698704,INFY,0.7871842773240711,1426.96736328125,1536.3576782226562
2025-10-23,1455.7310466373283,1490.4372172856354,1451.8748054541832,1473.566162109375,20358624,INFY,3.8101028516390967,1428.9996020507813,1534.4190246582032
2025-10-24,1484.1708637038648,1487.5450748262833,1463.4435668090073,1470.57763671875,8652257,INFY,-0.20280904023657342,1430.8737353515626,1532.5562188720703
2025-10-27,1478.0165606695539,1483.2043487095048,1466.3685916918344,1472.633056640625,7273211,INFY,0.13976956201109392,1432.8680322265625,1530.70796875
2025-10-28,1467.9347848431598,1474.5908017388306,1458.9296979699484,1468.4241943359375,8211019,INFY,-0.28580523068583163,1434.7299487304688,1528.8719476318358
2025-10-29,1468.4241778932897,1488.0005573851865,1465.1941469679696,1478.408203125,4884976,INFY,0.6799131223506949,1436.3847119140626,1527.0749139404297
2025-10-30,1475.0801523386458,1476.2546872805226,1457.5592692997866,1462.1597900390625,5608867,INFY,-1.0990478172126061,1437.9439501953125,1525.2719799804688
2025-10-31,1458.4403008415877,1465.3898918009988,1449.3372364048548,1450.9034423828125,4819814,INFY,-0.7698438797820617,1439.1970825195312,1523.1767572021483
2025-11-03,1450.9033496746388,1459.8105780526128,1442.974820743242,1454.0355224609375,5470600,INFY,0.21587102122944124,1439.4292529296874,1521.1197735595704
2025-11-04,1448.3583414401685,1450.511814804534,1431.9142548968182,1436.808349609375,8691330,INFY,-1.1847834929373469,1439.3130224609374,1519.0819415283204
2025-11-06,1447.2816360762577,1451.58846323567,1430.9354078512456,1435.6336669921875,7944752,INFY,-0.08175638856127154,1439.34490234375,1516.9926037597656
2025-11-07,1438.8638806951196,1449.533031326473,1418.4065403991735,1445.5198974609375,8765759,INFY,0.688631835269149,1438.7145654296876,1515.0534698486329
2025-11-10,1458.5381171839108,1487.8048281611332,1458.4402591842686,1481.4425048828125,9787975,INFY,2.4850994777016355,1438.8508837890624,1513.8310858154298
2025-11-11,1492.6989304110698,1500.9210336624128,1479.0933228205395,1497.88671875,13692989,INFY,1.110013639610563,1439.8848803710937,1512.7011413574219
2025-11-12,1507.3812396717751,1526.1745164244364,1505.5214596999074,1518.8333740234375,14635417,INFY,1.3984138460696016,1441.925888671875,1511.735824584961
2025-11-13,1524.1189242683809,1524.5104757353395,1497.8866487683968,1509.14306640625,19655689,INFY,-0.6380099214911006,1443.1985107421874,1510.4570532226562
2025-11-14,1487.8047537888665,1497.59294295853,1457.2656513734084,1470.9691162109375,9739549,INFY,-2.529511684151775,1443.7211499023438,1508.9446313476562
2025-11-17,1464.3132041198487,1478.212385937251,1460.8873376663598,1475.66748046875,7910354,INFY,0.3194060436778612,1444.7156665039063,1507.4081665039062
2025-11-18,1474.1013313334302,1474.1013313334302,1451.784211591062,1454.91650390625,7525119,INFY,-1.4062095178724365,1445.6055932617187,1506.0220166015624
2025-11-19,1458.9296699222182,1510.317665675936,1458.9296699222182,1508.4578857421875,10981126,INFY,3.680031238369086,1447.9211206054688,1504.8667346191405
2025-11-20,1522.0634729079381,1522.0634729079381,1501.5082748815287,1503.955322265625,7387584,INFY,-0.29848784769667125,1450.3721875,1503.444139404297
2025-11-21,1498.5718033380108,1518.6375916910017,1493.9714020948772,1512.2752685546875,9186302,INFY,0.5532043516112584,1451.6129736328126,1502.1643920898437
2025-11-24,1530.4813442936104,1551.4280945139647,1508.3600590826622,1515.2117919921875,19270381,INFY,0.19417916159578663,1452.3668334960937,1500.8049713134765
2025-11-25,1516.1905908718425,1517.7566773334454,1493.5798964672151,1498.1802978515625,8107952,INFY,-1.1240338961612806,1453.2216040039064,1499.4956280517579
2025-11-26,1499.6485223505715,1527.251289037942,1499.6485223505715,1524.902099609375,7575038,INFY,1.7836172185772492,1454.30423828125,1498.2630895996094
2025-11-27,1530.8728564928056,1540.954739594805,1519.3227449478784,1533.2220458984375,7552252,INFY,0.5456052746726447,1455.8849072265625,1496.9034045410156
2025-11-28,1531.8516566735827,1535.179665000364,1524.0211050739736,1527.055419921875,4453221,INFY,-0.40220045055175957,1457.2863256835938,1495.521205444336
2025-12-01,1529.4045743430058,1540.6609920101703,1523.042251313739,1530.872802734375,5341800,INFY,0.24998325291267776,1458.5500708007812,1494.0696795654296
2025-12-02,1533.8093151456649,1546.4361036663386,1523.1401645511503,1527.9364013671875,6335969,INFY,-0.19181223691103755,1459.4041723632813,1492.6605126953125
2025-12-03,1522.1613705980963,1552.406900951154,1521.182551618934,1545.261474609375,12895312,INFY,1.1338870666792955,1460.6124877929688,1491.448963623047
2025-12-04,1534.7880917871573,1565.1314788059085,1534.7880917871573,1563.7611083984375,12609619,INFY,1.197184689648667,1462.9755419921876,1490.352015991211
2025-12-05,1575.8985332981872,1597.2368345243183,1566.1103436503722,1581.9671630859375,10344725,INFY,1.1642478246658872,1465.741279296875,1489.405516357422
2025-12-08,1582.8481284293375,1595.4749170068917,1566.306063981828,1576.681640625,7550413,INFY,-0.3341107568014867,1468.4572216796876,1488.527182006836
2025-12-09,1567.2848235795727,1572.8641631737528,1548.883099378693,1565.1314697265625,6957599,INFY,-0.7325620214527873,1471.13111328125,1487.528589477539
2025-12-10,1573.9408513587562,1573.9408513587562,1549.2746619298632,1551.2322998046875,5116140,INFY,-0.8880512717761135,1474.21921875,1486.527525024414
2025-12-11,1564.1527099609375,1573.3536321517727,1547.023378030827,1564.1527099609375,5159319,INFY,0.8329126564652345,1477.7026293945312,1485.5451916503907
2025-12-12,1567.4806809838458,1567.8722324584342,1549.0788370408115,1564.348388671875,4633912,INFY,0.012510205026106114,1481.1899536132812,1484.7594396972656
2025-12-15,1551.4280562362142,1576.6816332735752,1551.4280562362142,1572.766357421875,4190558,INFY,0.5381134286299716,1484.7685107421876,1483.9475659179689
2025-12-16,1566.1103574156468,1569.0468143358012,1552.0153403019585,1559.1607666015625,5499258,INFY,-0.8650738716598161,1488.0595336914062,1483.1159118652345
2025-12-17,1553.5814245843821,1572.8642300238714,1552.4068896118622,1568.0679931640625,4817628,INFY,0.5712833950994423,1490.9618334960937,1482.5707427978516
2025-12-18,1576.3879761796316,1595.4749463972676,1572.6684162407605,1592.3427734375,6577293,INFY,1.5480693681181323,1494.68705078125,1482.1298358154297
2025-12-19,1615.0513027562847,1619.847539612933,1595.2792073285575,1603.9906005859375,13149023,INFY,0.7314899368866756,1497.9414599609374,1481.7633288574218
2025-12-22,1628.7547583833573,1657.3362243784013,1628.7547583833573,1653.8125,23098923,INFY,3.106121656564742,1501.9165844726563,1482.010043334961
2025-12-23,1643.4370603643276,1643.4370603643276,1621.3157754082474,1632.9637451171875,6593060,INFY,-1.2606480409848464,1505.3667602539062,1482.0531677246095
2025-12-24,1625.8182910699556,1632.2784723030877,1617.4983299175808,1628.16748046875,4271167,INFY,-0.2937153174881635,1509.1394140625,1482.1688049316406
2025-12-26,1628.167521100225,1633.453167508233,1616.7152673020842,1621.0220947265625,2006491,INFY,-0.4388606103427617,1512.8327856445312,1482.138436279297
2025-12-29,1622.8818655924697,1637.6620082639456,1602.4245250544589,1609.863525390625,4062817,INFY,-0.6883662704066817,1516.601845703125,1482.0315979003906
2025-12-30,1612.1148331917736,1612.9957941560388,1582.554548282334,1587.2528076171875,9395937,INFY,-1.404511464283975,1519.9746069335938,1481.953594970703
2025-12-31,1586.6655664923117,1594.1045668429529,1575.1154547350545,1581.1842041015625,6538656,INFY,-0.3823337710604058,1523.8121459960937,1481.7718090820313
2023-01-02,770.1225318929031,776.1576039774972,766.1228405647803,770.9271850585938,4381378,HDFCBANK,0.0,0.0,0.0
2023-01-03,767.8504260872918,777.6958994173672,767.8504260872918,775.9682006835938,8378030,HDFCBANK,0.6538899811422416,0.0,0.0
2023-01-04,773.9092723546631,778.9976666530196,760.6557802287117,762.0994873046875,10351600,HDFCBANK,-1.7872785723291873,0.0,0.0
2023-01-05,764.4424266422033,765.8861335942461,752.3249607233827,757.2003173828125,10941436,HDFCBANK,-0.642851754067153,0.0,0.0
2023-01-06,758.2890762614053,761.649771597572,747.0235849749788,754.6917114257812,9092462,HDFCBANK,-0.33130017241699283,0.0,0.0
2023-01-09,755.4489881345364,762.8094321524873,752.6089543445569,756.1589965820312,10729340,HDFCBANK,0.19442179290374284,0.0,0.0
2023-01-10,757.3424088115413,757.3424088115413,740.7755436187888,742.3375854492188,16371766,HDFCBANK,-1.8278445664585918,0.0,0.0
2023-01-11,742.1718091980973,756.3956682495882,738.4087875277582,753.0349731445312,15195798,HDFCBANK,1.4410408289968313,0.0,0.0
2023-01-12,751.5676897826115,759.1884361515325,749.8399908708047,757.0584106445312,9250070,HDFCBANK,0.5342962337059776,0.0,0.0
2023-01-13,756.750729788885,762.0284712196939,750.7156575106625,757.6500854492188,9244546,HDFCBANK,0.0781544457294503,0.0,0.0
2023-01-16,764.4425457184223,767.4246047675382,748.0177042260798,750.3843994140625,14748094,HDFCBANK,-0.958976468780881,0.0,0.0
2023-01-17,752.5143515673539,762.5491150718101,746.6922588614403,761.5551147460938,10786354,HDFCBANK,1.4886657212961563,0.0,0.0
2023-01-18,759.7091126719464,777.0333089188046,757.200392801334,774.9979858398438,19090642,HDFCBANK,1.765186896319637,0.0,0.0
2023-01-19,774.855979303361,781.0093865916589,772.9626232146538,778.2166748046875,11172162,HDFCBANK,0.4153157845121047,0.0,0.0
2023-01-20,778.2166322807672,790.002784845069,777.8853180956044,786.1923828125,18843404,HDFCBANK,1.0248698422986369,0.0,0.0
2023-01-23,788.7011815871622,796.4402633957444,786.4054987812821,791.9435424804688,15444400,HDFCBANK,0.7315206549565856,0.0,0.0
2023-01-24,792.8664450305238,805.8122539809278,792.8427549703604,802.5462036132812,24983940,HDFCBANK,1.3388152771097284,0.0,0.0
2023-01-25,800.6056037705797,801.3392445591735,778.7846872191718,780.370361328125,14704142,HDFCBANK,-2.763185743738439,0.0,0.0
2023-01-27,772.4892972035035,774.8559923542496,752.5853678734721,764.8212280273438,35179948,HDFCBANK,-1.992532529595037,0.0,0.0
2023-01-30,754.9757076943356,769.3179025577755,748.8223006723755,764.0401611328125,18512822,HDFCBANK,-0.1021241129179673,0.0,0.0
2023-01-31,766.6671531399184,768.0871701361255,754.975702983403,758.9990844726562,18596244,HDFCBANK,-0.6597921047346578,0.0,0.0
2023-02-01,768.7024970580272,788.1093950748863,760.18239548965,770.3828735351562,17302790,HDFCBANK,1.4998422653446752,0.0,0.0
2023-02-02,761.1764609144216,768.9392323415261,752.0173625008308,758.9281005859375,17497106,HDFCBANK,-1.4868935100613934,0.0,0.0
2023-02-03,762.5491759812612,785.9794579248195,760.65581986461,785.1748046875,14411100,HDFCBANK,3.458391391924809,0.0,0.0
2023-02-06,785.7427543408033,790.1921525781385,779.2106529093284,781.8377075195312,11167672,HDFCBANK,-0.42501327704942415,0.0,0.0
2023-02-07,785.4586505805794,788.06201475717,772.773143844212,782.9972534179688,10264588,HDFCBANK,0.14831030625477304,0.0,0.0
2023-02-08,783.0210447115362,789.6241006826871,781.0093539513584,782.9027099609375,8444826,HDFCBANK,-0.01207455793983403,0.0,0.0
2023-02-09,785.7427448206556,786.5237657315753,774.1696293119086,781.2697143554688,11777336,HDFCBANK,-0.20858218839863163,0.0,0.0
2023-02-10,780.441377066591,785.0327423176034,777.3172933990301,784.3700561523438,8172116,HDFCBANK,0.396833736148694,0.0,0.0
2023-02-13,783.3760568391949,786.5710951374816,778.429687326696,784.9617309570312,5736944,HDFCBANK,0.07543311987072698,0.0,0.0
2023-02-14,788.1093910341734,794.0261282040997,784.7723281580804,792.2274169921875,10908592,HDFCBANK,0.9256102238637709,0.0,0.0
2023-02-15,794.262851292887,794.262851292887,784.204397425203,790.6181640625,11438712,HDFCBANK,-0.20313017388331467,0.0,0.0
2023-02-16,791.9907552742181,796.1088390532639,786.2160428519792,787.75439453125,8062500,HDFCBANK,-0.3622190409255044,0.0,0.0
2023-02-17,786.2160191131189,789.6004042614547,777.6722277016523,783.802001953125,8956270,HDFCBANK,-0.5017290421435061,0.0,0.0
2023-02-20,785.7427119293137,790.2157422072587,773.8145926677021,776.4415893554688,8086706,HDFCBANK,-0.9390652970157176,0.0,0.0
2023-02-21,776.275896847954,786.8550110811879,773.4358630789981,779.3526000976562,12389296,HDFCBANK,0.3749169006523667,0.0,0.0
2023-02-22,775.8026119130404,777.1989388344294,761.6261321413451,764.0637817382812,10359102,HDFCBANK,-1.9617331561425755,0.0,0.0
2023-02-23,763.4957310605046,766.2647523789618,753.6029353883428,758.8806762695312,27882010,HDFCBANK,-0.6783603139725036,0.0,0.0
2023-02-24,765.8151364213195,765.8151364213195,750.336917326773,752.1119384765625,17061740,HDFCBANK,-0.8919370336641252,0.0,0.0
2023-02-27,750.6683165199346,756.8690457387776,746.5976127581428,753.981689453125,14312972,HDFCBANK,0.24860009274014772,0.0,0.0
2023-02-28,753.5556504719998,759.8510819707354,751.9936087375356,757.1530151367188,18993992,HDFCBANK,0.4206104376213604,0.0,0.0
2023-03-01,763.0224281514963,763.4957671267764,755.330669803195,756.4193725585938,14137256,HDFCBANK,-0.09689488960068493,0.0,0.0
2023-03-02,754.5023440243442,760.1587217973406,748.8222761897821,749.98193359375,17391814,HDFCBANK,-0.851040996354846,0.0,0.0
2023-03-03,755.4490722648835,766.8092086899194,751.662360123205,764.8685302734375,14986234,HDFCBANK,1.9849273712973625,0.0,0.0
2023-03-06,766.8091287857136,776.0155486085717,765.8861409096147,770.2645263671875,27004710,HDFCBANK,0.7054802074051736,0.0,0.0
2023-03-08,766.8091679963849,776.039278351897,766.8091679963849,771.8029174804688,20099774,HDFCBANK,0.19972244087842483,0.0,0.0
2023-03-09,771.5188361022016,779.0922596719008,770.1225092437928,771.8738403320312,20700166,HDFCBANK,0.009189243776641653,0.0,0.0
2023-03-10,762.2887256418968,763.8507673644085,750.2422718962587,751.969970703125,27387000,HDFCBANK,-2.5786428544261053,0.0,0.0
2023-03-13,751.6149691826986,759.1410704335563,740.7518050492812,742.4558715820312,26443550,HDFCBANK,-1.2652232790888784,0.0,0.0
2023-03-14,743.2605460585534,749.5796099935142,738.0775072511518,740.4678344726562,33185612,HDFCBANK,-0.2677650195073378,768.6102221679688,0.0
2023-03-15,746.9289573593102,749.248330063132,727.3327108002192,729.8414306640625,37264754,HDFCBANK,-1.4350932361783975,767.7885070800781,0.0
2023-03-16,728.4686837227395,737.982785579755,725.1790009533352,734.5747680664062,21753342,HDFCBANK,0.6485432593264839,766.9606384277344,0.0
2023-03-17,737.2254484326775,747.4968810064513,728.9420164278159,744.3965454101562,22950876,HDFCBANK,1.3370697947607812,766.6065795898437,0.0
2023-03-20,742.1718613024195,742.2428737084866,731.4981015299404,739.2371826171875,26503114,HDFCBANK,-0.6930933283853413,766.2473168945312,0.0
2023-03-21,744.0651919987587,749.0589413869266,736.6101030086518,747.615234375,33050494,HDFCBANK,1.1333374395685825,766.1057873535157,0.0
2023-03-22,749.7689910429613,750.7393591246861,740.9175746776272,745.8876342773438,14177324,HDFCBANK,-0.23108144647433493,765.9003601074219,0.0
2023-03-23,742.0772502845497,752.7747006046328,737.7225544029504,739.89990234375,28364178,HDFCBANK,-0.8027659473661908,765.8516064453125,0.0
2023-03-24,738.4088098056723,744.9882331927605,736.0184248411618,738.7164916992188,31477748,HDFCBANK,-0.15994199225903838,765.5652368164062,0.0
2023-03-27,739.4500901227714,747.6151870715003,737.8881062444385,741.9351196289062,31872006,HDFCBANK,0.4357054385348613,765.2627709960938,0.0
2023-03-28,741.1067998011212,749.2482647269658,740.3494690077168,747.97021484375,39276302,HDFCBANK,0.8134262761226863,765.0691735839844,0.0
2023-03-29,749.7688548962433,758.2889555200643,748.7748547129236,751.5675659179688,39763612,HDFCBANK,0.4809484392330088,765.0928369140624,0.0
2023-03-31,755.2596794028502,763.4720993070749,753.7450177500838,761.86279296875,34711228,HDFCBANK,1.3698338669267285,765.0989904785156,0.0
2023-04-03,760.916103659407,764.7737701383646,758.6440534334533,762.3361206054688,40025398,HDFCBANK,0.062127674574363745,764.8457531738281,0.0
2023-04-05,766.1464855665928,783.8493755314626,764.9158157360166,782.7843627929688,43365392,HDFCBANK,2.6823131732574224,764.9371069335938,0.0
2023-04-06,780.3230137466818,790.0974176490104,779.6366375439686,788.7484130859375,44637344,HDFCBANK,0.7619020737319016,764.9882275390624,0.0
2023-04-10,787.2810834915474,790.9494607030667,782.902697787476,785.009033203125,31813286,HDFCBANK,-0.474090320915177,764.8495373535156,0.0
2023-04-11,785.2694286862951,790.1921660159843,781.5300388983272,787.3048095703125,42361542,HDFCBANK,0.2924522228514803,764.5447094726562,0.0
2023-04-12,789.5294292037479,799.0908536154229,789.4347845187364,797.5288696289062,26955504,HDFCBANK,1.2986152166622356,764.8878796386718,0.0
2023-04-13,799.1381676210906,803.279883408837,794.333765751178,801.1024780273438,35330086,HDFCBANK,0.4480851458205315,765.6135046386719,0.0
2023-04-17,814.1430655398879,814.1430655398879,782.571377912893,788.8904418945312,32405148,HDFCBANK,-1.5244037395669707,766.1105102539062,0.0
2023-04-18,790.4761429987975,793.9078508052294,784.0387440490672,785.5534057617188,29637226,HDFCBANK,-0.4230037474910464,766.6415966796875,0.0
2023-04-19,788.1094206815565,790.6181404482337,784.3937211551915,788.4407348632812,24741168,HDFCBANK,0.3675535081873571,767.00275390625,0.0
2023-04-20,791.280785812552,794.0024850715804,788.7721237726142,791.37548828125,32922716,HDFCBANK,0.3722224497289206,767.6517016601563,0.0
2023-04-21,790.0027556575246,793.7657774269219,787.2810565292857,792.6534423828125,20128618,HDFCBANK,0.16148517618836955,767.8012744140625,0.0
2023-04-24,798.5229093249309,800.6292448057368,792.4168245439707,799.0672607421875,35675852,HDFCBANK,0.8091579518148873,768.1458654785156,0.0
2023-04-25,798.8541289397548,798.8541289397548,786.6420186043182,787.70703125,50353068,HDFCBANK,-1.4216862647627337,768.2400610351563,0.0
2023-04-26,785.7427625625156,792.8428477663938,783.3760674945562,791.3281860351562,27392750,HDFCBANK,0.45970832320867405,768.4085705566406,0.0
2023-04-27,790.7128018135829,797.6945520840111,788.5117639010149,795.682861328125,47790392,HDFCBANK,0.5502995305635805,768.6968334960937,0.0
2023-04-28,797.4341901096315,800.4162489215953,790.4761299225689,798.806884765625,27916272,HDFCBANK,0.3926216824986728,768.9855700683594,0.0
2023-05-02,799.3275537958391,804.2029686544997,796.1562055779098,798.6412353515625,32221184,HDFCBANK,-0.020737103951118385,769.25916015625,0.0
2023-05-03,797.5524239138897,802.7828423136223,795.043762200039,801.433837890625,29407270,HDFCBANK,0.34966921509296256,769.4432885742187,0.0
2023-05-04,798.5702121515963,820.9828021558743,798.5702121515963,817.8351440429688,56854638,HDFCBANK,2.0464953408396047,769.9876281738282,0.0
2023-05-05,775.8025843027785,786.192351749063,767.8031440250422,769.4835205078125,62770416,HDFCBANK,-5.912147929487343,769.6222106933594,0.0
2023-05-08,773.9092936156137,781.1750359781396,771.5425985281042,778.38232421875,37244524,HDFCBANK,1.1564644951804537,769.5138171386719,0.0
2023-05-09,780.9620480823568,783.8494045017483,776.2522902407883,778.406005859375,43688938,HDFCBANK,0.003042417574006251,769.55310546875,0.0
2023-05-10,778.4059920594077,783.210394506021,773.0099158578086,782.0033569335938,46340550,HDFCBANK,0.4621432834716055,769.6061206054687,0.0
2023-05-11,788.1804838313546,798.9962689250709,780.6543818274131,782.5240478515625,35734618,HDFCBANK,0.06658423053456097,769.9753259277344,0.0
2023-05-12,779.5892797778581,791.8014482563958,778.2875976167232,789.4347534179688,22478760,HDFCBANK,0.883130120458242,770.5864074707031,0.0
2023-05-15,791.4228462180713,795.5645626680762,788.1567954042247,793.2215576171875,18512260,HDFCBANK,0.47968551964849837,771.4085998535156,0.0
2023-05-16,800.4029520198595,800.4029520198595,787.0932017516233,788.6731567382812,32722086,HDFCBANK,-0.573408631576966,772.1024291992187,0.0
2023-05-17,789.9658807338478,789.9658807338478,778.1642575542323,784.4360961914062,30466868,HDFCBANK,-0.5372390971689955,772.6480908203125,0.0
2023-05-18,789.0083230433131,791.8569644245696,785.1781855528116,787.572021484375,49646942,HDFCBANK,0.3997681019772381,773.2711437988281,0.0
2023-05-19,789.0083827444214,789.9659171894996,781.1326853109591,788.4817504882812,30460332,HDFCBANK,0.11551057923460117,774.0411401367187,0.0
2023-05-22,787.5720763787239,791.3543491028732,781.6832161993159,785.6809692382812,28334032,HDFCBANK,-0.3552119308107726,774.4573889160156,0.0
2023-05-23,789.4871228939105,789.7743715289307,782.0422694614203,783.837646484375,22470074,HDFCBANK,-0.23461466244922846,774.7288513183594,0.0
2023-05-24,779.2176169192138,782.6647175463944,772.5387790945629,773.5921020507812,33588112,HDFCBANK,-1.3071003261385217,774.7646350097656,0.0
2023-05-25,773.5441253964981,775.6268094273125,764.7587591498904,770.6236572265625,29776930,HDFCBANK,-0.3837222247162875,774.7396313476562,0.0
2023-05-26,775.1241337865805,775.1241337865805,767.1047828039214,773.5921020507812,26635066,HDFCBANK,0.38520032396902604,775.1720739746094,0.0
2023-05-29,779.6723723310973,785.6569622323185,777.9248603912886,783.0237426757812,21816292,HDFCBANK,1.2192007389936865,775.9834313964843,0.0
2023-05-30,782.1141249746089,786.446991726549,779.6963855607993,783.6222534179688,37125928,HDFCBANK,0.0764358357949968,776.8465197753907,0.0
2023-05-31,780.3427069263231,782.7604463317739,768.2538345692759,771.22216796875,43334270,HDFCBANK,-1.582405986447244,777.6741345214843,0.0
2023-06-01,775.5549758597977,775.5549758597977,766.0274971750312,767.9425659179688,50366938,HDFCBANK,-0.4252473783811328,778.3414904785157,0.0
2023-06-02,771.9881679023533,773.1133176055869,766.5063067001975,769.1395263671875,17859710,HDFCBANK,0.15586588142668667,778.8363500976562,0.0
2023-06-05,772.9696311869709,773.9271655706029,767.2004631482836,768.1340942382812,18697242,HDFCBANK,-0.1307216824046331,779.4142883300781,0.0
2023-06-06,769.6901249341668,770.7433894299307,762.3170981340278,765.7402954101562,32182852,HDFCBANK,-0.3116381431420234,779.7767895507812,0.0
2023-06-07,767.6792895707576,772.0361181070452,764.112497093835,769.7140502929688,24949026,HDFCBANK,0.518942898347019,780.2533178710937,0.0
2023-06-08,767.5834912360843,778.4754447215801,767.5834912360843,770.1927490234375,37395522,HDFCBANK,0.06219176202988397,780.8591748046875,0.0
2023-06-09,773.639906451702,774.8846894448892,769.3788668136775,771.1024169921875,18212578,HDFCBANK,0.11810913176000248,781.5068933105468,0.0
2023-06-12,772.0360368064102,773.592030136009,765.7641400155738,766.4105224609375,13408292,HDFCBANK,-0.6084658053013947,781.9964013671874,0.0
2023-06-13,761.2876940266594,770.3364055694209,761.2876940266594,767.7031860351562,27926108,HDFCBANK,0.16866464333866737,782.3910607910157,0.0
2023-06-14,771.0306076745784,771.772720205927,766.1232439139638,766.8653564453125,20113968,HDFCBANK,-0.10913457246032321,782.6970166015625,0.0
2023-06-15,767.9425712071014,768.8761438484094,755.9733914813049,757.4336547851562,35377476,HDFCBANK,-1.2299032132414345,782.6084338378906,0.0
2023-06-16,759.8753597118556,770.4321412189463,758.3672313699111,767.3441162109375,15779272,HDFCBANK,1.3084263371677451,782.70859375,0.0
2023-06-19,771.2939478800904,772.8499412572538,765.2375312003252,768.014404296875,24829146,HDFCBANK,0.08735169421083544,782.4131945800781,0.0
2023-06-20,768.0144276761805,771.2939713592292,761.5510703742875,769.6182861328125,20005626,HDFCBANK,0.20883486389893235,782.0305920410157,0.0
2023-06-21,773.6877691232111,783.8615717803077,771.2939332038942,783.0715942382812,24308946,HDFCBANK,1.7480494353985687,781.9918432617187,0.0
2023-06-22,785.1782441229523,793.5806322468177,784.7234386393332,786.9017944335938,56596140,HDFCBANK,0.4891251609041358,781.9837829589844,0.0
2023-06-23,784.0052404143834,794.7056754911911,782.3295552385844,786.8538818359375,21339218,HDFCBANK,-0.006088764569500693,781.770283203125,0.0
2023-06-26,787.571994837304,790.3249060654587,779.7680665871447,783.0476684570312,16130314,HDFCBANK,-0.48372556414481016,781.4091870117187,0.0
2023-06-27,786.5905941784453,800.929707728713,784.4840651290187,794.0833129882812,33831864,HDFCBANK,1.4093196335026814,781.5130444335938,0.0
2023-06-28,799.5412267594668,804.2810337444777,794.9929383437692,802.4856567382812,59562950,HDFCBANK,1.0581186649522234,781.851689453125,0.0
2023-06-30,815.8193069543128,818.1174128864183,805.8848875767882,814.5745239257812,40699016,HDFCBANK,1.5064278203594794,782.374365234375,0.0
2023-07-03,819.8888261766497,841.4333500761821,818.6919081822313,823.3838500976562,44104116,HDFCBANK,1.0814635018806085,783.0145324707031,0.0
2023-07-04,825.1312514621555,836.406241634242,820.5111950503219,827.4053955078125,38795188,HDFCBANK,0.48841684345390934,783.7095715332031,0.0
2023-07-05,821.6842446245804,823.4796217067899,798.8470715161803,801.1212158203125,37165754,HDFCBANK,-3.1766990921503924,783.7506506347656,0.0
2023-07-06,800.977524195429,808.0872054143094,794.9450691746598,801.93505859375,52156544,HDFCBANK,0.10158796913199986,784.0352111816406,0.0
2023-07-07,797.1473857846021,801.9350577712964,792.9821345334826,794.945068359375,19926336,HDFCBANK,-0.8716404351534979,784.107548828125,0.0
2023-07-10,795.2323081500037,802.772891445225,789.8222154878739,793.0538940429688,38398442,HDFCBANK,-0.23789999984644705,784.0549694824218,0.0
2023-07-11,796.1898182223189,802.4137915457645,787.8113925946035,789.1998291015625,50670426,HDFCBANK,-0.4859776832767726,783.8628283691406,0.0
2023-07-12,792.5272531476065,797.7697889233564,779.0260418202364,781.8028564453125,70958358,HDFCBANK,-0.9372749946830128,783.5260607910157,0.0
2023-07-13,793.1735289409957,793.532604310247,784.2445681802172,785.7047729492188,41913546,HDFCBANK,0.49909212683711957,783.2114794921876,0.0
2023-07-14,791.6894113288874,791.6894113288874,782.7843533101579,787.3326416015625,24727214,HDFCBANK,0.207185791456177,782.6014294433594,0.0
2023-07-17,789.9658626293475,805.2864126924621,781.8268204083179,803.80224609375,49252928,HDFCBANK,2.091822899490814,783.2878039550782,0.0
2023-07-18,812.9466853634967,815.8192884919896,799.5412040971963,803.1319580078125,81076818,HDFCBANK,-0.0833896756565311,783.7827966308594,0.0
2023-07-19,804.8555001145571,808.518080755261,801.935031985233,806.7705688476562,32935134,HDFCBANK,0.45305267752877576,784.350087890625,0.0
2023-07-20,804.8795083270657,810.0741208768967,804.3289143458549,808.5181274414062,56210948,HDFCBANK,0.21661159457591062,784.8803833007812,0.0
2023-07-21,804.3288278103088,809.0207693498382,801.0971494842852,802.2940673828125,42154248,HDFCBANK,-0.7698108239440615,785.2757836914062,0.0
2023-07-24,803.6107312414538,806.555161158962,799.5890751426567,803.5628662109375,32179444,HDFCBANK,0.15814635552073852,785.5583459472656,0.0
2023-07-25,806.555183500857,813.4254812031791,803.5628884699448,812.2764282226562,55992596,HDFCBANK,1.0843659380137982,785.939443359375,0.0
2023-07-26,813.7126998116902,813.7126998116902,808.1590121278992,809.45166015625,24794358,HDFCBANK,-0.34775945334116765,786.3550134277343,0.0
2023-07-27,813.8564004422645,815.3405671200665,798.3203692500316,801.0493774414062,59741302,HDFCBANK,-1.038021555632096,786.6872790527344,0.0
2023-07-28,795.4716913114755,799.0145802289601,785.7048288838802,786.8538818359375,41015684,HDFCBANK,-1.7721124321711468,786.6729162597657,0.0
2023-07-31,789.989808735889,793.2214872008873,784.5557544882844,790.5403442382812,34565006,HDFCBANK,0.46850660426840385,786.7140881347656,0.0
2023-08-01,792.0962813602819,798.3202542585794,789.965790937782,795.8306884765625,35394188,HDFCBANK,0.6692061040070918,786.9170825195313,0.0
2023-08-02,786.1357533490648,790.6840418124119,781.8986752587043,785.4176025390625,28116322,HDFCBANK,-1.3084549374985155,786.948681640625,0.0
2023-08-03,785.1782590801716,790.6122554650307,777.039216150682,779.7442626953125,57673946,HDFCBANK,-0.7223341857133692,787.0717248535157,0.0
2023-08-04,782.8562191326811,793.0778874299197,780.0314808905504,791.0191650390625,37388304,HDFCBANK,1.4459743897026645,787.4796350097656,0.0
2023-08-07,796.2377106290166,796.2377106290166,788.7929158097952,790.5643310546875,28300918,HDFCBANK,-0.05749974267090785,787.8190795898438,0.0
2023-08-08,790.779775695363,792.6469794990385,786.1597188833139,789.9180297851562,43773828,HDFCBANK,-0.08175188838447367,787.9569653320312,0.0
2023-08-09,791.4021792268796,792.1203300247262,780.917165889668,790.2052612304688,33361236,HDFCBANK,0.03636218373070932,788.0886254882812,0.0
2023-08-10,788.5534502391737,792.0005503088863,780.8692141779015,783.1912231445312,50781118,HDFCBANK,-0.887622296391144,788.3280065917969,0.0
2023-08-11,784.4122069559019,784.4122069559019,773.7835398495799,775.0283813476562,28225822,HDFCBANK,-1.0422539931054131,788.4697229003906,0.0
2023-08-14,771.2939587813216,773.2090275802822,766.1472113841155,771.24609375,31304410,HDFCBANK,-0.48801923757675336,788.5118542480469,0.0
2023-08-16,757.936278873205,770.6475703412267,757.0745330516527,768.9957885742188,34137542,HDFCBANK,-0.29177524450589853,788.5290881347656,0.0
2023-08-17,764.8784583736676,770.7673182443161,763.1549081618289,764.73486328125,52884040,HDFCBANK,-0.5540895485096065,788.5089794921874,0.0
2023-08-18,760.0668453838622,764.2560581283789,759.085349306415,761.598876953125,25633366,HDFCBANK,-0.4100749787539937,788.3466760253906,0.0
2023-08-21,766.2669276465182,766.2669276465182,759.803570243689,761.00048828125,21837270,HDFCBANK,-0.07857005701858988,788.1628308105469,0.0
2023-08-22,764.2799958764373,765.069973432526,756.4521639695814,757.7448120117188,32273570,HDFCBANK,-0.42781526683173254,787.8956787109375,0.0
2023-08-23,756.4521477981758,761.5031649471699,753.2204693186583,759.6119995117188,36498588,HDFCBANK,0.24641376231173684,787.7597082519532,0.0
2023-08-24,762.8197446808867,764.2081226998831,754.6088761414499,756.1170043945312,43145792,HDFCBANK,-0.4601026733956459,787.5279846191406,0.0
2023-08-25,753.8429059393314,755.2552457791736,746.1108040957927,747.594970703125,30069756,HDFCBANK,-1.1270786983861525,787.1425769042969,0.0
2023-08-28,747.5949720764402,757.7209098998453,747.5949720764402,755.3749389648438,28867238,HDFCBANK,1.040666211866248,787.1014025878907,0.0
2023-08-29,761.0961768187698,762.5085750919843,757.1463475103358,761.3834838867188,35538932,HDFCBANK,0.7954387433224852,786.9821899414062,0.0
2023-08-30,767.918583020737,767.918583020737,753.4358760513546,755.8297119140625,28084204,HDFCBANK,-0.7294316320476613,786.73849609375,0.0
2023-08-31,755.9734194012763,757.9603149977916,748.3610091258726,752.3587036132812,100075772,HDFCBANK,-0.4592315234593358,786.3933044433594,0.0
2023-09-01,752.1432576208482,755.9733951516992,746.5656081528945,753.9146728515625,43226776,HDFCBANK,0.2068121536719758,785.810166015625,0.0
2023-09-04,761.2398119383075,761.9340009681175,754.010439249432,758.6305541992188,25073638,HDFCBANK,0.6255192420939526,785.2447412109375,0.0
2023-09-05,760.4738554447009,760.4738554447009,751.9517756465584,754.010498046875,38712082,HDFCBANK,-0.6089994829196588,784.5878735351563,0.0
2023-09-06,754.9201238552107,766.0274992165465,754.010454511239,763.873046875,56320910,HDFCBANK,1.308012136922776,784.2043811035156,0.0
2023-09-07,763.8731027987624,772.730296406896,759.8754081832036,771.22216796875,34208342,HDFCBANK,0.9620867137301481,783.747158203125,0.0
2023-09-08,770.0013395921213,781.7790014587035,769.6661674737783,777.230712890625,34502210,HDFCBANK,0.7790939072330305,783.2420593261719,0.0
2023-09-11,779.8639437312936,783.5025629490954,777.5179726424265,781.2523803710938,31573022,HDFCBANK,0.517435481352968,782.5756164550781,0.0
2023-09-12,785.1782585237241,786.5666951817179,778.0207118004635,783.694091796875,39033340,HDFCBANK,0.31253811023543854,781.7818212890625,0.0
2023-09-13,781.0130157046019,790.731955532435,779.7203091010442,787.0454711914062,46420094,HDFCBANK,0.4276387214872557,780.9746228027344,0.0
2023-09-14,787.2129744267565,789.965885847133,782.8322428256791,786.566650390625,23538848,HDFCBANK,-0.06083775567076177,780.6835314941407,0.0
2023-09-15,789.9659158090586,799.5412602431078,789.9659158090586,795.5914306640625,173411202,HDFCBANK,1.1473637064266073,780.5566589355469,0.0
2023-09-18,791.7612564347212,792.3597154342939,778.5233316755201,779.9357299804688,37056288,HDFCBANK,-1.9678066002453365,780.2564721679687,0.0
2023-09-20,765.5486976798287,765.5486976798287,747.0682967790859,748.648193359375,115474648,HDFCBANK,-4.011553185526873,779.3683581542969,0.0
2023-09-21,743.5254973598124,751.1618111897758,735.8891835298491,743.6930541992188,72841442,HDFCBANK,-0.6618781964758735,778.45822265625,0.0
2023-09-22,746.3980579436757,748.9834124885792,729.5215142987016,732.3462524414062,61704250,HDFCBANK,-1.5257372236762823,777.4690905761719,0.0
2023-09-25,730.1199506265053,737.636571986799,730.1199506265053,732.9925537109375,40208754,HDFCBANK,0.08825077855956209,776.4148461914062,0.0
2023-09-26,730.1199748754191,737.3014828250133,730.1199748754191,736.1763916015625,27575308,HDFCBANK,0.43436155995120185,775.3917211914063,0.0
2023-09-27,729.1624342668326,733.7107225961398,725.3322967263633,731.0056762695312,39338538,HDFCBANK,-0.7023745111932045,773.9357897949219,0.0
2023-09-28,734.4288226787853,736.1523727643475,726.9361049439,729.4974975585938,55354188,HDFCBANK,-0.20631559506268937,772.4631005859375,0.0
2023-09-29,729.4975901133708,735.1231049512756,728.8273627596361,730.742431640625,32053782,HDFCBANK,0.1706563882943657,770.9425378417968,0.0
2023-10-03,731.0774976675469,731.0774976675469,721.0233866976592,722.0048828125,38971694,HDFCBANK,-1.1957084260876827,769.2122729492188,0.0
2023-10-04,715.7569705893197,734.9076587656226,713.0040591639762,732.2984008789062,54649430,HDFCBANK,1.4256853812828485,767.8123596191406,0.0
2023-10-05,734.9316099718342,742.8312687313597,733.7585952718871,735.2667236328125,48512674,HDFCBANK,0.4053433341304036,766.4464367675781,0.0
2023-10-06,739.2165299136511,739.6952970962377,732.4419625913994,734.4528198242188,17759356,HDFCBANK,-0.11069504200766911,764.8899645996094,0.0
2023-10-09,731.556239372939,732.513773717668,723.8959646151071,725.9307250976562,16454972,HDFCBANK,-1.1603324946866111,763.2195458984374,0.0
2023-10-10,727.9894319713059,732.0349911152088,725.4279808985405,730.048095703125,33266292,HDFCBANK,0.5671850581768556,761.7995202636719,0.0
2023-10-11,732.5616968533279,738.330865115236,731.7956810054357,737.1099853515625,31333360,HDFCBANK,0.9673184123076162,760.8046423339844,0.0
2023-10-12,735.4343454713572,743.0467562738991,733.2798928919548,742.0173950195312,22025336,HDFCBANK,0.6657635584231159,759.8341833496094,0.0
2023-10-13,737.3014842223872,741.5146589381054,732.4898505097352,735.2667236328125,39745300,HDFCBANK,-0.909772659243524,758.6229040527344,0.0
2023-10-16,733.2319960651158,734.6443359841811,727.965556654919,732.3223266601562,17856084,HDFCBANK,-0.40045290749846085,757.5609985351563,0.0
2023-10-17,744.8420626176685,744.8420626176685,734.9076433348039,737.8759765625,32902558,HDFCBANK,0.758361407287933,756.7236328125,0.0
2023-10-18,737.8759163813697,737.8759163813697,726.8164067824365,727.6063842773438,31216200,HDFCBANK,-1.3917775630802653,755.4553771972656,0.0
2023-10-19,720.7361578942352,730.7184423716426,719.682834983418,725.308349609375,30252364,HDFCBANK,-0.31583486863590027,754.1502575683594,0.0
2023-10-20,720.5446319365362,731.0775102771368,720.5446319365362,729.0667114257812,21094010,HDFCBANK,0.5181743486657009,752.9332312011719,0.0
2023-10-23,729.4018275247573,731.9153553189844,718.1986633818357,721.04736328125,22376136,HDFCBANK,-1.0999470993331206,751.5500732421875,771.2738601684571
2023-10-25,728.2048937755804,729.066698092264,714.0572999767982,716.47509765625,28311996,HDFCBANK,-0.6341144642971974,750.2157507324218,771.0015997314454
2023-10-26,713.9616466683456,714.3207220983548,699.1198622279642,700.6279907226562,55561798,HDFCBANK,-2.211815453940158,748.7277429199219,770.6248986816406
2023-10-27,703.548416210113,707.6179375015631,702.3036331507926,703.380859375,31940532,HDFCBANK,0.3929144551453545,747.3704382324219,770.3313055419922
2023-10-30,700.5560993380782,713.3391600901615,699.9097753123232,711.0171508789062,23310982,HDFCBANK,1.0856552893252713,746.2108654785156,770.1003897094727
2023-10-31,720.0658784498816,720.0658784498816,705.7028622573972,706.8997802734375,32634824,HDFCBANK,-0.5790817563794626,745.0541638183594,769.8614300537109
2023-11-01,700.0773018118728,707.354539496317,700.0773018118728,705.9421997070312,33877466,HDFCBANK,-0.13546199802690895,743.9410302734375,769.610346069336
2023-11-02,710.9693610335196,713.6025808891993,702.4233773723762,707.01953125,45225154,HDFCBANK,0.15260902994831405,742.8614111328125,769.4337557983398
2023-11-03,712.4056102569502,714.0334304636632,709.3654501545199,710.370849609375,18095340,HDFCBANK,0.4740064752454476,741.9139318847656,769.220435180664
2023-11-06,717.1933244977679,717.1933244977679,710.0118159080039,715.5176391601562,25593730,HDFCBANK,0.7245215022000817,741.0320446777343,769.0127313232422
2023-11-07,715.2782486585194,715.2782486585194,707.2349357380649,712.0465698242188,41952848,HDFCBANK,-0.48511303509046755,740.1506359863281,768.7847137451172
2023-11-08,710.466607940081,715.0148966273784,709.0542679881736,714.1052856445312,31399546,HDFCBANK,0.2891265694631162,739.4808422851562,768.6033181762696
2023-11-09,711.4480744130556,714.607926311971,710.2511563874616,711.280517578125,22116740,HDFCBANK,-0.39556744967329527,738.5989538574219,768.3519451904297
2023-11-10,708.6232803377466,716.2356900692465,708.5993770450763,714.0812377929688,14015186,HDFCBANK,0.3937574762176821,737.6529089355469,768.0473614501954
2023-11-13,714.3685319579603,716.2117740009877,711.4001986764561,712.7886352539062,20605914,HDFCBANK,-0.18101617444221674,736.7920874023438,767.7202212524414
2023-11-15,720.1137317170233,723.3932753387419,718.4141432279705,720.2573852539062,41245460,HDFCBANK,1.0478211394798098,736.1500610351562,767.3905462646485
2023-11-16,722.7948225701767,727.2473809327844,719.9461810912933,722.1484985351562,29713838,HDFCBANK,0.2625607623007342,735.5147375488282,767.0415710449219
2023-11-17,713.3630955591337,721.7415211781168,712.8843283809061,720.5924682617188,23701874,HDFCBANK,-0.2154723407434611,734.7539758300782,766.631802368164
2023-11-20,724.3747884733571,724.3747884733571,718.8929272981045,720.640380859375,19331452,HDFCBANK,0.006649056126240005,734.0865734863281,766.3331524658203
2023-11-21,727.2473578304415,728.6836593929769,723.9438525479579,726.74462890625,24959972,HDFCBANK,0.8470588394721368,733.3440051269531,766.1427694702148
2023-11-22,727.7261551101178,727.7261551101178,719.8504579271851,724.1593627929688,29123650,HDFCBANK,-0.35573240041306686,732.4027490234375,765.9433654785156
2023-11-23,722.2202676591917,729.5693319457266,722.2202676591917,728.3485107421875,13046220,HDFCBANK,0.5784842625056852,731.4251049804687,765.7901126098633
2023-11-24,728.3005912289228,734.0218939418301,727.6542672419772,733.5191650390625,16469192,HDFCBANK,0.7099148581502623,730.4704406738281,765.6057940673828
2023-11-28,735.0033214761758,735.9848175325754,730.5029569217514,731.867431640625,28489338,HDFCBANK,-0.2251793105296107,729.4339074707032,765.4704907226562
2023-11-29,734.3809775281464,748.3130905581396,733.950075384279,746.4698486328125,34042488,HDFCBANK,1.9952270535462002,728.6223950195313,765.2769659423828
2023-11-30,751.2575357769422,752.8374324125391,738.3308218551477,746.3023071289062,69491440,HDFCBANK,-0.022444510546959506,727.8171081542969,765.0992889404297
2023-12-01,745.871478620776,749.6297896841719,743.0946053120196,744.674560546875,22153536,HDFCBANK,-0.218108207154466,726.7987707519532,764.9076754760742
2023-12-04,760.2823241901957,771.7727371502491,753.4120264631497,770.5279541015625,50662456,HDFCBANK,3.471770747170577,726.610615234375,764.8458016967774
2023-12-05,783.5025110233172,784.6994290053266,773.9271671672425,777.374267578125,52230820,HDFCBANK,0.8885224007927572,727.18513671875,764.8263244628906
2023-12-06,784.4361042559843,784.4361042559843,773.9990142449448,779.3372802734375,38613060,HDFCBANK,0.2525183527656738,727.8980212402344,764.8011605834961
2023-12-07,777.9966383401941,782.3055427986936,773.7834639368028,780.6058959960938,20450386,HDFCBANK,0.1627813470197692,728.8632141113281,764.7793814086914
2023-12-08,780.6059106285983,792.3596680546885,780.6059106285983,791.4978637695312,33728038,HDFCBANK,1.3953222527916864,730.0333203125,764.7757336425781
2023-12-11,789.9898356540881,796.5249611291558,788.5295723280279,790.4446411132812,23187620,HDFCBANK,-0.1330670244937826,731.1186853027343,764.774866027832
2023-12-12,791.9767214436858,792.9582176337611,781.2762856370243,782.5928955078125,36581476,HDFCBANK,-0.9933327645070933,732.1504296875,764.7490585327148
2023-12-13,781.563465201162,783.2631120796166,773.2568662574292,780.8214111328125,29346914,HDFCBANK,-0.2263609068225092,733.1769079589844,764.7341555786132
2023-12-14,788.0507632436652,794.2507747290626,787.5719960728002,790.0376586914062,35172366,HDFCBANK,1.1803272076290616,734.3628125,764.802135925293
2023-12-15,789.9658581899005,798.5836675519721,788.3380380661904,793.101806640625,138837130,HDFCBANK,0.3878483405834299,735.7847509765625,764.8708819580078
2023-12-18,795.0886602023099,797.0037289891579,790.4206800343679,792.69482421875,18014754,HDFCBANK,-0.05131528114894479,736.9926794433594,765.0140371704101
2023-12-19,789.9658725265142,794.1072204559873,787.1172310907685,791.3543090820312,24008446,HDFCBANK,-0.16910860217107526,738.1144311523437,765.1764053344726
2023-12-20,793.795966876438,799.038444004139,787.308648353673,793.3171997070312,34232520,HDFCBANK,0.2480419456206695,739.29171875,765.382431640625
2023-12-21,793.3172584861196,808.9968844459388,790.0855798531799,807.53662109375,36589240,HDFCBANK,1.7924004915019998,740.9238366699219,765.6502062988282
2023-12-22,806.0524630799391,807.1536510402615,798.1528041148157,799.9481811523438,48578850,HDFCBANK,-0.9397022677594791,742.3218383789062,765.8641821289062
2023-12-26,801.0972570093661,807.1775773726962,798.847074435413,805.5018920898438,18045856,HDFCBANK,0.6942588368036295,743.6896765136719,766.1095947265625
2023-12-27,805.0470435987298,817.0162235511344,803.6586070355986,815.4841918945312,27009078,HDFCBANK,1.2392646004578456,745.1590124511719,766.4371060180664
2023-12-28,818.3568162242175,824.149887782185,814.8617922105217,816.4177856445312,44076470,HDFCBANK,0.11448336574508833,746.7820336914062,766.6948522949219
2023-12-29,812.4679265922668,821.0378710363707,811.9891593992248,818.3328247070312,25011426,HDFCBANK,0.23456606362246557,748.5022436523437,766.9351937866211
2024-01-01,816.7768404269046,818.2849687904367,810.0740996496615,812.9945678710938,14239686,HDFCBANK,-0.6523332163595685,750.0046154785156,767.1411520385742
2024-01-02,813.3297325444754,815.2448013204753,808.4941371304667,813.4733276367188,29242092,HDFCBANK,0.05888843352037654,751.7219543457031,767.3491494750976
2024-01-03,814.8617397029581,816.1543877106121,799.038461039413,800.9296264648438,28389762,HDFCBANK,-1.541992926592517,753.2343798828125,767.5939477539063
2024-01-04,803.3713517790169,811.4864323425077,799.8763278844378,809.5234985351562,26734056,HDFCBANK,1.0729871622110254,754.843515625,767.9292858886719
2024-01-05,807.7521349770598,816.2502532169135,798.6315959676855,805.3822021484375,31889470,HDFCBANK,-0.5115721031214604,756.5302124023438,768.2538577270508
2024-01-08,803.6107431564817,805.4539851831421,794.7535499790049,796.4052734375,17998470,HDFCBANK,-1.1146172198728266,758.1288159179687,768.586676940918
2024-01-09,798.1767467752176,803.2756291285802,788.4098842358525,790.2052612304688,25326888,HDFCBANK,-0.7784996425589052,759.920361328125,768.8648294067383
2024-01-10,786.6145629124144,794.7296441251053,785.8485470291504,792.8145751953125,16115824,HDFCBANK,0.3302071110967697,761.7090356445312,769.106919555664
2024-01-11,794.7535608406137,796.1419974247106,786.6145183500772,789.4871215820312,18314010,HDFCBANK,-0.41970136743026965,763.2784350585938,769.3581692504882
2024-01-12,790.9233945544381,792.8384633063858,782.1140666068262,785.752685546875,19773552,HDFCBANK,-0.47302051332679396,764.8554931640625,769.5488565063476
2024-01-15,788.8647318566922,804.7598387644721,786.901797926325,800.8818359375,28320356,HDFCBANK,1.9254341307271883,766.7542858886719,769.8238275146484
2024-01-16,800.9775061380469,806.0763883828079,793.8438633427261,803.9219360351562,25322500,HDFCBANK,0.3795940875719328,768.692333984375,770.1439376831055
2024-01-17,751.6644868680132,764.4954709128732,731.7477834906084,736.1045532226562,170145236,HDFCBANK,-8.435816933540464,769.2070080566406,770.1308779907226
2024-01-18,715.2782083529884,725.3323197153799,708.5994291824192,711.5198974609375,161070930,HDFCBANK,-3.339832046152602,769.1270532226563,769.9788018798828
2024-01-19,720.999446229209,723.0581685801238,703.0217728163159,704.0989990234375,109600538,HDFCBANK,-1.042964288698256,768.9681018066407,769.7594458007812
2024-01-23,701.3940064745544,706.0380253244172,682.2433168779795,683.368408203125,115469402,HDFCBANK,-2.944272161878536,768.3533642578125,769.418450012207
2024-01-24,660.8184783083515,698.2580528326665,660.8184783083515,697.0372314453125,86004404,HDFCBANK,2.000212927332834,768.0684985351562,769.0943222045898
2024-01-25,695.4093846155678,697.7313939357863,679.5622013776972,686.9830932617188,98941852,HDFCBANK,-1.4424104954546602,767.5265356445312,768.7175570678711
2024-01-29,693.2788688648152,700.3406850803747,692.2016426624417,696.438720703125,65645498,HDFCBANK,1.3763988567043084,767.1995373535157,768.2858288574218
2024-01-30,696.3908845219285,700.53217422801,689.8557002681358,691.4835205078125,41728768,HDFCBANK,-0.7115055564845263,766.6240600585937,767.7995043945313
2024-01-31,689.1854007024332,706.1576749666016,687.8927526091608,700.2210083007812,65761040,HDFCBANK,1.2635858315975579,766.1855102539063,767.3755642700195
2024-02-01,701.4178599181299,705.5112841214318,697.1089554241759,702.0402221679688,32690740,HDFCBANK,0.25980566787080495,765.8144653320312,766.9492413330078
2024-02-02,706.1816237651476,708.9824002114282,690.4062678183428,692.3692016601562,44867754,HDFCBANK,-1.377559319599586,765.2490417480469,766.423442993164
2024-02-05,692.2972980120073,695.1220358820352,686.576053954148,691.7467041015625,38605046,HDFCBANK,-0.08990832594822917,764.5490832519531,765.8766641235352
2024-02-06,692.0820039083551,694.068841190409,685.881933113519,691.3877563476562,41075740,HDFCBANK,-0.05189005625584331,763.8936511230469,765.3891506958008
2024-02-07,695.6487048996299,696.0317420167268,683.0332015338389,684.6130981445312,54837086,HDFCBANK,-0.9798637799016019,763.0189428710937,764.8844491577148
2024-02-08,684.5652392978377,688.9220089386799,670.5134342809237,671.7343139648438,69106124,HDFCBANK,-1.8811770056097576,761.7832458496093,764.3009170532226
2024-02-09,666.5156981154427,677.072478684091,664.0500356096397,671.99755859375,56642124,HDFCBANK,0.0391888017976072,760.5858483886718,763.7040274047852
2024-02-12,670.1065041980137,676.8092448082598,662.3025756816373,665.4863891601562,34447812,HDFCBANK,-0.968927543013598,758.9661791992188,763.0681921386719
2024-02-13,666.4199643535106,672.3566891768745,662.7813454112104,667.6168823242188,57580994,HDFCBANK,0.3201407570110115,757.392470703125,762.4109402465821
2024-02-14,658.7837177497752,666.2046099191948,652.8230890297091,662.6378173828125,91320810,HDFCBANK,-0.745796739601956,755.7517358398437,761.7855941772461
2024-02-15,663.0925826953933,677.6949825309235,662.7813723217212,677.0007934570312,41584944,HDFCBANK,2.1675454822285056,753.8811926269532,761.2139572143554
2024-02-16,681.7166435513678,683.5359238875297,674.31965507416,679.8015747070312,32175742,HDFCBANK,0.4137042787938361,751.9297387695312,760.63455078125
2024-02-19,684.1583399970523,684.1583399970523,677.5513291516161,678.4609985351562,34451756,HDFCBANK,-0.1972010983429584,749.9122131347656,760.0328213500976
2024-02-20,677.4555450204665,697.6834579371554,675.9235134549672,696.2711181640625,56133508,HDFCBANK,2.6250764107825786,748.225517578125,759.5209707641602
2024-02-21,700.9151754054046,700.9151754054046,687.0309267122648,689.017822265625,45893136,HDFCBANK,-1.0417344205750023,746.1759167480469,758.9588906860351
2024-02-22,678.7722288264276,684.0626300055545,676.1150473676641,679.634033203125,50560882,HDFCBANK,-1.3619080318770682,743.9597045898438,758.2678851318359
2024-02-23,681.0702276813848,686.5042231059118,678.8918137873462,680.1365966796875,29833452,HDFCBANK,0.07394619045104633,741.9105786132812,757.8211505126953
2024-02-26,676.761348833584,686.9590543726445,676.761348833584,680.9505615234375,23506870,HDFCBANK,0.11967667196908227,739.9131616210938,757.3339916992187
2024-02-27,676.7614127525852,683.0571548064959,676.5220291476985,679.9212646484375,32087150,HDFCBANK,-0.15115588901156718,737.7108337402344,756.8415679931641
2024-02-28,679.9212222820232,681.8601942948292,672.1891206373224,674.7744750976562,25321986,HDFCBANK,-0.7569684636121066,735.344287109375,756.3054235839844
2024-02-29,671.2794347728534,675.253225645792,668.9813874316935,671.90185546875,53295700,HDFCBANK,-0.4257155145784841,732.928427734375,755.7523126220703
2024-03-01,670.2740637422462,685.9536891619308,670.2740637422462,684.9961547851562,34738898,HDFCBANK,1.9488410710327697,730.8012646484375,755.2301196289062
2024-03-04,685.0918449690896,687.9884096675396,681.9080901062357,685.9296875,35616474,HDFCBANK,0.13628291317000496,728.6535144042969,754.6936602783203
2024-03-05,680.807036048719,690.8611483954301,680.6394791982608,689.831787109375,37991672,HDFCBANK,0.5688774929099472,726.2994177246094,754.1994534301758
2024-03-06,686.3367475409569,695.576919496979,686.3367475409569,690.6695556640625,42409530,HDFCBANK,0.12144533933382551,724.1138452148438,753.7306207275391
2024-03-07,692.0580272311091,694.7152087205789,690.0950932873528,692.3452758789062,49348046,HDFCBANK,0.24262256836158347,721.850712890625,753.2544869995118
2024-03-11,684.6371268147891,692.2734406211868,681.2857562639475,683.5838623046875,50531094,HDFCBANK,-1.265468817288662,719.2127062988282,752.7299975585937
2024-03-12,686.5520830528056,700.9150973426133,684.2779391235861,698.7846069335938,65418454,HDFCBANK,2.2236839497142835,716.8600427246093,752.2955157470703
2024-03-13,701.6332902428926,704.5537583020961,694.2602641088363,699.1915893554688,63067454,HDFCBANK,0.05824146923627538,714.4772180175781,751.8722854614258
2024-03-14,700.0055299615263,701.8727337796063,691.4835086418929,696.8217163085938,52432158,HDFCBANK,-0.3389447303076998,712.1537609863282,751.4884335327148
2024-03-15,694.2124563732988,698.665014815619,690.5020104857863,695.481201171875,143613804,HDFCBANK,-0.19237562569377475,709.7939184570313,751.1127212524414
2024-03-18,692.7760944963727,697.0849990233024,687.4139255734966,692.3212890625,21437856,HDFCBANK,-0.45434903259076176,707.6217517089843,750.7063671875
2024-03-19,687.2703309378574,695.361508487081,687.2703309378574,693.9012451171875,36183594,HDFCBANK,0.22821139254969314,705.309306640625,750.260754699707
2024-03-20,693.757641226056,695.002424269405,682.0757097447741,685.1398315429688,43606094,HDFCBANK,-1.262631193685071,702.9044592285156,749.768342590332
2024-03-21,690.6695449843953,694.8108929167894,688.6108811083764,692.1776733398438,28922860,HDFCBANK,1.0272124715075215,700.8199072265625,749.3731201171875
2024-03-22,689.9035379705642,694.5715181893103,688.3475445643155,690.7892456054688,45980326,HDFCBANK,-0.2005883442723122,698.8315869140625,748.987353515625
2024-03-26,683.2965603924812,688.4433080631126,680.8788209713061,682.434814453125,56844290,HDFCBANK,-1.209403766125683,696.6239916992188,748.5538299560546
2024-03-27,681.5491372067122,693.2310112679723,680.4479491623351,689.7599487304688,62168668,HDFCBANK,1.0733822662921666,694.6294482421876,748.1619592285156
2024-03-28,689.75981165874,699.2394246339555,689.75981165874,693.2069702148438,55592142,HDFCBANK,0.4997421915724942,692.7785339355469,747.799292602539
2024-04-01,698.0426312199826,705.6071769383561,696.893578163066,704.0272216796875,25199570,HDFCBANK,1.5608976726662505,690.8414416503906,747.4708584594727
2024-04-02,701.4657698820595,715.685132245699,700.5561005197442,708.6472778320312,41225446,HDFCBANK,0.6562326015350894,688.9359484863281,747.1631311035156
2024-04-03,704.7932359077813,716.0682276845824,704.4581222201347,709.6766967773438,45584386,HDFCBANK,0.14526534956316173,688.4073913574218,746.8560025024414
2024-04-04,720.065912216293,732.5138601668406,720.065912216293,731.3648071289062,88935066,HDFCBANK,3.0560550247808127,688.8042895507813,746.6807739257813
2024-04-05,736.8227010597361,744.2435924609226,732.5856231419043,741.8737182617188,59055902,HDFCBANK,1.4368904588213605,689.5597839355469,746.551626586914
2024-04-08,744.4590593119542,745.5602472863112,738.0436253706997,740.4613647460938,20482940,HDFCBANK,-0.19037653994998793,690.7016430664063,746.419606628418
2024-04-09,744.4111567395224,744.4111567395224,737.4451291623751,741.3949584960938,21884494,HDFCBANK,0.12608270930112297,691.5887976074218,746.3394131469727
2024-04-10,742.041335404094,742.041335404094,733.9261958559255,735.5540161132812,27807400,HDFCBANK,-0.7878314137259257,692.5602160644531,746.1804626464843
2024-04-12,728.2048847735614,732.4419626511461,724.5901691674342,727.223388671875,41084208,HDFCBANK,-1.1325650134338061,693.1759094238281,745.9765075683594
2024-04-15,716.9778756204448,722.9385041482021,714.3446559033487,715.6133422851562,23415248,HDFCBANK,-1.5964896849539056,693.658505859375,745.7064828491211
2024-04-16,711.9268363888184,724.3269187314523,709.6526921569106,722.5794067382812,20744886,HDFCBANK,0.9734397112944215,694.105673828125,745.404021911621
2024-04-18,722.8427740812498,727.1755823679675,713.8658886820585,715.6133422851562,34234884,HDFCBANK,-0.964055214992876,694.3771362304688,745.0475796508789
2024-04-19,711.7113392004461,734.8836227985638,708.6950827400411,733.1361694335938,34576434,HDFCBANK,2.448644556078583,695.1924755859375,744.7789910888672
2024-04-22,745.6320734709891,745.6320734709891,722.124614867159,723.9917602539062,42298438,HDFCBANK,-1.247300237110427,695.8373767089844,744.4837115478516
2024-04-23,730.7424105369589,730.838140600938,719.7068030516607,721.7894287109375,26827060,HDFCBANK,-0.30419290161484147,696.44541015625,744.1222421264648
2024-04-24,725.3323355684494,728.5640142912791,722.4836939974829,723.7523803710938,22441580,HDFCBANK,0.271956277284624,697.2281958007812,743.7285757446289
2024-04-25,721.1430939897369,727.5824894434112,721.1430939897369,723.2975463867188,35445204,HDFCBANK,-0.06284386714442425,698.2594604492188,743.2721908569335
2024-04-26,727.6304456461381,731.5563134799157,720.8080127488288,722.8427734375,24854694,HDFCBANK,-0.06287494703812735,699.2763647460938,742.7694854736328
2024-04-29,725.3322898363435,734.6442882658492,721.2867304749565,732.2744140625,36093350,HDFCBANK,1.3047983560999787,700.6121252441407,742.2938305664062
2024-04-30,732.1307565147657,737.0620819015442,725.2844208297038,727.7739868164062,52307382,HDFCBANK,-0.6145820691899284,701.8152673339844,741.9270944213868
2024-05-02,728.6837005042626,735.8652087221101,727.8937229116466,733.591064453125,33475006,HDFCBANK,0.7992972738920079,703.2343322753907,741.5853744506836
2024-05-03,734.0697291526741,737.5886559993384,721.5978215787784,727.5345458984375,31865242,HDFCBANK,-0.825598735884614,704.2450073242187,741.248321838379
2024-05-06,728.6836626849343,734.6682525558684,726.361653503664,728.994873046875,28793396,HDFCBANK,0.2007227226075159,705.2288732910156,740.9280267333984
2024-05-07,728.6597630545604,729.6652209931847,720.1377414179425,721.0952758789062,28480602,HDFCBANK,-1.0836286317010613,706.0815588378906,740.5875039672851
2024-05-08,716.211807311795,716.6905745370962,708.7430502857517,709.84423828125,41687862,HDFCBANK,-1.5602706014046341,706.3530212402344,740.2277108764648
2024-05-09,706.1576388307392,711.8071150125822,691.9622384959757,693.0155029296875,46281278,HDFCBANK,-2.370764520440427,706.4329748535156,739.7642645263672
2024-05-10,698.353892008822,704.6385680353703,692.4331947307146,697.820068359375,27276608,HDFCBANK,0.693283975520953,706.7966955566407,739.3167016601562
2024-05-13,694.956710818051,708.4482125597933,694.1317160729689,706.2400512695312,27047202,HDFCBANK,1.2066123191257994,707.3187646484375,738.8288906860352
2024-05-14,704.7841569928967,711.2144479759614,703.8378359787137,709.0062866210938,25665142,HDFCBANK,0.39168485936049713,707.8798791503906,738.3582623291015
2024-05-15,708.3995858863757,708.3995858863757,696.8008453990276,698.1111450195312,38931996,HDFCBANK,-1.536677714591983,708.2436767578125,737.814965209961
2024-05-16,701.7752582341244,709.782790041372,696.655267230535,708.6665649414062,34945236,HDFCBANK,1.5119970504954061,708.9215185546875,737.315707397461
2024-05-17,701.848002597153,712.4276743183018,701.848002597153,710.5349731445312,20920190,HDFCBANK,0.26365124242591076,709.6941809082032,736.8569119262695
2024-05-21,703.7407626513565,713.2527287219871,703.7407626513565,707.9629516601562,43769978,HDFCBANK,-0.36198379834736505,710.1535168457032,736.3789123535156
2024-05-22,707.5018935449791,711.2630073542172,702.7944586673697,708.1570434570312,39996278,HDFCBANK,0.027415530208174665,710.5980639648437,735.8583154296875
2024-05-23,707.8900706969359,725.8463536828482,707.1135946322969,724.3661499023438,40861920,HDFCBANK,2.2889141038807015,711.2887512207031,735.432887878418
2024-05-24,721.8911533778286,737.6150464828621,721.1631959122375,736.3046875,31060206,HDFCBANK,1.6481357665961927,712.2014538574218,735.109164428711
2024-05-27,739.2893258205864,749.7961904344879,737.2025499615863,741.400390625,29385440,HDFCBANK,0.6920644688955591,713.1825561523438,734.8818969726562
2024-05-28,742.5651435020584,745.4527436990592,739.9930626339711,742.75927734375,27908904,HDFCBANK,0.18328648540426595,714.366064453125,734.6429916381836
2024-05-29,736.6929693394153,739.5319916615282,728.5641108173895,731.9855346679688,35147706,HDFCBANK,-1.4505026062158644,715.0300830078126,734.3237658691406
2024-05-30,727.569210732381,739.4106642295702,726.8170235494816,735.1642456054688,33755350,HDFCBANK,0.43425870962625623,715.7495361328125,734.0724990844726
2024-05-31,737.1782587165238,745.4284433104547,734.751733835956,743.2688598632812,74079588,HDFCBANK,1.102422255469948,716.6784790039062,733.8901220703125
2024-06-03,776.0026570209221,776.0026570209221,752.2227131847588,762.9964599609375,72637256,HDFCBANK,2.6541674437006613,718.0287841796875,733.7500085449219
2024-06-04,755.6198511271432,756.5904610836327,705.6334383679294,719.7800903320312,89531240,HDFCBANK,-5.664032783470418,718.5779602050782,733.3960873413085
2024-06-05,725.06989130594,756.8815955434779,719.3917877908412,753.0962524414062,81631650,HDFCBANK,4.62865846900633,719.7618603515625,733.2119784545898
2024-06-06,759.4537972959696,759.7206794979887,750.5726922052945,756.93017578125,46422870,HDFCBANK,0.5090880916502893,721.1976672363281,733.0456030273438
2024-06-07,757.585349822155,768.8929201187634,753.2176050765474,763.5545654296875,36712216,HDFCBANK,0.8751652213627503,722.625205078125,732.9474197387696
2024-06-10,763.8700143938665,767.0973042572016,755.9110011249785,757.7066650390625,22454058,HDFCBANK,-0.7658785181035688,723.9635534667968,732.8608111572265
2024-06-11,755.1345658211561,762.4141406844706,753.2903831592504,759.4052734375,29545326,HDFCBANK,0.2241775711910865,725.5029626464843,732.801607055664
2024-06-12,764.3553684919713,770.8099486335476,760.1817573757736,763.94287109375,39280436,HDFCBANK,0.5975199033989131,726.98662109375,732.7763424682618
2024-06-13,767.6311179466796,769.5480488358222,763.8700045190919,767.1458129882812,24120192,HDFCBANK,0.4192645832201469,728.4653979492188,732.7883972167969
2024-06-14,768.7230745298527,776.0026490992642,765.6656295141681,774.9835205078125,25540554,HDFCBANK,1.0216711590982808,729.8845239257812,732.8553204345703
2024-06-18,774.983540294414,781.5836762242601,771.3679826211641,780.2733764648438,32415714,HDFCBANK,0.6825765731850675,731.3170458984375,732.9516848754882
2024-06-19,782.9910236928816,810.4107535609992,778.4291452824868,804.5628051757812,90131196,HDFCBANK,3.1129382910621395,733.2147680664062,733.1857748413086
2024-06-20,810.3622215983705,816.0159768197282,801.7237698729426,810.143798828125,41408742,HDFCBANK,0.6936678673735708,734.7903479003907,733.4384338378907
2024-06-21,811.8423818466847,811.8423818466847,797.4288483846301,808.396728515625,51630776,HDFCBANK,-0.21564940878732175,736.1208081054688,733.6998324584961
2024-06-24,799.2973257667842,812.9343842609869,798.6906945237919,811.6240844726562,28544994,HDFCBANK,0.39922922040485087,737.5440625,734.0199780273438
2024-06-25,810.9931467609703,833.2443684249017,810.9931467609703,830.5266723632812,74521548,HDFCBANK,2.3289831157372154,739.3266967773437,734.3957366943359
2024-06-26,828.8765922572081,830.3082774504516,820.699215435536,825.7463989257812,47596666,HDFCBANK,-0.5755713328143508,741.1305444335937,734.7175512695312
2024-06-27,823.1257354693937,831.3274011881083,818.5153383232833,823.1500244140625,55074650,HDFCBANK,-0.31442759121885766,743.0490771484375,735.0541528320313
2024-06-28,823.8536668700472,828.2214113967111,814.8270066965403,817.156494140625,26476046,HDFCBANK,-0.7281212531948689,745.0799401855469,735.378141784668
2024-07-01,815.3123910533884,828.5612411045389,815.3123910533884,827.5420532226562,21187024,HDFCBANK,1.2709388172890135,747.1791931152344,735.7462786865234
2024-07-02,832.2980286836319,841.9556094944659,826.353042764463,839.8687744140625,45921690,HDFCBANK,1.4895582820719344,749.6643017578125,736.1524697875976
2024-07-03,869.1812101031826,870.6371250279785,856.3934358619908,858.3346557617188,123217802,HDFCBANK,2.198662685196151,752.168271484375,736.6740905761719
2024-07-04,854.0154497500956,854.0154497500956,837.0782938778042,838.1945190429688,45848658,HDFCBANK,-2.346420080274736,754.4523266601562,737.0456979370117
2024-07-05,817.7388811097651,817.7388811097651,796.9678045280713,799.8311157226562,82242548,HDFCBANK,-4.576909350840774,756.0131604003906,737.1887426757812
2024-07-08,798.472252380916,803.1553977227993,789.6639557513818,793.6434326171875,39087800,HDFCBANK,-0.7736237042838878,757.4109814453125,737.2708062744141
2024-07-09,788.6205918556537,799.1516862165171,786.3639118522315,794.2015991210938,48550878,HDFCBANK,0.07032963179265384,758.8290625,737.335552368164
2024-07-10,791.0228924563764,795.9002315965357,786.5581099756618,789.1544799804688,45507182,HDFCBANK,-0.6354959680527461,760.1552966308594,737.3628543090821
2024-07-11,788.1109895551602,789.0330808548738,776.973264088155,787.1161499023438,44177074,HDFCBANK,-0.25829291093619755,761.2521313476562,737.3632077026367
2024-07-12,787.1647047300575,795.1237185250396,781.899157363576,787.50439453125,56049960,HDFCBANK,0.04932494765281792,762.4467395019532,737.3678964233399
2024-07-15,787.892573532859,790.9500183647494,783.8645188167274,787.213134765625,33375694,HDFCBANK,-0.03698516067308644,763.5191809082031,737.3260049438477
2024-07-16,786.5580588939988,789.5912150674294,784.6411278889234,786.07275390625,28950324,HDFCBANK,-0.14486303759585484,764.6899450683594,737.3566900634765
2024-07-18,780.3703737749313,788.1109641715035,776.0754367376819,783.6704711914062,33717064,HDFCBANK,-0.30560564564870996,765.78345703125,737.5318014526367
2024-07-19,784.2528302190582,787.649965003423,778.1865181041212,780.0307006835938,26002152,HDFCBANK,-0.4644516594173864,766.9621655273437,737.7134896850586
2024-07-22,784.7381898248855,801.2385599263364,782.6271249101725,797.1377563476562,53744822,HDFCBANK,2.193125943513552,768.7080358886719,738.0374472045899
2024-07-23,799.5641926190166,799.6855188562965,778.9144433374342,785.4175415039062,52002152,HDFCBANK,-1.4702872559254954,770.5560766601562,738.2995721435547
2024-07-24,780.4431686261755,786.6793253968798,770.6885509614999,778.4534301757812,61728206,HDFCBANK,-0.8866763167512448,772.1687438964843,738.5109573364258
2024-07-25,773.0908809941293,788.6206413154175,773.0908809941293,784.5440673828125,25535732,HDFCBANK,0.7824022569540068,773.73482421875,738.7786492919922
2024-07-26,778.9144923179402,787.0433507268658,774.7651110455088,785.2962646484375,43810540,HDFCBANK,0.09587699364477231,775.2606237792969,739.0576431274415
2024-07-29,783.7675425920842,791.9449196556922,775.6629731237323,778.9387817382812,51001148,HDFCBANK,-0.8095648987968107,776.8771765136719,739.2986248779297
2024-07-30,777.4585181584071,793.3522550308714,776.0026033303951,784.034423828125,54595834,HDFCBANK,0.6541774795796318,778.3845336914062,739.6087725830079
2024-07-31,783.2822470366172,790.0279981871195,780.9527594083772,784.1315307617188,37820484,HDFCBANK,0.012385544644799573,779.85646484375,739.8679382324219
2024-08-01,787.6014491725216,800.7774909815698,785.1991540216145,795.3178100585938,26215174,HDFCBANK,1.4265820028954046,781.6035620117187,740.1681936645508
2024-08-02,791.5323792943032,810.7019249608421,791.5323792943032,805.1937255859375,44119238,HDFCBANK,1.2417571192849586,783.5442956542969,740.5218981933593
2024-08-05,795.9486953170099,798.8120065813332,776.9732822215763,784.1315307617188,41333634,HDFCBANK,-2.615792219306212,784.7396032714844,740.8129022216797
2024-08-06,791.0471196604719,792.4787456590307,773.2364505401089,777.0703125,45116050,HDFCBANK,-0.9005145163413331,785.5549157714844,741.0480133056641
2024-08-07,784.7380959828303,791.0470602671697,777.5555591010518,787.892578125,42346264,HDFCBANK,1.392700950082948,786.4847595214844,741.3019262695312
2024-08-08,788.1353303314752,802.3547907144078,785.8301315512568,797.2105102539062,33976950,HDFCBANK,1.1826399166090296,787.5737841796876,741.5778918457031
2024-08-09,801.7237923493824,806.8437833638833,798.7149252998082,800.8502197265625,26644618,HDFCBANK,0.4565556306447949,788.9510778808594,741.9058093261718
2024-08-12,801.7238266679481,813.3468572381819,799.4671466635041,805.65478515625,39316196,HDFCBANK,0.5999330850315454,790.360888671875,742.2724716186524
2024-08-13,790.0764803424304,792.2118340294594,777.0460539246062,778.0408935546875,54055042,HDFCBANK,-3.427509165257059,791.0563293457031,742.4732962036132
2024-08-14,779.6424562895212,783.1366284755188,778.0409261468292,780.2733764648438,32334428,HDFCBANK,0.2869364487972481,791.4018676757812,742.7366311645508
2024-08-16,790.319198015761,793.0611831331643,781.8263604564881,792.0662841796875,27849246,HDFCBANK,1.5113815324923063,792.8475915527343,743.0704208374024
2024-08-19,794.759726022084,794.759726022084,787.9896858897818,791.7993774414062,19502164,HDFCBANK,-0.033697525524356564,793.6216540527344,743.3840841674805
2024-08-20,789.8095595425733,798.8119905444514,789.8095595425733,794.783935546875,31134494,HDFCBANK,0.37693362618103077,794.3787292480469,743.7527670288086
2024-08-21,790.1250771140934,793.255329982036,785.126471042094,789.0089111328125,47630904,HDFCBANK,-0.7266156442994554,794.8878161621094,744.1154360961914
2024-08-22,792.0177293410987,795.0751744192786,790.0765094162431,791.6780395507812,21300638,HDFCBANK,0.3382887544497448,795.5672436523438,744.570686340332
2024-08-23,792.988292052303,792.988292052303,787.6499375770427,788.6448364257812,20333422,HDFCBANK,-0.3831359433338788,796.1520349121093,744.9970062255859
2024-08-26,792.1147410094821,799.7582942162704,792.1147410094821,795.8758544921875,22364266,HDFCBANK,0.9168915755763951,796.7906945800781,745.4212997436523
2024-08-27,797.5502737581256,799.4914938187558,792.1148220435606,794.8082885742188,35773244,HDFCBANK,-0.13413724162418816,797.3439440917969,745.8608422851562
2024-08-28,794.8081968881353,795.7788068064845,791.1441207498361,794.4927368164062,26921188,HDFCBANK,-0.03970161891222457,797.7341284179688,746.3035949707031
2024-08-29,796.8707505966252,798.035494358065,791.6052035874162,795.1964721679688,49052604,HDFCBANK,0.08857668786028672,798.0325903320313,746.744479675293
2024-08-30,803.6650654368904,806.5768953841255,786.7521983416328,794.395751953125,445342100,HDFCBANK,-0.1006946387300589,797.8292492675781,747.1646041870117
2024-09-02,799.200245545704,799.200245545704,787.747000900005,789.56689453125,34049680,HDFCBANK,-0.6078654637820757,797.4177111816406,747.5348504638672
2024-09-03,792.9883758285047,795.875916903195,788.4264969467081,794.6141357421875,37282860,HDFCBANK,0.6392417470762801,797.1420593261719,747.9476882934571
2024-09-04,795.4148040993854,798.2295964742419,792.0176694876126,796.773681640625,24682744,HDFCBANK,0.27177290225530726,796.8450512695313,748.3610302734374
2024-09-05,798.8119853769339,800.7046866194709,796.8707654853739,798.5450439453125,22876318,HDFCBANK,0.22231686933233963,796.2054187011719,748.7973529052734
2024-09-06,795.0751920423825,799.6613005199742,793.0368755313057,794.4199829101562,26029602,HDFCBANK,-0.5165721165553583,795.5788903808593,749.1990466308594
2024-09-09,794.9295342541234,800.0252363967779,791.0956131747174,799.0546264648438,23792914,HDFCBANK,0.5833996694934118,795.096982421875,749.630376586914
2024-09-10,802.6943484628727,802.6943484628727,794.9294696385643,800.9229736328125,26606646,HDFCBANK,0.23381970469711355,794.7723120117188,750.0337045288086
2024-09-11,800.9473902400173,801.9665188998836,795.5119386518413,797.7929077148438,22226684,HDFCBANK,-0.39080735863668004,794.1773291015625,750.4119265747071
2024-09-12,802.6944342572692,810.4593139115112,799.32158835399,808.8092651367188,32424046,HDFCBANK,1.380854268738707,793.5561389160156,750.853010559082
2024-09-13,812.400503038587,812.400503038587,804.1746076631325,808.4937744140625,23860532,HDFCBANK,-0.039006813627795456,792.5593212890625,751.2922775268555
2024-09-16,809.0033572167779,814.2446744093743,807.5717313009576,810.9202880859375,15172820,HDFCBANK,0.3001276878889403,792.0138366699218,751.713155822754
2024-09-17,814.3417351276187,814.3417351276187,807.6202731787942,809.876953125,20127122,HDFCBANK,-0.12866060650673639,792.2147534179687,752.1417437744141
2024-09-18,811.3570886275262,824.4846115422112,810.9931099061356,822.494873046875,40917342,HDFCBANK,1.5580045676305998,792.7917822265625,752.6124755859375
2024-09-19,824.6301946967953,834.2392569551141,824.6059649927001,829.1435546875,30651776,HDFCBANK,0.8083553902282103,793.4906213378906,753.0905975341797
2024-09-20,833.0259912779876,846.8328941482245,828.6825354394553,845.0130004882812,60623386,HDFCBANK,1.9139563602785792,794.6077917480469,753.6563253784179
2024-09-23,848.7984163669939,857.2184459846895,844.5519977602407,854.0397338867188,26965350,HDFCBANK,1.0682360381700118,795.9462634277344,754.1941748046875
2024-09-24,856.5633141386422,864.6436541344489,851.3462854547951,858.0435180664062,33039036,HDFCBANK,0.4688053753033605,797.3570458984375,754.752880859375
2024-09-25,854.2095009540504,867.7252316684056,854.2095009540504,863.406005859375,31965312,HDFCBANK,0.6249668787258189,798.8809033203125,755.3465380859375
2024-09-26,860.4700264333525,867.7253122548344,858.0435015109396,865.5171508789062,31899644,HDFCBANK,0.24451358980646098,800.4697912597657,755.8214840698242
2024-09-27,862.3869272945984,862.9692695590985,849.2836931713828,850.5697631835938,35613502,HDFCBANK,-1.7269891971677165,801.8077770996093,756.1874615478515
2024-09-30,848.7013681367213,849.987378933711,836.8599148404105,840.572509765625,26383534,HDFCBANK,-1.175359606077464,803.01861328125,756.4936376953125
2024-10-01,836.6658121791694,845.4013020975134,834.773110848595,837.7334594726562,24572284,HDFCBANK,-0.3377519797501338,803.83052734375,756.7792755126953
2024-10-03,832.613483062025,837.7091852435565,812.0850591484665,816.282958984375,48473398,HDFCBANK,-2.5605400197079464,804.4478356933594,756.9032009887695
2024-10-04,812.6431974622866,820.4808848190723,802.2091402837622,804.4658203125,48683232,HDFCBANK,-1.4476767574050475,804.9680834960938,756.9733068847656
2024-10-07,801.8208473760044,805.1209448670484,782.7969162571121,785.1264038085938,94458296,HDFCBANK,-2.4040072325749895,804.9797302246094,756.9859744262695
2024-10-08,791.0470635179641,804.0532597925816,787.1646239424159,801.2627563476562,29734406,HDFCBANK,2.055255365350872,805.2990600585938,757.0881811523437
2024-10-09,800.5105298956967,804.0289908485573,790.4161630516477,792.5758056640625,41125642,HDFCBANK,-1.084157551911047,805.5718005371094,757.1008718872071
2024-10-10,795.4147877416559,808.2510795642027,792.2603056670246,806.7709350585938,21754766,HDFCBANK,1.7910122026293607,806.0265307617187,757.1692175292969
2024-10-11,807.7658537028776,807.7658537028776,797.4774117796152,801.238525390625,23672594,HDFCBANK,-0.6857472707004431,806.3686706542969,757.2119360351562
2024-10-14,803.689297804442,821.1602762579215,802.6943989459767,819.2432861328125,18527508,HDFCBANK,2.2471162046794557,806.8471801757812,757.3513809204102
2024-10-15,822.1065938917583,824.0478137120458,813.1284522229286,817.3020629882812,19651130,HDFCBANK,-0.2369531953926307,807.0893469238281,757.4713052368164
2024-10-16,815.3609038822862,828.8766360391955,815.3609038822862,824.9214477539062,20470682,HDFCBANK,0.9322605571025377,807.9051452636719,757.5582293701171
2024-10-17,822.5676501021808,823.8780090897097,808.1298269832027,811.988037109375,14695732,HDFCBANK,-1.5678354199355926,808.6034997558594,757.6184286499024
2024-10-18,807.1106759435778,820.6506963237373,802.7429312558701,816.2101440429688,24809724,HDFCBANK,0.5199715686236228,809.1698510742187,757.671969909668
2024-10-21,832.2980010606213,848.3858722296796,830.3810701774502,838.9466552734375,46548354,HDFCBANK,2.785619781426263,810.0045739746093,757.7892822265625
2024-10-22,839.601939418289,844.4307004744691,830.2112402699462,832.0797119140625,38875280,HDFCBANK,-0.818519665846551,810.6291638183594,757.8675918579102
2024-10-23,827.4692671141377,847.5851345291038,827.4692671141377,842.3923950195312,38036090,HDFCBANK,1.2393864383192454,811.363916015625,757.9878897094727
2024-10-24,843.5085346118838,858.3346247570413,843.5085346118838,849.1138305664062,30832258,HDFCBANK,0.7978984124992206,812.7853747558594,758.1684860229492
2024-10-25,851.7102142266036,853.0933215296461,838.9466699408074,846.0806884765625,26130478,HDFCBANK,-0.3572126587339297,814.1015209960938,758.3315228271484
2024-10-28,845.4012471416386,849.7689918168825,839.043763962605,841.6158447265625,22012142,HDFCBANK,-0.5277089775018173,815.0925122070313,758.5349539184571
2024-10-29,837.7091441080032,856.0779244597386,837.1995502183419,850.1814575195312,35794926,HDFCBANK,1.0177580242386908,816.2601538085937,758.7382437133789
2024-10-30,845.4012662208864,851.5889046504595,836.7628139716957,841.8099975585938,32715724,HDFCBANK,-0.9846674362155472,817.2006750488281,758.9203826904297
2024-10-31,838.6070472346083,843.8968836285101,834.4334360468695,842.3438720703125,22895912,HDFCBANK,0.06341983503013182,818.2673742675781,759.1500756835937
2024-11-01,841.0335262277963,846.4203996311912,837.6849100339031,843.120361328125,1759692,HDFCBANK,0.09218197977793885,819.296220703125,759.414651184082
2024-11-04,846.8572030494149,846.8572030494149,830.3083148266296,831.8612670898438,28089248,HDFCBANK,-1.3354077015226395,820.1605493164062,759.6098846435547
2024-11-05,826.4743572133567,855.447039991069,823.999313734677,853.0933227539062,44232406,HDFCBANK,2.552355363093173,821.3048986816407,759.9279156494141
2024-11-06,859.7177486791857,859.7177486791857,847.0270119492034,851.83154296875,27787910,HDFCBANK,-0.1479064190870738,822.4453637695312,760.2583099365235
2024-11-07,846.5174998307751,854.5977803501312,843.4600547619757,847.6094360351562,18895456,HDFCBANK,-0.49565045676509545,823.5076977539062,760.4919479370117
2024-11-08,850.2543248355499,855.0103373353861,847.2696873607207,851.4432983398438,19902986,HDFCBANK,0.45231472677098594,824.6326342773438,760.7295547485352
2024-11-11,851.4918196964699,865.2016844692026,849.8660007285889,857.1941528320312,24565362,HDFCBANK,0.675424247674572,825.8886022949218,761.3350027465821
2024-11-12,859.9603824917264,861.4162973605047,829.2163253609564,833.8509521484375,31395406,HDFCBANK,-2.723210442636781,826.7742834472656,761.9466580200195
2024-11-13,833.1473377113161,839.2864576545572,811.9152444974701,815.967529296875,35728500,HDFCBANK,-2.144678590998239,827.2013513183593,762.5060006713867
2024-11-14,811.9637453515568,827.3721783747438,811.4784403744485,821.5,27146470,HDFCBANK,0.6780258410395756,827.6958776855469,763.1966586303711
2024-11-18,825.0184258091194,834.190701332557,822.5919010273279,827.4934692382812,27081968,HDFCBANK,0.7295762919392823,828.2748461914063,763.8489398193359
2024-11-19,831.8127776666084,851.1036515944076,826.3288074195308,845.5226440429688,50981272,HDFCBANK,2.1787694374535205,829.2968994140625,764.6416375732422
2024-11-21,848.9925368361551,853.6514527573436,841.6158656563873,845.0130004882812,35716512,HDFCBANK,-0.06027556544796475,830.2160668945312,765.384508972168
2024-11-22,846.1534758192824,851.3705040721685,839.3592064666866,847.1483154296875,24773612,HDFCBANK,0.2526961052874199,831.1405737304688,766.1628329467774
2024-11-25,866.293664684976,875.2718066744363,856.5147576427843,866.560546875,427737274,HDFCBANK,2.291479672655239,832.5159265136718,766.9945306396485
2024-11-26,878.4019987795361,878.4019987795361,858.8927626136716,866.5363159179688,30935566,HDFCBANK,-0.00279622204341079,833.6704675292968,767.8170111083984
2024-11-27,868.6473457001546,881.9689429401197,866.3421471774458,879.5181884765625,32714976,HDFCBANK,1.4981336985099514,835.0909558105469,768.7527560424804
2024-11-28,882.769668950273,891.0683714170436,867.7252160984541,870.2245483398438,35722392,HDFCBANK,-1.056674012940717,836.277041015625,769.6451452636719
2024-11-29,874.1799313606635,875.7814023363161,865.2503073983569,871.632080078125,27669536,HDFCBANK,0.16174351102442586,837.5121435546876,770.5463668823243
2024-12-02,875.2475527258944,877.5042327860683,861.4163604593637,875.8298950195312,15110876,HDFCBANK,0.48160399752954497,838.5788439941406,771.5024508666992
2024-12-03,884.5653546960274,891.6993733770357,881.3623537076274,886.3125,43410242,HDFCBANK,1.1968768182130773,839.7222229003906,772.575341796875
2024-12-04,891.9905313310416,905.0937654692016,888.6662041479593,902.7157592773438,44669084,HDFCBANK,1.8507308965340918,840.8762780761718,773.728932800293
2024-12-05,902.6672600453907,912.349070670313,890.6316728815866,905.457763671875,39682714,HDFCBANK,0.3037505844282862,841.904638671875,774.9287896728515
2024-12-06,901.2113107944992,904.7054828102569,894.9023463139778,900.6531982421875,17783156,HDFCBANK,-0.5306228100804722,842.7568322753906,776.0939712524414
2024-12-09,899.585600026442,912.3733745717748,897.3289199910699,907.5203247070312,26947912,HDFCBANK,0.7624606761233332,843.6391186523438,777.3183837890625
2024-12-10,911.2570600965298,911.2570600965298,901.963517909446,906.59814453125,13325480,HDFCBANK,-0.10161537440817048,844.4607385253906,778.4663705444336
2024-12-11,903.492253077643,908.4423993938311,901.0900171351183,904.1716918945312,14045426,HDFCBANK,-0.26764367998716176,845.5327770996093,779.588221130371
2024-12-12,898.2994568437374,906.8651010060448,897.183231769173,902.30322265625,17293790,HDFCBANK,-0.20664982713252122,846.7673913574218,780.7074322509766
2024-12-13,903.8804969466607,909.9468090067054,887.7441068669418,908.3695678710938,19009002,HDFCBANK,0.6723178043169797,848.1801135253907,781.7679244995118
2024-12-16,905.1422772502634,907.4959944793276,900.3620351992098,905.1907958984375,13107082,HDFCBANK,-0.349942587806662,849.9582702636719,782.8487893676757
2024-12-17,900.8958970749953,903.8077269850552,886.4095551207139,889.6853637695312,21079532,HDFCBANK,-1.712946287032946,851.6626611328124,783.8990460205079
2024-12-18,888.0353013877913,891.0199388482123,877.0189020931173,878.74169921875,23422312,HDFCBANK,-1.2300600860076782,853.5349670410156,784.8920715332031
2024-12-19,873.3548187057529,874.0827761662058,863.3575480971324,870.3944702148438,25380770,HDFCBANK,-0.9499070103680562,854.9176013183594,785.8392910766602
2024-12-20,864.9105130352275,872.3599918831414,857.5581899695972,859.7177734375,25692348,HDFCBANK,-1.2266503456425215,856.2604406738282,786.7382736206055
2024-12-23,864.8135067920166,876.4608267488114,864.4738169898098,874.0343017578125,11044592,HDFCBANK,1.6652590841607529,857.6057080078125,787.7345727539063
2024-12-24,874.5438211790217,877.7710517489787,868.4775092184595,872.6268310546875,14485834,HDFCBANK,-0.1610315179043198,859.0334741210937,788.738197631836
2024-12-26,872.8452166518102,879.372544346817,864.2067650913875,869.059814453125,10481678,HDFCBANK,-0.40876769709811134,860.0298046875,789.6585159301758
2024-12-27,871.0253675774094,876.4364704987394,868.2590937552997,872.6996459960938,7259330,HDFCBANK,0.4188240535847543,861.1377563476562,790.5923657226563
2024-12-30,869.7635560951499,880.8285332674382,859.4751142791366,862.82373046875,22222218,HDFCBANK,-1.13165114397078,861.8958020019531,791.4573254394531
2024-12-31,859.1353716990042,864.7163785916373,856.8544029024364,860.3728637695312,14117236,HDFCBANK,-0.28405184195470223,862.8634985351563,792.3058419799804
2025-01-01,860.6640693133434,870.637110073425,854.6705648241472,865.1774291992188,7313806,HDFCBANK,0.5584282852247879,863.8428442382813,793.170002746582
2025-01-02,862.4354683380634,875.2232427161829,860.4457297678027,870.5158081054688,18558576,HDFCBANK,0.617027065903808,864.4742272949219,794.1046624755859
2025-01-03,869.181218624921,871.2437647886038,847.4881097293069,848.8954467773438,24426194,HDFCBANK,-2.4836265035988347,864.8105419921875,794.8552166748046
2025-01-06,844.4791507386858,852.7778537230372,827.8332261221516,830.1141357421875,18816348,HDFCBANK,-2.2124410145508033,864.5649768066406,795.5098294067383
2025-01-07,832.2980215119891,835.209851324859,825.0184469798143,831.5215454101562,13527906,HDFCBANK,0.169544115365583,864.2131311035156,796.183328552246
2025-01-08,829.022239132803,830.6722879270967,816.9381331798057,822.2522583007812,19738190,HDFCBANK,-1.1147380558615416,863.7365625,796.8171838378906
2025-01-09,817.3263871062876,819.6801043914131,804.6841687860751,809.3916625976562,40420222,HDFCBANK,-1.5640693684079388,863.0920788574218,797.4025357055664
2025-01-10,810.9446489326335,812.8373502667392,802.6944639943603,804.029052734375,17453280,HDFCBANK,-0.6625481965147118,862.1690307617188,797.9531747436523
2025-01-13,795.9001470292906,799.1759555612708,788.2808827329198,791.4595947265625,21669066,HDFCBANK,-1.563308933311025,861.1620227050781,798.4847735595703
2025-01-14,795.8516298211142,803.7620652641559,794.4442335639691,799.1031494140625,26661432,HDFCBANK,0.96575425181884,860.2972082519532,799.0194009399414
2025-01-15,803.9076993782851,806.9165665577839,794.1045624787163,797.38037109375,14022892,HDFCBANK,-0.21558897891663653,859.3824084472657,799.5523565673828
2025-01-16,802.1363163454865,805.873200199019,797.2832665938832,801.7481079101562,21212454,HDFCBANK,0.5477607644661653,858.7801452636719,800.148923034668
2025-01-17,797.5987456720695,800.9958805790999,790.31917087129,794.3229370117188,23112076,HDFCBANK,-0.9261226593714089,857.6047375488281,800.6717379760743
2025-01-20,789.1059123060181,806.0672979791628,789.1059123060181,801.35986328125,17557618,HDFCBANK,0.8859024386233205,856.5953039550782,801.2125024414063
2025-01-21,804.756952160241,806.115829748555,792.5272908307279,797.0648803710938,31158144,HDFCBANK,-0.5359618202701144,855.5844128417968,801.6776907348633
2025-01-22,797.0648841596673,811.3813805875693,788.8389294808721,808.5423583984375,30619306,HDFCBANK,1.4399678507978075,854.7263940429688,802.1771661376953
2025-01-23,818.70954271768,818.70954271768,801.3598888041311,807.9843139648438,34909158,HDFCBANK,-0.0690185774186447,853.742197265625,802.6687042236329
2025-01-24,805.6062761215885,810.6049411699597,798.0840488445496,800.6561889648438,24236200,HDFCBANK,-0.906963770625735,853.0783020019531,803.0151611328125
2025-01-27,796.433983923838,797.6472463633178,789.1058906376462,790.9500732421875,22804166,HDFCBANK,-1.212270117490144,852.5779528808594,803.2605429077148
2025-01-28,799.2973542955573,817.3992549290822,799.2973542955573,810.6535034179688,30179312,HDFCBANK,2.491109216921217,852.3610229492188,803.6115036010742
2025-01-29,812.8857890816031,815.8704263644069,809.9011517987993,814.0020141601562,12619890,HDFCBANK,0.41306313092697167,852.0911938476562,803.9745388793946
2025-01-30,815.7976693049923,823.9993352943973,811.696865930955,820.8933715820312,25744846,HDFCBANK,0.8466020110509342,851.5986083984375,804.4012356567383
2025-01-31,818.830797136207,827.2993450265934,817.2292670650723,824.4118041992188,15821686,HDFCBANK,0.42861018726545463,851.1865844726562,804.887177734375
2025-02-01,823.8051750140157,831.3274019434516,813.3954072501344,820.6264038085938,5587528,HDFCBANK,-0.4591637785077429,850.6561462402344,805.4122430419922
2025-02-03,810.4592960980566,818.6124432523412,807.2805248629369,814.3417358398438,20276540,HDFCBANK,-0.7658378940261223,849.6117700195313,805.8710546875
2025-02-04,819.534460691003,837.5393220656948,815.3366201880791,835.1613159179688,28616502,HDFCBANK,2.5566146449135907,848.9842700195312,806.4687945556641
2025-02-05,841.0334885893271,846.4688803989707,834.1907005592836,843.3629760742188,23675506,HDFCBANK,0.9820450253057,848.2611657714843,807.0199285888672
2025-02-06,842.2467875560731,848.7984047453597,836.6657803207547,846.299072265625,26760716,HDFCBANK,0.3481414615891243,847.78265625,807.6314651489258
2025-02-07,849.2837426225924,857.5339275509261,837.1511177279839,840.9122314453125,23509600,HDFCBANK,-0.6365173963728266,847.1682592773437,808.2270791625976
2025-02-10,833.4142336911924,836.3988118099606,829.1435263354559,832.6619873046875,17195950,HDFCBANK,-0.9811064498901345,846.3049011230469,808.7716271972656
2025-02-11,826.4743520691721,830.3567917735487,819.5344674010676,825.6978759765625,22724704,HDFCBANK,-0.8363671494921565,845.0926086425782,809.2836288452148
2025-02-12,821.6213102303759,830.8421046157138,815.8946879155817,828.3185424804688,22809570,HDFCBANK,0.317388064103552,843.6046643066406,809.8110076904297
2025-02-13,824.5332029174352,831.934104238501,821.8883143385714,823.9022827148438,12602434,HDFCBANK,-0.5331595924920607,841.9735546875,810.2691470336914
2025-02-14,825.9405276867242,825.9405276867242,815.3123371576534,822.5191040039062,19959892,HDFCBANK,-0.16788140292314235,840.4108728027344,810.7428726196289
2025-02-17,817.8359099627821,834.7245465784594,815.918979031997,833.4384765625,12938946,HDFCBANK,1.327552455066372,838.9292358398437,811.2421096801758
2025-02-18,831.3517231291166,840.3298652963055,828.0031069049801,836.2047729492188,16350910,HDFCBANK,0.3319136882338647,837.5213684082031,811.7854608154297
2025-02-19,833.268662828246,843.4115489066289,831.0605014404679,838.21875,11884112,HDFCBANK,0.2408473517411469,836.2023095703125,812.3315802001953
2025-02-20,830.3567961314325,832.152400807599,817.8844822121968,818.7579956054688,26390510,HDFCBANK,-2.321679680218469,834.5314050292968,812.8198937988282
2025-02-21,815.74907568617,822.567574466393,813.977700828203,821.3786010742188,15680940,HDFCBANK,0.320070824690033,832.7915856933594,813.377565612793
2025-02-24,815.8461881773111,817.3506217636291,806.1400885993494,813.9049682617188,20693646,HDFCBANK,-0.9098889114868336,830.965869140625,813.9820129394532
2025-02-25,810.9931388087847,819.1948048046805,810.9931388087847,816.4528198242188,24138708,HDFCBANK,0.3130404238644191,829.5012182617188,814.5751766967774
2025-02-27,816.5499163188684,830.235493033587,816.5499163188684,825.358154296875,35786800,HDFCBANK,1.0907347315639804,828.4335473632813,815.170767211914
2025-02-28,817.7388430279666,843.0960267361039,817.7388430279666,840.7423095703125,54516728,HDFCBANK,1.863936909491537,827.8405041503906,815.8294473266601
2025-03-03,844.3336059197142,845.9108470636534,822.1551333662954,825.7706909179688,21205364,HDFCBANK,-1.7807618912381695,827.1615625,816.4677450561524
2025-03-04,824.04786119963,831.9583561196923,821.7426625301964,829.8715209960938,19920958,HDFCBANK,0.4966063972997592,826.2783068847656,817.0737698364258
2025-03-05,825.9647760106438,830.2597724194886,819.316121569752,820.1654052734375,21583872,HDFCBANK,-1.1695925787411077,825.2290783691407,817.6219219970703
2025-03-06,818.7094845214233,824.9699304836942,811.5512362127743,820.7477416992188,32966088,HDFCBANK,0.07100231514729494,824.2628369140625,818.1858459472656
2025-03-07,816.2829306934012,825.5765323887408,814.1475770525966,819.8013916015625,13372914,HDFCBANK,-0.11530340561120012,823.2048718261718,818.7440676879883
2025-03-10,819.6801059027778,824.969941998729,816.7925649870414,818.9521484375,15604050,HDFCBANK,-0.1035913298955804,822.3274401855468,819.216997680664
2025-03-11,816.4771337496867,822.1066598317914,810.4836289220838,817.9815673828125,19898430,HDFCBANK,-0.11851498973893815,821.4796142578125,819.6253820800781
2025-03-12,820.9176607269924,833.9966062113717,820.9176607269924,830.4296264648438,18784106,HDFCBANK,1.5218019058619747,820.784658203125,820.0705282592774
2025-03-13,832.8076643515269,835.112863088808,825.0427843943695,828.2214965820312,15736264,HDFCBANK,-0.26590210807055925,819.9387719726562,820.4978393554687
2025-03-17,827.4449541690359,836.6657483797172,827.4449541690359,830.0656127929688,18950652,HDFCBANK,0.222659785884316,819.5621752929687,820.9882397460938
2025-03-18,830.0656127929688,830.0656127929688,830.0656127929688,830.0656127929688,0,HDFCBANK,0.0,819.5612048339843,821.4627465820313
2025-03-19,842.004146653194,849.7690263917825,840.6452690024086,846.42041015625,15221406,HDFCBANK,1.9703017582250348,819.8591821289062,821.9785043334961
2025-03-20,851.2249908210027,860.9310910584144,848.9440809617447,858.3832397460938,17833978,HDFCBANK,1.4133437055984244,820.5818017578125,822.4554382324219
2025-03-21,851.9771897387066,860.9795616616999,851.9771897387066,859.15966796875,33508264,HDFCBANK,0.0904523977991456,821.5771618652344,823.1523361206055
2025-03-24,863.3575457763671,875.6843039218336,860.7611760226637,873.5489501953125,17393736,HDFCBANK,1.6748088583559806,822.9675598144531,823.754599609375
2025-03-25,875.9269782864857,894.7567761384419,874.2769294910811,883.958740234375,39101416,HDFCBANK,1.1916664815102784,824.8175427246093,824.3897424316406
2025-03-26,885.681575218163,886.8948376499686,874.5195608455505,876.7277221679688,24478442,HDFCBANK,-0.8180266495797062,826.3700341796875,824.9556082153321
2025-03-27,873.548970937254,893.4464752752693,872.6268796196651,885.8514404296875,41658100,HDFCBANK,1.0406558422902057,828.1394555664062,825.5963320922851
2025-03-28,887.6227647317345,891.0198994245295,876.3879431494396,887.2344970703125,28773648,HDFCBANK,0.1561273795473106,829.8491833496093,826.2354782104492
2025-04-01,874.5195261060333,878.3534470865061,856.7330877140463,857.9463500976562,28511006,HDFCBANK,-3.3010604377272323,831.1216516113282,826.7054956054687
2025-04-02,859.3294691298255,873.16066049231,859.3294691298255,872.0444946289062,11573564,HDFCBANK,1.6432431386467439,832.5353442382813,827.2299890136719
2025-04-03,864.3766781830471,875.490173946712,862.3869396359797,871.0496215820312,11250038,HDFCBANK,-0.11408512444062158,834.0150390625,827.710319519043
2025-04-04,879.8579280746396,893.9074835384829,878.9358367650708,881.9447631835938,33540454,HDFCBANK,1.250806077129618,835.4830871582031,828.2186764526367
2025-04-07,855.4956105111871,863.7700245665659,843.5570610557007,853.0205078125,37995450,HDFCBANK,-3.2795994237422077,836.3838110351562,828.4609649658203
2025-04-08,856.5633039940931,864.8134887917699,849.4293443655757,858.5773315429688,35563872,HDFCBANK,0.6514290898725017,837.5422338867188,828.7031326293945
2025-04-09,856.5632934570312,861.4163432783175,850.982286162552,856.5632934570312,22454608,HDFCBANK,-0.2345785303134007,838.8544982910156,828.9439654541015
2025-04-11,861.2950087869681,882.9638878798253,861.2950087869681,876.8247680664062,32775766,HDFCBANK,2.3654381134639912,840.1779235839844,829.2699688720703
2025-04-15,905.0937456982635,910.8203678930464,900.240696123474,905.0452270507812,49298344,HDFCBANK,3.2184833289560677,841.9987878417969,829.6425616455078
2025-04-16,914.2175024102767,914.2175024102767,902.9098732067754,911.4027099609375,19136820,HDFCBANK,0.7024491948179223,843.808974609375,830.0708432006836
2025-04-17,913.3439239431574,931.6398970227459,910.7717839889756,925.3309326171875,35703084,HDFCBANK,1.5282182622484042,845.8273571777344,830.5817477416992
2025-04-21,933.7267676045618,946.6843866809207,926.9324979858176,935.231201171875,34247298,HDFCBANK,1.0699165245330988,848.119453125,831.1721212768555
2025-04-22,939.0651467003056,956.3419923313835,939.0651467003056,952.0227661132812,45961750,HDFCBANK,1.795445331631984,850.8730737304687,831.7945248413085
2025-04-23,960.3699954066212,960.3699954066212,932.0281739470523,933.67822265625,30570642,HDFCBANK,-1.9269017622261853,852.8434118652344,832.2635720825195
2025-04-24,926.9324466168475,933.6781972127433,924.5544405338061,930.2325439453125,25931754,HDFCBANK,-0.3690434913577345,854.5808032226563,832.6230615234375
2025-04-25,934.1150265036636,938.094503546439,918.099962552793,927.5148315429688,18500878,HDFCBANK,-0.2921540877098727,856.2051184082031,833.0696630859375
2025-04-28,927.5148236825167,936.4929655182809,926.156005327847,931.882568359375,13920492,HDFCBANK,0.47090749041072133,858.0245251464844,833.7299203491211
2025-04-29,931.2032084346736,936.0562581779409,922.1764885191324,926.3501586914062,18918308,HDFCBANK,-0.5936809911262553,859.8982885742188,834.3934539794922
2025-04-30,928.3883766867898,939.9871769317172,927.0780770079656,934.2120361328125,31936870,HDFCBANK,0.848693916403298,862.0685717773438,835.0935061645508
2025-05-02,936.5415014593009,942.4136794135693,931.7854893276606,932.7075805664062,17840404,HDFCBANK,-0.16104005388690723,864.1563525390625,835.8112716674805
2025-05-05,941.0063068714467,947.3152712805899,937.754787372496,939.9386596679688,15068024,HDFCBANK,0.7752782600063401,866.477080078125,836.5753842163086
2025-05-06,936.638567281111,941.5401354999643,933.8723527219415,937.4635620117188,17490156,HDFCBANK,-0.2633254447821476,868.7759692382813,837.3251800537109
2025-05-07,938.5797640346196,945.7137230326645,932.950238518458,944.2092895507812,21420778,HDFCBANK,0.7195722385824554,870.9913854980468,838.1101608276367
2025-05-08,948.6741890736062,948.6741890736062,931.348765916796,935.91064453125,34803430,HDFCBANK,-0.8788988957606492,872.9855029296875,838.8593502807618
2025-05-09,926.9810441332826,931.3002703673066,915.6734734771652,917.080810546875,17188796,HDFCBANK,-2.011926469092129,874.562744140625,839.5264019775391
2025-05-12,930.6208021509265,951.149226156264,928.0487213449755,949.8388671875,18618972,HDFCBANK,3.571992376668609,877.1843615722656,840.3754428100586
2025-05-13,946.3446699698328,952.0227142931207,931.7855212010662,933.0473022460938,24242102,HDFCBANK,-1.7678330000462705,879.4177355957031,841.0549905395508
2025-05-14,932.8047011833116,936.7356597192896,923.5353878045329,927.2236938476562,15445308,HDFCBANK,-0.6241493206634363,881.6841101074219,841.7640213012695
2025-05-15,928.6310129632633,943.8210814498384,920.6234813646776,938.4827270507812,32241458,HDFCBANK,1.2142736728829595,884.1247082519532,842.5641677856445
2025-05-16,938.4828285590543,943.3358785376587,935.8621697223413,938.9195556640625,15868010,HDFCBANK,0.04654626032958298,886.3959362792968,843.3360452270508
2025-05-19,940.0357840059994,943.918224001894,937.1239540090784,940.8607788085938,10202964,HDFCBANK,0.20675074161793372,888.3983056640625,844.1138677978515
2025-05-20,935.7165491131649,938.8710315810085,928.388455536133,929.310546875,23879090,HDFCBANK,-1.2276239156466584,890.4691027832031,844.8657266235351
2025-05-21,935.1827306623918,944.8403119658641,932.3194193274059,935.085693359375,15132040,HDFCBANK,0.6214441990134656,892.5733862304687,845.6209829711914
2025-05-22,929.4560306672615,933.8237752836327,924.6029810935157,931.7369995117188,21306670,HDFCBANK,-0.3581162530276516,894.8048181152344,846.3590103149414
2025-05-23,931.8340640363383,940.0357299039,929.1163680438908,938.3856811523438,9566072,HDFCBANK,0.7135792229040261,897.1575769042969,847.0743496704101
2025-05-26,939.0651219212037,946.2961778607493,935.13416349166,941.5886840820312,10802860,HDFCBANK,0.3413311811998554,899.5933227539062,847.7563244628906
2025-05-27,937.415037254252,945.3740503477449,929.989907003196,934.8429565429688,26162148,HDFCBANK,-0.716419775757926,901.9111389160156,848.5098815917969
2025-05-28,931.8826007257043,938.8224856498367,930.6693382733266,933.484130859375,18157594,HDFCBANK,-0.1453533638011928,904.2211901855469,849.2919506835938
2025-05-29,935.6679454442282,941.8798725130029,925.6221566559584,935.42529296875,28917794,HDFCBANK,0.20794805666251026,906.321103515625,850.0296142578125
2025-05-30,937.560664423884,945.7623300992254,934.406182182701,943.86962890625,28748078,HDFCBANK,0.9027269201477672,908.6340661621093,850.7629098510743
2025-06-02,936.6871049098005,939.5504160632175,925.9618769879231,937.65771484375,14668822,HDFCBANK,-0.658132635298192,910.785908203125,851.4469473266602
2025-06-03,940.5209813981357,947.3152506136021,931.7854924068217,934.0178833007812,24377584,HDFCBANK,-0.3881833941477564,912.8649536132813,852.0887628173828
2025-06-04,932.2708380103269,943.0931624292062,932.2223193620798,942.073974609375,12961542,HDFCBANK,0.8625200280024448,914.7780249023438,852.9089282226563
2025-06-05,945.3740366284826,950.6638723983343,941.5886343458625,946.1505126953125,22255418,HDFCBANK,0.4327195311416787,916.5333703613281,853.7383139038086
2025-06-06,943.432829986841,968.8143027617217,942.8019098505041,960.2728881835938,30127008,HDFCBANK,1.4926140501737573,918.555634765625,854.5793469238281
2025-06-09,968.1833931080394,968.1833931080394,958.9140802403333,960.3699951171875,13202588,HDFCBANK,0.010112431037945235,920.2920556640624,855.422200012207
2025-06-10,962.2627345803987,962.2627345803987,951.7315810074685,953.7698974609375,15533126,HDFCBANK,-0.687245300228756,921.6882788085937,856.2171298217773
2025-06-11,954.8860400853163,954.8860400853163,944.8887696252715,946.538818359375,11096394,HDFCBANK,-0.7581576144112478,923.0845007324219,857.0047793579101
2025-06-12,946.3447246989118,951.6830795561876,939.2107650861756,943.1417236328125,16349130,HDFCBANK,-0.3588965038381242,924.2303063964844,857.7620977783204
2025-06-13,931.7855323379068,938.0944968797781,928.3883975845915,930.6207885742188,12117762,HDFCBANK,-1.327577260643853,925.0980322265625,858.4719775390626
2025-06-16,933.7267280054107,940.957783641244,931.8340268436207,939.2592163085938,16513746,HDFCBANK,0.9282435811056589,926.7242895507812,859.1888943481446
2025-06-17,940.0357879023232,942.2681790609491,931.348816527236,936.4445190429688,16978736,HDFCBANK,-0.29967204119509816,928.0122900390625,859.8970755004883
2025-06-18,930.329645039179,939.6960548333931,930.329645039179,938.5313110351562,18433816,HDFCBANK,0.22284203172229233,929.361923828125,860.617268371582
2025-06-19,938.5313155721643,944.7917616817875,934.5032605291775,939.2107543945312,16876220,HDFCBANK,0.07239431986829636,930.5072436523437,861.3373397827148
2025-06-20,937.415115265286,956.0023202459611,937.415115265286,953.4786987304688,32900408,HDFCBANK,1.5191419251939342,932.5164074707031,862.1327545166016
2025-06-23,945.5681762695312,950.1785732937573,942.3651754483343,945.5681762695312,11739518,HDFCBANK,-0.8296485775162177,934.2562243652344,862.912760925293
2025-06-24,953.6242600004867,960.4185295373859,949.0623814631601,951.634521484375,22625322,HDFCBANK,0.6415555606764212,936.1576489257812,863.6978628540039
2025-06-25,954.1096083800328,961.8744882040819,953.0904797513926,961.0009155273438,18405932,HDFCBANK,0.9842427771912687,937.841171875,864.5189990234375
2025-06-26,961.5833031108746,983.7617170900772,960.9038642878594,981.1896362304688,50084830,HDFCBANK,2.100801401635133,939.3640600585937,865.4322219848633
2025-06-27,987.6660313444861,991.0024333509556,978.0494242399598,988.5982666015625,28213384,HDFCBANK,0.7550661052185825,940.9079711914062,866.4031134033203
2025-06-30,986.9301202198938,988.0586250503452,979.0798184930638,982.023681640625,13649020,HDFCBANK,-0.6650411176158055,942.041826171875,867.3179586791993
2025-07-01,983.740927917604,989.138010315157,983.250284063281,987.2244873046875,14389386,HDFCBANK,0.5296008397041696,943.0816918945312,868.2494662475586
2025-07-02,991.0515399227539,991.0515399227539,970.4444979040134,974.418701171875,18878250,HDFCBANK,-1.2971503743565704,943.5296105957032,869.1325952148437
2025-07-03,978.7854199779471,985.2128423794024,973.584607191008,974.9583740234375,16860506,HDFCBANK,0.05538408190579602,944.3552136230469,869.9633407592773
2025-07-04,974.9583893832662,983.0049605598704,971.4748300017685,976.037841796875,7863944,HDFCBANK,0.11071937040580959,945.2713195800782,870.8010610961915
2025-07-07,975.8906089947405,980.5026731224453,973.3392849545877,975.1055908203125,11349426,HDFCBANK,-0.09551381479699916,946.223134765625,871.6219876098633
2025-07-08,970.0028875050783,983.740915249207,970.0028875050783,981.974609375,15224316,HDFCBANK,0.7044384340888499,947.2249755859375,872.4824758911133
2025-07-09,984.7221568062151,988.058558773539,980.3554147849677,986.7828369140625,13861428,HDFCBANK,0.48964886598470425,948.4336291503906,873.3039157104492
2025-07-10,989.1379844829171,989.6286283244265,981.2876830187669,984.3296508789062,17030310,HDFCBANK,-0.24860444906277257,949.4359814453124,874.0798461914062
2025-07-11,980.306453474884,983.642855752239,971.9164552660966,973.2902221679688,12516922,HDFCBANK,-1.1215174409386575,950.2476342773438,874.7212322998047
2025-07-14,972.94677734375,975.7434233970494,966.8627814826074,972.94677734375,13088850,HDFCBANK,-0.035286990087468606,950.9077966308594,875.3157675170899
2025-07-15,968.0403470063502,983.0540373178538,968.0403470063502,979.079833984375,14498168,HDFCBANK,0.6303589038414659,951.7401220703125,875.9209490966797
2025-07-16,990.1192370651518,992.4252390812768,977.6568719540081,979.4722900390625,17994612,HDFCBANK,0.04008417302299172,952.4453820800782,876.5012805175782
2025-07-17,983.2502269350301,983.6427659529008,972.7994894879338,974.8602294921875,22529158,HDFCBANK,-0.47087197808231007,953.2243737792969,877.0479959106445
2025-07-18,974.8602232374529,979.8157138677898,958.2273856704023,960.38623046875,16129446,HDFCBANK,-1.4847255622456923,954.0904821777344,877.5970782470703
2025-07-21,970.5916382285527,982.2689857931025,969.7575676423911,981.5330200195312,22309078,HDFCBANK,2.2019047004099512,954.724365234375,878.3018807983399
2025-07-22,987.7151032772119,990.1192700741381,982.7596124670459,984.771240234375,14836814,HDFCBANK,0.32991454681567944,955.7588439941406,879.0370697021484
2025-07-23,986.6848008986999,995.9089294093236,982.7596500249109,993.2103881835938,13634916,HDFCBANK,0.856965313813407,957.0785778808594,879.9217068481445
2025-07-24,999.7849522880986,999.7849522880986,985.4091233743482,988.2548217773438,19107176,HDFCBANK,-0.4989442785946707,958.0740197753906,880.8406518554688
2025-07-25,991.1076548914018,991.1076548914018,983.237817433207,985.9922485351562,9306598,HDFCBANK,-0.22894633978292056,959.0154736328125,881.8449810791016
2025-07-28,985.205265864704,994.2555908496133,983.9756037755068,987.9105224609375,12059580,HDFCBANK,0.1945526375720652,959.9564685058593,882.778219909668
2025-07-29,983.6804999207345,996.7640925817828,981.9097985152405,994.3539428710938,19895696,HDFCBANK,0.6522271262082935,961.2573364257812,883.7871105957031
2025-07-30,997.5018784172968,999.764444634085,992.091365270063,996.4197998046875,15154036,HDFCBANK,0.2077587109102108,962.4840185546875,884.7353549194336
2025-07-31,990.9108782036614,999.1742313953042,987.664582321978,992.6815795898438,22183032,HDFCBANK,-0.37516518796359977,963.70291015625,885.6925701904297
2025-08-01,990.6157884442932,997.6494796779898,988.3040477115343,989.7304077148438,11317258,HDFCBANK,-0.2972929019413595,964.7298046875,886.5450057983398
2025-08-04,988.6974801605747,992.8291567300697,977.8764539291843,979.7947387695312,13933946,HDFCBANK,-1.0038762947834123,965.49392578125,887.3574691772461
2025-08-05,977.0894619202779,980.975205994727,966.7603007320947,972.7118530273438,23978058,HDFCBANK,-0.7228948535774382,966.2513037109375,888.0964212036133
2025-08-06,969.5147509914575,977.8272785976125,968.9737116887809,976.499267578125,14080204,HDFCBANK,0.38936654662875547,967.1116064453125,888.918977355957
2025-08-07,973.9415460716062,984.5166400056098,972.3184281442016,981.4671020507812,13081186,HDFCBANK,0.508739190862606,968.0324426269531,889.7452621459961
2025-08-08,977.3846207407715,980.1882863803764,968.9737439061473,970.8920288085938,13895264,HDFCBANK,-1.0774760784228898,968.572890625,890.4049890136719
2025-08-11,971.8757166821836,982.5491593344192,970.4984711596596,981.5654296875,9105854,HDFCBANK,1.099339634295271,969.451044921875,891.1524176025391
2025-08-12,979.7455870293594,981.7622208654035,967.7440729221851,968.924560546875,12937802,HDFCBANK,-1.287827459922819,970.1491784667969,891.7850784301758
2025-08-13,980.7784409396806,980.7784409396806,968.5309950398891,974.0399169921875,13577396,HDFCBANK,0.5279416637375078,970.7884973144531,892.4097088623047
2025-08-14,972.908633518138,981.7622004561191,969.5639286580633,979.35205078125,17511716,HDFCBANK,0.5453712621415141,971.4525280761719,893.0760656738281
2025-08-18,988.6483131467888,996.8132573563983,981.5654475516468,985.5003662109375,19284796,HDFCBANK,0.6277942058509955,971.9570776367187,893.79548828125
2025-08-19,982.8935135816985,986.7300232295675,977.1878335213248,979.35205078125,12352438,HDFCBANK,-0.6238775388107243,972.33671875,894.4413412475586
2025-08-20,977.3354453835109,979.7947696044055,973.4005266300795,977.9256591796875,9950228,HDFCBANK,-0.1456464608844854,972.819833984375,895.121919555664
2025-08-21,982.5000176251586,982.5000176251586,975.4663263982883,979.4012451171875,12439850,HDFCBANK,0.15088937729046403,973.4770825195312,895.8072064208984
2025-08-22,978.7618310909676,981.7621945267439,962.6286407512459,966.317626953125,19833502,HDFCBANK,-1.3358792659587615,973.9406005859375,896.4231927490234
2025-08-25,964.1534314319724,972.6135426708398,962.5794879672083,966.0717163085938,17518044,HDFCBANK,-0.025448220923651732,974.649619140625,897.0942449951172
2025-08-26,963.5632270654481,969.6623631247153,952.2503356808104,957.5625,16917731,HDFCBANK,-0.8808058620231485,975.0156848144532,897.6165908813476
2025-08-28,951.2665723546679,956.3819785474136,939.4618165446824,942.2162475585938,25438255,HDFCBANK,-1.6026371585568855,975.1311193847656,898.0685144042968
2025-08-29,938.4781016808785,947.6267755693488,934.6415319653455,936.1171264648438,14823813,HDFCBANK,-0.6473164848890711,975.0828356933594,898.5110528564453
2025-09-01,934.1496321868741,941.8719458039564,930.9525108908947,935.1333618164062,20178344,HDFCBANK,-0.10508991029281045,975.0012878417969,898.9295031738282
2025-09-02,935.5269334024698,939.2650942089082,928.6408255856272,929.1326904296875,14196320,HDFCBANK,-0.6416915096540965,974.5143676757813,899.2891958618164
2025-09-03,929.6245191670979,940.740652202688,924.7058709175366,938.9207763671875,16083481,HDFCBANK,1.053464810604532,974.3814196777344,899.8145449829102
2025-09-04,944.5772033181551,949.9877162864987,940.6914592688354,945.610107421875,17597657,HDFCBANK,0.7124489331857609,974.2609313964844,900.4627578735351
2025-09-05,951.7584261964354,951.7584261964354,938.5272505370174,947.7251586914062,11602111,HDFCBANK,0.22367054380347806,973.9954162597656,901.0938836669922
2025-09-08,953.2340258485783,957.3165278914954,944.823149393627,950.2828369140625,11711307,HDFCBANK,0.26987552237063284,973.3772802734375,901.7078305053711
2025-09-09,958.1526998830964,958.5462157684692,947.0365666053971,949.4467163085938,13985539,HDFCBANK,-0.08798649970191974,972.5942492675781,902.2274508666992
2025-09-10,958.0543466125587,958.0543466125587,946.0528326679372,950.1845092773438,18091100,HDFCBANK,0.07770767501502629,971.9574658203124,902.7533084106445
2025-09-11,944.6755555766032,953.4799478098324,944.2820997482355,952.0535278320312,15113633,HDFCBANK,0.19670059198386713,971.2540466308594,903.2778344726562
2025-09-12,954.1194397337725,954.9555859441327,946.5938836721522,951.5617065429688,14363519,HDFCBANK,-0.051658995496028925,970.7969067382812,903.7028402709961
2025-09-15,953.824233432933,956.5294899386951,949.2991011128589,951.3157348632812,14486377,HDFCBANK,-0.025849262112609406,970.3240539550782,904.1267373657226
2025-09-16,945.560981879392,953.5783427584718,945.560981879392,951.1190185546875,18661794,HDFCBANK,-0.020678340679602947,969.8256774902344,904.4847415161133
2025-09-17,949.4467082101403,958.5462075924,948.6596764461077,950.7747192382812,17361476,HDFCBANK,-0.036199393523794754,969.3390600585938,904.8874923706055
2025-09-18,957.4640913046234,963.7108108355188,953.4799980850369,961.0055541992188,17791598,HDFCBANK,1.0760524816156192,968.9196789550781,905.334359741211
2025-09-19,959.0380500102757,960.8087513537787,946.4462625851606,951.168212890625,31243267,HDFCBANK,-1.0236508275741407,968.2073864746094,905.7110513305664
2025-09-22,948.315388056543,955.3982535857159,946.298754270858,948.5121459960938,10854415,HDFCBANK,-0.2792426048868313,967.4910363769532,906.0220495605469
2025-09-23,951.2665762064279,952.447063800625,939.9536851760515,941.6260375976562,21022298,HDFCBANK,-0.7259905344918827,966.8577526855469,906.2166009521484
2025-09-24,936.7074240016012,940.8882751893465,927.6570988338277,935.5761108398438,15117220,HDFCBANK,-0.6424978193304343,966.1103393554688,906.3671926879883
2025-09-25,937.0024763946197,942.4129893816753,931.9854792780051,934.3955688476562,31413279,HDFCBANK,-0.12618342628776258,965.2166540527344,906.5359045410156
2025-09-26,929.7228805294212,935.9695999150294,925.9847198182591,929.6737060546875,14874656,HDFCBANK,-0.5053387398649578,964.2206823730469,906.6466714477539
2025-09-29,930.6574059019287,941.232499440892,923.8204729543667,934.8382568359375,32398179,HDFCBANK,0.5555229482790303,963.4202429199219,906.7878720092773
2025-09-30,942.4621986714628,944.3804835370663,930.9033750448373,935.5269165039062,28296687,HDFCBANK,0.0736661837417385,962.923056640625,906.9446481323242
2025-10-01,937.1992488555558,953.8242439027433,930.6082481971154,949.5450439453125,25350832,HDFCBANK,1.4984205365028425,962.2832971191406,907.1808572387695
2025-10-03,936.5106471136629,951.0206597658967,936.5106471136629,949.4467163085938,26658296,HDFCBANK,-0.010355236683690094,961.576806640625,907.386242980957
2025-10-06,956.0868643620497,961.4973774003239,946.3479168763192,957.6116333007812,18542683,HDFCBANK,0.859965793966011,960.8648315429688,907.6483471679687
2025-10-07,958.1527020714059,973.7447933808842,955.201513050652,966.514404296875,25535736,HDFCBANK,0.9296849251305472,960.4300231933594,908.0324923706055
2025-10-08,960.1201629857547,969.8591107869768,958.6937429483099,962.7762451171875,15939710,HDFCBANK,-0.38676704279507756,959.965703125,908.4526651000976
2025-10-09,958.6445364195181,963.0713198098597,954.3653364923583,961.2022094726562,15370950,HDFCBANK,-0.16348924815232646,959.4315368652344,908.9067037963868
2025-10-10,963.0713193511867,970.1541847807785,962.1859386567031,964.9404296875,13757080,HDFCBANK,0.3889109053228923,958.8432666015625,909.4328170776367
2025-10-13,958.4477997344204,965.0388004923793,956.1852335153851,961.1038818359375,18634254,HDFCBANK,-0.39759426940012554,958.1369482421875,909.8681649780274
2025-10-14,954.2177737318785,964.4977607253469,951.2665847409552,961.25146484375,22934382,HDFCBANK,0.015355572961639474,957.5083459472656,910.3112881469726
2025-10-15,959.1364356766506,968.8753835018975,957.5132576917447,962.3335571289062,23310447,HDFCBANK,0.11257119752032807,956.9604089355469,910.7776568603516
2025-10-16,966.6619807603523,980.384961573746,965.5306676270898,978.1715698242188,22936566,HDFCBANK,1.6457924155284243,956.9279455566407,911.3050164794922
2025-10-17,977.7781081157631,992.5832274986775,969.9574453059425,986.2381591796875,25210511,HDFCBANK,0.8246599680788558,957.1984716796875,911.9220886230469
2025-10-20,980.7784494751901,1003.4042311581684,980.7784494751901,986.6316528320312,22195202,HDFCBANK,0.039898441231578374,957.4011193847656,912.5533825683593
2025-10-21,989.6320299074079,993.5669485153896,987.664570603417,991.3043823242188,3471600,HDFCBANK,0.47360425532414485,957.5978649902344,913.1840173339843
2025-10-23,999.4693402098319,1003.8961237048558,989.6320435542233,992.386474609375,43526526,HDFCBANK,0.10915842847574186,958.02775390625,913.793370666504
2025-10-24,994.5506701933195,995.4852253636408,975.1711841959709,978.5650634765625,17707768,HDFCBANK,-1.392744811264468,957.9677465820313,914.44171875
2025-10-27,980.286584655995,992.6323796093756,979.9914777728962,986.6316528320312,15700796,HDFCBANK,0.8243283616533814,958.3218884277344,915.2243063354492
2025-10-28,981.4178939740924,991.5994716753507,978.8109864255694,987.2218627929688,33904289,HDFCBANK,0.059820699978896386,958.58552734375,916.0028079223633
2025-10-29,988.5499498614066,996.0262711888014,983.729650556841,991.451904296875,17769445,HDFCBANK,0.4284793179051949,958.8275244140625,916.8488061523437
2025-10-30,983.7296659041476,993.0750977302371,980.8768258561881,981.9097900390625,19962917,HDFCBANK,-0.9624384416891729,958.755712890625,917.7113967895508
2025-10-31,977.8272677237645,988.1072545286754,965.1863657946757,971.2362670898438,23221330,HDFCBANK,-1.087016654431583,958.5933972167969,918.5474328613282
2025-11-03,968.9737116887809,978.3683179002891,967.3013592642496,976.499267578125,16607180,HDFCBANK,0.5418867341157929,958.5648693847656,919.4726312255859
2025-11-04,970.9411924643373,980.7784892471573,967.6948965344255,969.2196655273438,20024544,HDFCBANK,-0.7454795197989084,958.3612377929687,920.3232138061524
2025-11-06,965.0388182096445,974.9252895070431,958.1527104344483,968.6294555664062,22279516,HDFCBANK,-0.060895376139147306,958.4074743652344,921.1794592285156
2025-11-07,964.0550607577244,968.8753600783504,958.8904800750938,966.317626953125,15004568,HDFCBANK,-0.23867007140820906,958.412392578125,922.0023068237305
2025-11-10,966.3176552483678,974.8269410200376,964.2518469316628,968.4818725585938,15988262,HDFCBANK,0.22396834592501857,958.6307800292968,922.8731015014648
2025-11-11,967.4981021987119,977.3353986115102,962.0875891716729,975.564697265625,10200530,HDFCBANK,0.7313327082023147,959.2977490234375,923.7441256713868
2025-11-12,982.549186657653,982.7459446009269,971.629811290036,973.4005126953125,13137263,HDFCBANK,-0.22183916416598226,960.0434167480469,924.6258038330078
2025-11-13,967.990016129637,973.9907432290495,966.6127705451346,970.596923828125,14124839,HDFCBANK,-0.28802007299384424,960.7526879882812,925.4360766601562
2025-11-14,960.169315545859,975.5155341538173,960.169315545859,973.4988403320312,21386965,HDFCBANK,0.2989826603262635,961.6400109863281,926.2636492919922
2025-11-17,975.121999344663,981.7129998984626,969.5639028977658,980.3357543945312,18396408,HDFCBANK,0.7023032569990706,962.468310546875,927.1620471191407
2025-11-18,981.4178963551165,982.7459073482096,973.8923406153428,976.302490234375,20002640,HDFCBANK,-0.41141661334664903,963.082158203125,928.0888092041016
2025-11-19,973.8923481205824,980.3357652840727,967.9899702531849,978.41748046875,19813847,HDFCBANK,0.2166326784506456,963.6960046386719,928.9276290893555
2025-11-20,979.106143718625,995.1409255797437,976.3025381325072,992.4356689453125,19850865,HDFCBANK,1.43274100845443,964.5390612792969,929.8197973632813
2025-11-21,986.7792242744008,991.8946306513916,980.3358068377918,981.8114013671875,17499897,HDFCBANK,-1.0705245599864077,965.1863549804688,930.624387512207
2025-11-24,983.7296398293618,994.9933562138265,977.4337461176169,982.8934936523438,32204053,HDFCBANK,0.11021386425635882,965.8405346679688,931.4167959594727
2025-11-25,987.6645910314578,989.7303993265384,972.3184321597589,973.6956176757812,24989383,HDFCBANK,-0.9357957943524453,966.2733764648438,932.1821420288086
2025-11-26,965.3338969506472,990.566586579224,965.3338969506472,987.5662231445312,19494356,HDFCBANK,1.4245319807291823,966.993466796875,933.0482644653321
2025-11-27,985.7954498771661,1000.2562876177888,984.7133712881919,993.0750732421875,25536848,HDFCBANK,0.5578208294847675,967.8286535644531,933.8378332519532
2025-11-28,990.615779865885,995.583602701878,987.8613487922537,991.2059936523438,15988807,HDFCBANK,-0.18821130851079948,968.6303930664062,934.5770483398437
2025-12-01,1000.9449320171519,1000.9449320171519,983.0410401436599,985.7954711914062,16746566,HDFCBANK,-0.5458524762346428,969.3308081054688,935.2745303344726
2025-12-02,971.9249162739843,978.2208101938114,968.9737272569581,973.6956176757812,27316662,HDFCBANK,-1.2274202782653676,969.584609375,935.938447265625
2025-12-03,969.957416921422,985.9921979107919,969.957416921422,984.2214965820312,15448777,HDFCBANK,1.081023547315052,970.2456750488282,936.6962448120117
2025-12-04,983.7296507402166,988.3531921071142,976.8435431850351,980.9752197265625,14528169,HDFCBANK,-0.32983193993855187,970.8949365234375,937.4726315307618
2025-12-05,975.8598190407668,991.5994935414243,974.0891176678615,986.9759521484375,12843366,HDFCBANK,0.6117109077992566,971.8019348144531,938.2659185791016
2025-12-08,983.7296369469886,990.1238795871441,981.2703128546212,986.7791748046875,12901022,HDFCBANK,-0.019937400026992513,972.82599609375,939.0803030395508
2025-12-09,978.7126738119038,986.4841021884776,977.82729309106,980.8768310546875,15294322,HDFCBANK,-0.5981423099213901,973.7556213378906,939.8720916748047
2025-12-10,981.2703481612342,982.2540778335763,969.2688341502419,973.6956176757812,15322830,HDFCBANK,-0.7321218272822949,974.6360595703125,940.5733773803711
2025-12-11,973.892376646044,986.3857555063869,972.4167821359742,984.0247802734375,11844809,HDFCBANK,1.0608204874447358,975.6197900390625,941.3124774169922
2025-12-12,986.6808557305643,988.3532081724247,981.9589653386773,985.2052612304688,11988618,HDFCBANK,0.11996455584211141,976.6133569335938,942.0474099731446
2025-12-15,975.8597989154725,985.5003373398883,975.8597989154725,979.89306640625,9790060,HDFCBANK,-0.5391967575958834,977.2203173828125,942.8530853271484
2025-12-16,973.9906989646398,982.4508099496376,973.9906989646398,978.1223754882812,20049088,HDFCBANK,-0.1807024642456856,977.7938305664062,943.6368041992188
2025-12-17,979.7947462128429,979.7947462128429,964.8420432983647,967.989990234375,19080922,HDFCBANK,-1.0359015914392256,978.0013977050781,944.407229309082
2025-12-18,957.464054962666,971.334679033018,957.464054962666,963.7599487304688,14912404,HDFCBANK,-0.43699227745961355,977.94630859375,945.1437649536133
2025-12-19,970.9411706561548,971.9249003123414,962.7762265182249,969.465576171875,25952384,HDFCBANK,0.5920174882679152,978.0800952148437,945.8643020629883
2025-12-22,971.9249286743926,976.745228147207,967.8916609831689,971.6298217773438,13540411,HDFCBANK,0.2232410988758149,978.2886474609375,946.5187396240234
2025-12-23,974.3842218605324,982.647574967353,971.6297908389565,980.3849487304688,17927849,HDFCBANK,0.9010763931792232,978.5975378417969,947.2918109130859
2025-12-24,976.8435431850351,983.1394369666097,976.8435431850351,980.9752197265625,13699996,HDFCBANK,0.06020808426916435,978.9949645996094,948.0473294067383
2025-12-26,979.7947606844748,980.9752483081762,971.6298163538564,975.9581909179688,9360853,HDFCBANK,-0.5114327770677218,979.2890991210937,948.826293334961
2025-12-29,976.9418827381613,981.1719682293385,971.1379138798658,975.564697265625,13545749,HDFCBANK,-0.04031869971536928,979.5537219238281,949.600378112793
2025-12-30,974.0891482066822,978.8110386964976,966.219310709625,974.7777709960938,33155849,HDFCBANK,-0.08066366810288716,979.4858459472656,950.3752600097656
2025-12-31,974.8761180311038,981.3687099365719,971.531413084593,975.0728759765625,10963454,HDFCBANK,0.030274077769254504,979.2625402832032,951.1558636474609
2023-01-02,273.31073020002987,275.8711930957798,272.27827830640354,274.9213562011719,6181118,ITC,0.0,0.0,0.0
2023-01-03,273.80621144888335,275.3342481936164,272.7737598488454,273.475830078125,6228015,ITC,-0.5257962287910201,0.0,0.0
2023-01-04,274.0953268419764,274.6321933273518,269.263449942248,270.08941650390625,6947412,ITC,-1.2382862402324002,0.0,0.0
2023-01-05,271.45223693585825,275.7885284616498,271.08054807381785,275.4168395996094,8486143,ITC,1.972466438952858,0.0,0.0
2023-01-06,276.44927275918127,278.8032758845486,275.12774735183467,276.7383728027344,8603181,ITC,0.4798302111977515,0.0,0.0
2023-01-09,278.30772271006634,281.9006628614671,277.64695993055625,279.2162780761719,11027747,ITC,0.8953963443312674,0.0,0.0
2023-01-10,279.09242114332676,279.50541757160306,274.67353998290116,275.3756103515625,7217255,ITC,-1.3755171263910349,0.0,0.0
2023-01-11,276.779739173355,276.779739173355,273.6410763974821,274.0540466308594,4760847,ITC,-0.47991313356180454,0.0,0.0
2023-01-12,275.3755672187192,275.5407448224612,270.9979680628125,272.4433898925781,6894087,ITC,-0.5877149993157138,0.0,0.0
2023-01-13,272.4434064814698,274.4257210868893,269.5938439608081,271.53485107421875,14967746,ITC,-0.3334780185775821,0.0,0.0
2023-01-16,272.8564097297577,274.38442049284765,270.5437136614806,272.7325134277344,8571826,ITC,0.4410713205975414,0.0,0.0
2023-01-17,272.7325057046308,275.45817191772255,271.82395030026686,274.42572021484375,14240647,ITC,0.6208305587877883,0.0,0.0
2023-01-18,275.87115782063177,277.97736883807625,274.54963213079003,276.4080505371094,13039078,ITC,0.7223558785647732,0.0,0.0
2023-01-19,275.8711504141537,277.2340097387525,273.9301432486104,274.3431396484375,8667564,ITC,-0.74705164508031,0.0,0.0
2023-01-20,274.21923750517345,276.8623149347169,271.9478489744216,276.3667297363281,13608325,ITC,0.7376127904943353,0.0,0.0
2023-01-23,277.5230839015149,279.29891345037254,275.0864915248994,278.968505859375,7399204,ITC,0.9414216123370345,0.0,0.0
2023-01-24,279.00979290572695,281.4463851037806,278.84461529945156,279.95965576171875,12776694,ITC,0.35529096708979413,0.0,0.0
2023-01-25,279.91838889505897,281.652911075375,276.90362228328684,280.2074890136719,12978859,ITC,0.08852463090756046,0.0,0.0
2023-01-27,282.3136705252089,288.1367185517315,282.0658779057245,285.78271484375,21850457,ITC,1.989677666968448,0.0,0.0
2023-01-30,286.52605636311534,290.5319667310704,282.3549422107496,284.7915344238281,14634225,ITC,-0.3468300804909785,0.0,0.0
2023-01-31,285.7826797040602,293.2163264889536,281.694180516648,291.02752685546875,17794183,ITC,2.1896691712613103,0.0,0.0
2023-02-01,291.5644403392269,302.05413539091774,271.8239609151385,298.50250244140625,67003785,ITC,2.568477170082173,0.0,0.0
2023-02-02,298.66772105292637,317.7474385902798,297.6765767540571,312.7090759277344,57892084,ITC,4.759281202045118,0.0,0.0
2023-02-03,315.4347038656046,315.7237777677234,307.257679322767,314.4022521972656,23153980,ITC,0.5414541501579384,0.0,0.0
2023-02-06,315.9302934201292,320.6382741400663,313.5349824805341,316.67364501953125,26783409,ITC,0.7224480125035848,0.0,0.0
2023-02-07,317.08657905374054,317.08657905374054,304.32549760645486,308.29010009765625,21438758,ITC,-2.647376898496856,0.0,0.0
2023-02-08,309.5290913583647,311.63530234613074,306.8860138388054,310.18988037109375,10821785,ITC,0.6162313589815893,0.0,0.0
2023-02-09,308.90960377475056,313.86537687881804,307.38156697190806,309.1160888671875,12318006,ITC,-0.346172319555238,0.0,0.0
2023-02-10,307.42289549933633,311.3461910554725,305.8535510997639,306.7208251953125,10674456,ITC,-0.7748751223700112,0.0,0.0
2023-02-13,308.08365437884055,309.8594576851963,305.6057546003046,309.0747985839844,10282470,ITC,0.7674644808264741,0.0,0.0
2023-02-14,309.7355973927891,320.18401098988426,308.7031194861325,319.1928405761719,30246745,ITC,3.273654804126047,0.0,0.0
2023-02-15,320.4781768449944,321.4016217851001,317.79178430847446,320.85595703125,12679568,ITC,0.5210381448644164,0.0,0.0
2023-02-16,320.6880273125074,323.41640413620297,319.84852470474647,321.1497497558594,10151755,ITC,0.09156530155391973,0.0,0.0
2023-02-17,319.89055601879267,322.8288022734232,318.3794617458562,321.8633728027344,7967611,ITC,0.22220881299690465,0.0,0.0
2023-02-20,322.9547184901907,325.30531541730335,320.1004146198072,322.4090270996094,8105569,ITC,0.16952978902928795,0.0,0.0
2023-02-21,323.20655768511017,323.9620914605294,320.4361962256067,320.8979187011719,8577674,ITC,-0.46869295566300817,0.0,0.0
2023-02-22,320.6880408252716,323.12257986608466,319.0090621451135,322.2411193847656,9306194,ITC,0.4185756919304229,0.0,0.0
2023-02-23,322.74481324821056,330.7620059629958,321.6114727530318,325.38922119140625,19555814,ITC,0.976939818435052,0.0,0.0
2023-02-24,326.5645385687466,326.5645385687466,319.84854390951875,323.2904968261719,13407431,ITC,-0.6449889020754718,0.0,0.0
2023-02-27,323.29049611026613,324.71764796537934,317.41400412221884,320.85595703125,8455904,ITC,-0.7530502191751332,0.0,0.0
2023-02-28,321.1077823154553,322.5768918805146,314.8115528547274,316.2386779785156,16997837,ITC,-1.4390504372916113,0.0,0.0
2023-03-01,314.1819602445149,319.3448765254144,313.6362954673701,317.917724609375,8065784,ITC,0.5309428440544606,0.0,0.0
2023-03-02,318.58931513515984,318.7991841560192,314.5597394738751,315.2733154296875,5212922,ITC,-0.8317904209136806,0.0,0.0
2023-03-03,316.4905708533101,323.54236149901516,315.7350370590492,323.1645812988281,8495772,ITC,2.502992001839921,0.0,0.0
2023-03-06,323.9620778799033,329.50277396052957,323.41641314241326,325.8509521484375,11126980,ITC,0.8312701963849589,0.0,0.0
2023-03-08,325.725043388781,330.0484569017967,323.29050424848003,329.4188232421875,9261146,ITC,1.094939594383848,0.0,0.0
2023-03-09,329.1669887938517,330.42622947791915,323.7522192644157,325.3052978515625,10005328,ITC,-1.2487220220566253,0.0,0.0
2023-03-10,324.84354568707505,327.5718958188082,321.9472577905193,325.7250061035156,8684320,ITC,0.12901980223656295,0.0,0.0
2023-03-13,326.732420792291,328.15957264032426,321.1078088957629,322.0732116699219,9130473,ITC,-1.121128057461207,0.0,0.0
2023-03-14,323.7941602979254,324.42376725249073,316.6584285700909,318.7571716308594,10623744,ITC,-1.0295920054540164,300.83658325195313,0.0
2023-03-15,319.8485234584673,322.61888471389494,317.3300422511081,318.5053405761719,8748113,ITC,-0.07900404354795887,301.7082629394531,0.0
2023-03-16,319.5127424430228,320.9818787200227,316.364627485881,320.226318359375,16315136,ITC,0.5403293332820969,302.6432727050781,0.0
2023-03-17,323.20656662463193,323.20656662463193,310.32026818561775,315.2733154296875,50787703,ITC,-1.5467195060866246,303.54695068359376,0.0
2023-03-20,313.38439325220804,318.46333984958386,312.29303726156525,318.0016174316406,10512002,ITC,0.8653767599185125,304.39864624023437,0.0
2023-03-21,318.0015951454463,318.0015951454463,314.0139782120643,316.4485168457031,12057999,ITC,-0.4883939265722059,305.19284912109373,0.0
2023-03-22,316.44856016486983,318.0436231202378,314.139947920916,317.12017822265625,4958761,ITC,0.2122498103793058,305.95092712402345,0.0
2023-03-23,316.49051520301776,321.3176348514374,314.3078298848084,319.5546875,10127917,ITC,0.7676929582306258,306.8345086669922,0.0
2023-03-24,320.26832150494266,321.5275622401073,317.3300753854831,317.917724609375,10317108,ITC,-0.5122637703835919,307.7117822265625,0.0
2023-03-27,317.288036319744,322.7028051367832,315.9448535284185,319.1769104003906,11232922,ITC,0.3960728495282284,308.6464526367188,0.0
2023-03-28,319.1769745492156,320.9819067196904,317.45601127465636,318.7991943359375,9523719,ITC,-0.11834066066348514,309.5917395019531,0.0
2023-03-29,319.1769298348087,322.36702906761235,316.61646420259467,321.3176574707031,10551626,ITC,0.7899841591543666,310.5634423828125,0.0
2023-03-31,320.68805542360855,322.7867988239288,319.0090766670201,321.9472961425781,9877493,ITC,0.19595520421482604,311.51387390136716,0.0
2023-04-03,322.3670883838042,322.3670883838042,317.74983654415394,318.08563232421875,7331070,ITC,-1.1994708030252266,312.34742553710936,0.0
2023-04-05,318.08557963436516,324.9275006639533,318.08557963436516,324.3818359375,12055499,ITC,1.9794052209386237,313.34819946289065,0.0
2023-04-06,324.59173310392913,327.65587933261986,322.53494752985904,325.17938232421875,13394394,ITC,0.24586653701301753,314.32445251464844,0.0
2023-04-10,325.1793499002608,327.4040198262392,322.9966378104752,326.1867370605469,7044256,ITC,0.3097843193895278,315.26881713867186,0.0
2023-04-11,326.18673389143686,334.2039264718616,325.7250114550278,332.44097900390625,18939829,ITC,1.9173808229359324,316.3184436035156,0.0
2023-04-12,333.91014204558877,333.95212649086005,329.16699058054064,330.3842468261719,10122932,ITC,-0.6186758876408627,317.3219787597656,0.0
2023-04-13,332.02125181138524,332.9446967142466,330.51015773342004,332.1051940917969,6292395,ITC,0.52089265216404,318.24842834472656,0.0
2023-04-17,329.83856600767695,337.4779786716556,329.83856600767695,335.9249267578125,11466474,ITC,1.1501574603376419,319.27109619140623,0.0
2023-04-18,335.7989704940616,337.47794898377504,333.2804628503284,334.5397033691406,9860308,ITC,-0.4123610004298839,320.1413397216797,0.0
2023-04-19,332.4829793344839,336.93231935583754,332.4409948905821,334.7496337890625,10119480,ITC,0.06275201950849407,320.8662823486328,0.0
2023-04-20,335.7990193411143,338.0236894439417,333.8681605394353,336.0508728027344,6924577,ITC,0.3887200708610372,321.3331182861328,0.0
2023-04-21,336.0508698714704,343.3544871641832,335.00149819461507,342.724853515625,14801099,ITC,1.9860030885288982,321.8995703125,0.0
2023-04-24,344.1939561128873,344.1939561128873,339.32485178856473,343.10260009765625,6212135,ITC,0.1102186136069161,322.4281494140625,0.0
2023-04-25,343.1026275249201,347.17418742929436,342.0112714224472,345.4952087402344,9180650,ITC,0.6973449463504755,323.17225158691406,0.0
2023-04-26,345.87295960977156,346.71246225078784,343.3964627370243,346.0828552246094,7914219,ITC,0.17008817184982483,323.8901110839844,0.0
2023-04-27,346.0408275190746,350.40622474293883,345.0334404394636,349.2309265136719,13100076,ITC,0.9096293680943557,324.6924078369141,0.0
2023-04-28,350.90995450060126,359.51479684583404,347.30011703160113,357.2481689453125,13208557,ITC,2.2956851249331667,325.70295471191406,0.0
2023-05-02,357.62596272189217,358.4654388022184,353.5963604694285,356.3247375488281,10648421,ITC,-0.2584845708826333,326.64795349121096,0.0
2023-05-03,355.94690082718654,359.7246490132277,354.3098801607166,358.59130859375,7607609,ITC,0.636097022203308,327.4359228515625,0.0
2023-05-04,357.0382717097041,358.46539684287774,355.9469156844678,356.45062255859375,8292456,ITC,-0.5969709761095898,328.1478161621094,0.0
2023-05-05,357.58397346453967,362.578978463399,356.2407904691982,359.9345703125,12890455,ITC,0.9773998229820835,328.9235125732422,0.0
2023-05-08,361.82341831390767,363.88017710294014,360.4382509736069,362.201171875,7522610,ITC,0.629725997292252,329.7302685546875,0.0
2023-05-09,363.3344881143071,363.62829937621586,353.848159761522,355.77899169921875,10377820,ITC,-1.7730975696560236,330.39766784667967,0.0
2023-05-10,355.9049628239586,357.9197638931349,354.43585311887716,357.08026123046875,10130159,ITC,0.3657522117972878,331.12131469726563,0.0
2023-05-11,358.67533972045896,358.8012664555885,351.66553342474003,352.9247741699219,16597954,ITC,-1.163740344041253,331.73498779296875,0.0
2023-05-12,352.92472088152385,354.855552851783,349.2728993263859,352.9667053222656,11564770,ITC,0.01188104531408829,332.28653747558593,0.0
2023-05-15,352.5889408216,359.89255764989645,351.79142265487985,359.13702392578125,9503538,ITC,1.7481304923312901,333.00346801757814,0.0
2023-05-16,360.98391120139394,360.98391120139394,355.5271841877558,355.9049377441406,8302077,ITC,-0.8999590591663886,333.70444763183593,0.0
2023-05-17,356.0728245247746,360.1023994971298,354.7715995693563,358.9690856933594,9844782,ITC,0.8609456133540805,334.55905578613283,0.0
2023-05-18,360.9838924661413,363.04065112279585,350.9938838393776,352.3370666503906,24919291,ITC,-1.8475181588851308,335.2474426269531,0.0
2023-05-19,353.38645758005697,355.19138951321884,345.327280453651,352.4630126953125,26759905,ITC,0.03574589699550934,335.9912365722656,0.0
2023-05-22,354.2259415552699,357.4160140416538,351.8333605843728,356.5765380859375,16015615,ITC,1.16708001760768,336.6594757080078,0.0
2023-05-23,357.62591685967556,361.9912876995608,356.1148228603138,360.27032470703125,9068926,ITC,1.0359028782211954,337.34786315917967,0.0
2023-05-24,359.5567521718216,364.9715212398601,358.4653961486987,363.9221496582031,11921823,ITC,1.0136346794983764,338.0379296875,0.0
2023-05-25,366.8184044789324,371.43562871411757,365.01347261947217,370.34429931640625,18905572,ITC,1.7647042545321456,338.9387097167969,0.0
2023-05-26,372.233150853127,373.3664913098744,368.95913601863043,372.40106201171875,13496209,ITC,0.5553650209032313,339.87223083496093,0.0
2023-05-29,373.5763540934251,379.28493429900243,372.8207938014868,377.0182800292969,20589822,ITC,1.2398509264812008,340.97113220214845,0.0
2023-05-30,378.53411095602627,387.5039146499954,378.53411095602627,386.1734619140625,19627897,ITC,2.4283124638025955,342.3194580078125,0.0
2023-05-31,385.65842153341305,387.97598863487576,379.7786896234105,382.39666748046875,14821960,ITC,-0.9780046549222043,343.59728454589845,0.0
2023-06-01,383.6842103628602,383.6842103628602,376.8173641905987,377.418212890625,9142172,ITC,-1.3019084665788938,344.7411224365234,0.0
2023-06-02,377.67572763758034,381.8816685853723,377.5040449197469,380.5941162109375,9558309,ITC,0.8414812035668406,346.04753845214844,0.0
2023-06-05,381.96745917563834,383.5554221471092,377.7615186370993,378.2336120605469,7427630,ITC,-0.6202156181212115,347.2521783447266,0.0
2023-06-06,378.36241367322003,380.76580856133046,378.01907543259387,380.0791320800781,6703067,ITC,0.4879312574779471,348.52479064941406,0.0
2023-06-07,381.109123419648,382.5254037767352,380.036181282122,381.06622314453125,7833952,ITC,0.2597067245052376,349.80371154785155,0.0
2023-06-08,382.56837303043864,382.61130051396833,379.30661878284866,380.16497802734375,7294955,ITC,-0.2365061667629509,351.01591735839844,0.0
2023-06-09,373.5127150558858,381.7099867726844,373.5127150558858,376.34527587890625,7329661,ITC,-1.0047485616002105,352.18446838378907,0.0
2023-06-12,377.6757170059225,378.49114868429234,372.39683403052095,375.0577392578125,9054977,ITC,-0.34211579196440356,353.3020849609375,0.0
2023-06-13,378.5340739069618,383.1691806856377,376.2165069157611,382.3108215332031,16732376,ITC,1.933857514777193,354.5723175048828,0.0
2023-06-14,383.04040760452125,384.32793267131706,380.8945234252868,381.5382995605469,9039402,ITC,-0.20206646768672343,355.7767303466797,0.0
2023-06-15,381.9674822471672,385.1863086570211,381.7528992605887,384.6283874511719,7787525,ITC,0.8099024119424314,357.03035217285156,0.0
2023-06-16,385.40090157093005,391.0660503441356,384.4567146426835,388.920166015625,12181426,ITC,1.11582470365581,358.44704284667966,0.0
2023-06-19,390.3364491318434,391.32356354688983,388.19056478835836,389.3493347167969,4350517,ITC,0.11034879100473294,359.74639282226565,0.0
2023-06-20,390.37932999535724,390.37932999535724,386.3879994608957,388.70556640625,4644353,ITC,-0.16534465405344534,361.01691650390626,0.0
2023-06-21,387.975980209531,389.8643540714859,382.01042067086826,383.72711181640625,6292873,ITC,-1.2807777968995127,362.16772399902345,0.0
2023-06-22,384.5425372089923,385.95884478597384,382.697090857317,384.24212646484375,6892713,ITC,0.1342137765558471,363.2037469482422,0.0
2023-06-23,384.1133357229002,384.24209094526907,379.9932502182674,381.75286865234375,6325479,ITC,-0.6478357371696886,364.23111938476563,0.0
2023-06-26,383.5983435096489,387.4609460620195,381.10912103063964,382.5683288574219,5688287,ITC,0.21360945052144586,365.2403820800781,0.0
2023-06-27,382.9116733684778,383.8558602828028,380.3795233692762,382.0533142089844,5052984,ITC,-0.13462030429326477,366.16294982910154,0.0
2023-06-28,381.9674771718805,386.7742665852522,381.5383112044259,385.7013244628906,12548096,ITC,0.9548432426137232,367.1861822509766,0.0
2023-06-30,386.2592797284209,387.933070675078,383.34086384041257,387.6326599121094,9456776,ITC,0.5007334242132178,368.2438427734375,0.0
2023-07-03,387.6326586414976,399.95001675366007,386.30220594419177,397.6324768066406,11111199,ITC,2.5797147476682047,369.4754748535156,0.0
2023-07-04,399.13453461619395,401.7096119255575,394.6711108059222,400.2933044433594,8022597,ITC,0.6691675836158151,370.6268438720703,0.0
2023-07-05,400.29332954380067,412.5678138010311,398.53371095448574,407.8039245605469,16878943,ITC,1.8762792267114303,371.9208703613281,0.0
2023-07-06,409.73521112545217,409.7781386030594,403.8555068794989,406.7738952636719,9835812,ITC,-0.2525795449332624,373.14644409179687,0.0
2023-07-07,406.0014089058079,408.147293213273,401.3662748624045,402.052978515625,7605499,ITC,-1.1605751507202222,374.2658465576172,0.0
2023-07-10,403.42633094153337,404.1988623491033,398.0186926997213,399.8641662597656,6772454,ITC,-0.5444089144521325,375.27851135253906,0.0
2023-07-11,399.9929153943561,407.3318276357208,399.9929153943561,406.1301574707031,8783282,ITC,1.5670299415794453,376.2561511230469,0.0
2023-07-12,410.0785810019085,410.0785810019085,403.81261058479845,405.40057373046875,12816220,ITC,-0.17964283784737134,377.2376678466797,0.0
2023-07-13,406.7739298418112,409.22025219887996,404.28470720721316,405.14306640625,8214385,ITC,-0.06351923033782736,378.1687030029297,0.0
2023-07-14,406.00141282113736,407.718103961429,404.58510522527325,405.9155578613281,5277090,ITC,0.19067127618161983,379.1580017089844,0.0
2023-07-17,407.2889551029162,408.404797590093,403.9413732339311,405.4434814453125,6325310,ITC,-0.11629916786212169,380.0681799316406,0.0
2023-07-18,405.6151625889643,407.03144303513886,404.2847099021475,405.5722351074219,5558415,ITC,0.03175625407774163,380.93560119628904,0.0
2023-07-19,405.7867835710082,412.39611896102673,401.7954530539886,411.02276611328125,14401395,ITC,1.3439112774610296,382.0404766845703,0.0
2023-07-20,411.9240944126014,423.7693871222688,408.8340227846411,422.4389343261719,21030102,ITC,2.777502648051433,383.3476501464844,0.0
2023-07-21,422.1384452121807,427.2027452802702,418.01835927513474,420.97967529296875,14510084,ITC,-0.3454366808141818,384.7087481689453,0.0
2023-07-24,423.5547346399295,428.919472774112,401.8383804408482,404.5851135253906,40477929,ITC,-3.894383204169849,385.7411163330078,0.0
2023-07-25,401.6237788744661,402.13879980516936,390.89435750965157,396.8170166015625,45211370,ITC,-1.9200155082672365,386.4947161865234,0.0
2023-07-26,399.04873776734865,406.0014116761696,396.60241549420846,405.3576354980469,18842179,ITC,2.1522814141460733,387.48377014160155,0.0
2023-07-27,407.2030751174403,407.8468240381567,395.78695080095144,399.1774597167969,14528232,ITC,-1.5246230094214663,388.28793762207033,0.0
2023-07-28,401.45213724855495,402.95424541008026,397.7612172595792,402.09588623046875,10362522,ITC,0.7311100470809073,389.2831140136719,0.0
2023-07-31,402.5679733624371,403.16882205833537,397.847038754469,399.73541259765625,8510403,ITC,-0.5870424726154844,390.22856201171874,0.0
2023-08-01,399.9929052562195,402.4392002067626,398.10453149712134,398.962890625,6686176,ITC,-0.19325832746117655,391.0762890625,0.0
2023-08-02,398.79125281075716,398.96293553714946,393.1261036919994,394.92864990234375,10715605,ITC,-1.0111819463550553,391.76945556640624,0.0
2023-08-03,394.92861065300184,398.0616092694034,389.9501657308603,391.4523010253906,11026824,ITC,-0.880247325133976,392.32005859375,0.0
2023-08-04,391.6669148466131,396.0445114363515,389.90726895140716,390.50811767578125,7097614,ITC,-0.24120010206508669,392.7233349609375,0.0
2023-08-07,389.77853349008217,391.8814903834742,387.07470068003323,390.4652099609375,9513953,ITC,-0.010987662714700974,393.08461791992187,0.0
2023-08-08,392.26775569479224,392.26775569479224,387.160528038295,388.2763977050781,6638681,ITC,-0.5605652437200126,393.3097802734375,0.0
2023-08-09,388.2763827929899,394.75696314088793,383.5983485127932,393.68402099609375,10134166,ITC,1.392725214042767,393.4599914550781,0.0
2023-08-10,393.89862551816555,394.2419637588224,385.4009156497953,387.7613830566406,13702317,ITC,-1.5044141046079873,393.5672857666016,0.0
2023-08-11,389.6068336069002,389.6068336069002,381.75290040770386,385.1863098144531,12028396,ITC,-0.6640870789888176,393.72264770507815,0.0
2023-08-14,385.18633559327105,387.3322200165696,382.01043644013106,385.5726013183594,7854074,ITC,0.1002869245514848,393.82221740722656,0.0
2023-08-16,387.1176226200887,392.61108871575766,384.71422780276777,386.4738464355469,15494896,ITC,0.233742001922832,393.98702209472657,0.0
2023-08-17,386.25923524920324,386.25923524920324,377.67569850169144,378.5340576171875,16896158,ITC,-2.0544181428027164,393.95612060546875,0.0
2023-08-18,378.5340892680003,380.5512183960282,376.38820490169604,379.0920104980469,20068497,ITC,0.14739833038315275,393.91663635253906,0.0
2023-08-21,379.392435101255,384.97172881651846,378.83448668712066,384.3708801269531,9940689,ITC,1.3925035302039035,394.00075439453127,0.0
2023-08-22,385.400905386339,390.67978850377847,383.6842142287713,389.9072570800781,10234488,ITC,1.440373670163675,394.27199401855466,0.0
2023-08-23,391.0660623589204,391.10896263642394,385.0575751730007,386.6455383300781,8770272,ITC,-0.8365370715144538,394.50375,0.0
2023-08-24,386.7742888396267,389.26351144228437,385.6584191748243,387.03179931640625,6322751,ITC,0.09990054146140626,394.5981695556641,0.0
2023-08-25,387.03181994435965,387.11764770661836,379.435369289396,380.5512390136719,9628041,ITC,-1.674425800200563,394.57842834472655,0.0
2023-08-28,381.96751283082983,383.5554760253628,378.53410315948867,378.87744140625,7176903,ITC,-0.43983501716091666,394.4634094238281,0.0
2023-08-29,380.2078578243325,381.1091172355908,376.9890314639849,377.76153564453125,9845106,ITC,-0.2945294809785781,394.24023681640625,0.0
2023-08-30,378.5340963953967,381.1091468019567,378.1049031918186,380.0791320800781,7648569,ITC,0.6135077864909189,394.05483276367187,0.0
2023-08-31,380.25077367486637,381.88166426278127,374.3281416344115,377.418212890625,20666732,ITC,-0.7000961023275853,393.8290856933594,0.0
2023-09-01,377.6757363703921,381.967505174474,376.2165284481097,378.5769958496094,11879159,ITC,0.3070288924610587,393.72608337402346,0.0
2023-09-04,380.5511879537414,380.5511879537414,374.8002117832023,375.5298156738281,14128562,ITC,-0.8049036812030064,393.5518371582031,0.0
2023-09-05,376.73154710205716,381.5383368383768,376.388208864281,380.3366394042969,8701612,ITC,1.280011208123022,393.5235125732422,0.0
2023-09-06,381.0662486646055,384.97175177785806,379.3924577298219,384.0704650878906,13358433,ITC,0.9817160107008949,393.5535552978516,0.0
2023-09-07,385.22924329069207,385.40089880165283,381.62415111580424,382.7400207519531,8401953,ITC,-0.3464063126106365,393.5672894287109,0.0
2023-09-08,384.456699370507,384.456699370507,379.26367147143907,379.9503479003906,10322317,ITC,-0.7288688666739707,393.45226989746095,0.0
2023-09-11,382.82588123110634,384.62842747263056,379.95039274132205,383.85589599609375,9679540,ITC,1.0279101249111244,393.3767346191406,0.0
2023-09-12,385.3150974708065,389.9502046405092,382.48253651216504,387.24639892578125,14961276,ITC,0.8832749386040506,393.16901306152346,0.0
2023-09-13,388.147619169723,392.26773215076497,387.2034322790102,389.26348876953125,12268130,ITC,0.520880206851615,392.9484167480469,0.0
2023-09-14,391.3235667416479,391.3235667416479,383.81297147813405,386.2163391113281,14986708,ITC,-0.7827987330214836,392.5166650390625,0.0
2023-09-15,384.5854460868818,388.06178283660665,383.68418669430196,384.84295654296875,15657801,ITC,-0.35559929223074604,392.07804626464844,0.0
2023-09-18,384.8429610100351,389.6926506435505,382.9974875224736,388.01885986328125,8513132,ITC,0.8252465756009908,391.79736389160155,0.0
2023-09-20,387.7184701849169,390.6368587375678,385.8729965971384,388.7914123535156,10343224,ITC,0.19910178863640215,391.5759088134766,0.0
2023-09-21,388.6626827680115,389.30643178942125,381.5383528272174,384.1134033203125,11132308,ITC,-1.2032181999301894,391.13557373046876,0.0
2023-09-22,384.1133872235612,384.88591866135266,379.607035447625,380.3366394042969,7795399,ITC,-0.9832418976710833,390.6342950439453,0.0
2023-09-25,380.33663337876266,381.79581406526216,376.2594476637083,379.9074401855469,6005673,ITC,-0.11284719227214746,390.12958251953125,0.0
2023-09-26,380.76580094782963,381.538332376587,377.4182191640011,379.7786865234375,5533023,ITC,-0.03389079772865289,389.6068450927734,0.0
2023-09-27,379.7786864629706,386.08758431524456,376.6457148790023,385.5296630859375,10894817,ITC,1.5142968172188631,389.20856872558596,0.0
2023-09-28,386.21632194812275,386.21632194812275,377.3323741461521,378.3194885253906,10610213,ITC,-1.8701996891325234,388.6635137939453,0.0
2023-09-29,379.39242433925773,382.48249545401796,376.98902964917204,381.45245361328125,8474326,ITC,0.8281268036447909,388.0721075439453,0.0
2023-10-03,378.5340933176777,380.1649567483239,377.0319579229584,377.4611511230469,7770032,ITC,-1.0463433784281717,387.1725518798828,0.0
2023-10-04,377.46112359689323,379.13491438660606,371.9247303066969,374.328125,13912656,ITC,-0.8300261136080622,386.2395208740234,0.0
2023-10-05,377.6756649335546,378.1048308512958,373.4268244145176,374.28515625,10416552,ITC,-0.01147889969528304,385.63352172851563,0.0
2023-10-06,375.8302289301865,380.76577349254103,374.800214303173,379.5211486816406,8742804,ITC,1.3989313613450571,385.2876043701172,0.0
2023-10-09,378.4911471763749,380.42244847223975,375.31524823018594,378.0619812011719,5827256,ITC,-0.38447593382806566,384.7416912841797,0.0
2023-10-10,378.0619717641228,381.8387193035575,378.0619717641228,381.45245361328125,5207891,ITC,0.8968033234490358,384.3871911621094,0.0
2023-10-11,383.8558240420237,385.7871251676135,381.7957676944797,384.7571105957031,7946195,ITC,0.8663352276591096,384.04041564941406,0.0
2023-10-12,385.95884797824914,388.4051430421808,382.95460449328624,386.860107421875,12227957,ITC,0.5465777677028161,383.78290954589846,0.0
2023-10-13,386.130481619679,387.8042723805197,383.68418669430196,384.84295654296875,7926432,ITC,-0.5214160985346883,383.5005108642578,0.0
2023-10-16,384.54251235914415,387.117589674433,382.9974768514605,385.35797119140625,4377288,ITC,0.13382462630051606,383.30909729003906,0.0
2023-10-17,386.08758228347983,390.12186771668456,385.40090581968064,389.2205810546875,7203352,ITC,1.002343315058285,383.264462890625,0.0
2023-10-18,389.9072491708059,393.29775834428114,387.11761589494876,387.675537109375,7160492,ITC,-0.3969584396400161,383.2078112792969,0.0
2023-10-19,386.04467887581023,390.4652027817204,383.5554563119322,386.60260009765625,9830006,ITC,-0.2767615980412086,383.13055908203125,0.0
2023-10-20,381.96752983198763,385.4009396561479,375.40112096155644,376.216552734375,13521824,ITC,-2.686491855113682,382.88936218261716,0.0
2023-10-23,375.9590097457904,377.632800630929,371.7530959964487,374.1564636230469,7555671,ITC,-0.5475806676647266,382.4988110351562,354.7787109375
2023-10-25,375.0148212342857,375.9590081702813,366.56003908686273,371.40972900390625,11308597,ITC,-0.734113903189948,382.1717779541016,355.2611528015137
2023-10-26,368.705906299922,374.7572933458955,368.705906299922,372.8260192871094,19525305,ITC,0.38132826703314304,381.9245721435547,355.7579037475586
2023-10-27,372.82605613147643,374.9290131074379,370.9805824394003,372.31103515625,13638258,ITC,-0.1381298794124075,381.6593408203125,356.2690118408203
2023-10-30,372.9976610489118,375.22937296590027,367.67587810725513,369.4784240722656,7911426,ITC,-0.7608184599727452,381.3194323730469,356.7393197631836
2023-10-31,369.09216053859353,371.9676486039867,367.2896145631058,367.7187805175781,8952141,ITC,-0.4762506928803312,381.1031268310547,357.1942218017578
2023-11-01,369.09219766402157,370.03638462181203,365.22959487034984,367.4613342285156,8297973,ITC,-0.0700117325256322,380.8705133056641,357.63544708251953
2023-11-02,369.1350977801737,371.4097100435163,367.9334004313936,370.07928466796875,8465990,ITC,0.7124424247110239,380.58468139648437,358.10896545410156
2023-11-03,371.4955669301622,372.86891979091905,370.03635911281424,371.8818054199219,14334179,ITC,0.4870634014466191,380.22417236328124,358.59810424804687
2023-11-06,372.096390434518,374.9289509209937,371.2809588281438,373.684326171875,7589690,ITC,0.48470259251263137,379.9649481201172,359.10430892944333
2023-11-07,373.2981300796239,373.2981300796239,370.93763553590844,371.40972900390625,5321353,ITC,-0.6086948284051319,379.6525067138672,359.6036833190918
2023-11-08,371.79598534060756,375.5298327139069,371.0663814168752,375.0577392578125,7248663,ITC,0.982206433765187,379.54263671875,360.1153094482422
2023-11-09,375.78737344952606,375.959028972627,372.43979150805103,372.86895751953125,8085620,ITC,-0.5835852747932968,379.42246704101564,360.60752563476564
2023-11-10,372.86894287880256,375.9590142105664,371.23807945474016,374.71441650390625,4236307,ITC,0.49493500254129685,379.3615246582031,361.0990574645996
2023-11-13,376.3023389149238,376.3023389149238,373.3839504081949,374.2423095703125,3888975,ITC,-0.12599113159256214,379.24478820800783,361.59855331420897
2023-11-15,376.04486354266163,379.8216112907805,375.52984259383584,379.3495178222656,7722827,ITC,1.364679546205494,379.2834143066406,362.1134672546387
2023-11-16,379.349497918328,381.5383096322674,375.61565064270343,376.5169372558594,11276031,ITC,-0.746694125952041,379.2422131347656,362.6012094116211
2023-11-17,377.0319519042969,378.96325326454786,376.2165202019907,377.0319519042969,6911592,ITC,0.13678392589482335,379.272255859375,363.086570892334
2023-11-20,377.5469326241177,377.9331982957535,372.95475365152544,374.928955078125,4502356,ITC,-0.5577768185296095,379.1641021728516,363.56017822265625
2023-11-21,375.22938283673597,377.07485632698126,373.81310251348316,374.4568786621094,6228803,ITC,-0.12591089848402737,378.9718304443359,364.00354904174804
2023-11-22,375.10067305032794,378.0190615906513,373.21227199044085,377.418212890625,5074887,ITC,0.7908345118658566,378.8653942871094,364.46668243408203
2023-11-23,378.4911561994082,379.6070258467537,376.17361635210193,377.97613525390625,6611803,ITC,0.14782603070693234,378.8259100341797,364.9014254760742
2023-11-24,378.5340865730886,379.6070287486021,374.971921814831,375.787353515625,7084608,ITC,-0.5790793476447731,378.6645391845703,365.2878497314453
2023-11-28,375.95900860246815,376.817367782649,373.2981305087519,373.5985412597656,9082513,ITC,-0.582460329061707,378.39158203125,365.5922970581055
2023-11-29,374.24232415474165,376.38820854179903,372.6543610031265,375.2723388671875,14316126,ITC,0.4480203808553185,378.1117590332031,365.8966474914551
2023-11-30,374.8431796444481,376.3452878610397,372.95480570231217,374.0706481933594,15710110,ITC,-0.3202182919891161,377.86884521484376,366.1836325073242
2023-12-01,375.87318455434155,387.074699876353,375.4440185618797,386.08758544921875,20081576,ITC,3.212477994169638,377.89373779296875,366.572619934082
2023-12-04,390.55102739116836,391.752724785251,387.1176179239576,389.735595703125,13293194,ITC,0.9448659815522786,377.9280725097656,366.9703485107422
2023-12-05,390.55104366710236,392.95443855542743,386.3451026125334,387.7613830566406,12603697,ITC,-0.5065517926128082,377.9074719238281,367.36357498168945
2023-12-06,389.6068603446522,398.705419020116,388.06182464539677,397.6324768066406,21203900,ITC,2.5456618893269445,378.1778533935547,367.8181332397461
2023-12-07,398.91999377329,398.9629212542833,392.61109586480706,393.2119445800781,11746535,ITC,-1.1117130728514613,378.4353594970703,368.23881896972654
2023-12-08,394.7998770071899,396.2161846263528,384.97174185663044,385.5296630859375,19386851,ITC,-1.9537253636444651,378.5478039550781,368.57050308227537
2023-12-11,387.5467814518858,389.3493275315955,385.65840761706403,388.3622131347656,6854157,ITC,0.7347165004516709,378.7194744873047,368.908034362793
2023-12-12,389.86435294387155,394.8427980571218,388.27638983558137,388.920166015625,10549319,ITC,0.1436681690413888,378.78728454589844,369.2468864440918
2023-12-13,391.66692673487756,393.8557114943193,388.92019351204266,391.1089782714844,11718443,ITC,0.56279217359263,379.04307434082034,369.59311447143557
2023-12-14,394.8428221410115,395.7011813655176,385.7871908104874,394.92864990234375,14924265,ITC,0.9766259132532484,379.3125982666016,369.9557125854492
2023-12-15,396.4736590030865,397.3749456496042,390.5510269980168,393.2977600097656,16397959,ITC,-0.4129581110363656,379.62933044433595,370.31771179199217
2023-12-18,390.55102534416386,391.4093845073991,386.55966747679656,387.675537109375,12490839,ITC,-1.4295079891253448,379.89627868652343,370.6448838806152
2023-12-19,389.1347414653695,393.1260720931,388.0188718428308,391.4952087402344,10664235,ITC,0.9852753824344918,380.2404797363281,370.97541381835936
2023-12-20,393.98443362414525,394.19901661338577,385.6584068932969,387.11761474609375,10766954,ITC,-1.1181730699149517,380.3924090576172,371.294549407959
2023-12-21,385.40089173377436,389.47807729462164,381.49538888446534,387.5038757324219,11584223,ITC,0.09977871623885193,380.5812469482422,371.62778900146486
2023-12-22,388.834316199954,391.32356599323725,386.73135932353364,390.72271728515625,11450973,ITC,0.8306604796275652,380.7666522216797,372.00020919799806
2023-12-26,391.45228557791097,393.8985804641823,390.29348854404384,391.7956237792969,6097422,ITC,0.27459537075178453,380.90742248535156,372.36959869384765
2023-12-27,392.26771839290313,393.55524345292497,389.4780580930857,392.3535461425781,7833901,ITC,0.14240137699841338,381.0172912597656,372.75499984741214
2023-12-28,392.4394013307172,398.8770542846564,391.4952144071042,398.362060546875,21493169,ITC,1.5314031091013591,381.28767333984376,373.1309872436523
2023-12-29,398.36204296714664,401.6237695761511,396.0015485585568,396.64532470703125,13384631,ITC,-0.43094862936671197,381.51342041015624,373.48495910644533
2024-01-01,397.8470301222474,403.3834235003086,397.1174262070781,401.7525329589844,9706230,ITC,1.287600769207442,381.76405944824216,373.8466276550293
2024-01-02,403.4263381690342,404.5851080974229,397.93287207365034,403.7267761230469,10924918,ITC,0.4914077702315556,382.0850842285156,374.2387350463867
2024-01-03,403.6408968636394,412.610699407938,402.8683926924601,409.6493835449219,24961710,ITC,1.4669840526182698,382.54601989746095,374.6583569335937
2024-01-04,412.00987104917436,413.25449592440776,407.03142595569284,408.9197998046875,12240910,ITC,-0.1780995577049027,383.2000848388672,375.09258987426756
2024-01-05,411.49486773368767,411.49486773368767,405.14304267730904,406.81683349609375,9564086,ITC,-0.5142735347122285,383.8532922363281,375.53288818359374
2024-01-08,407.71809516963697,408.1472883482497,398.7482923424567,399.5637512207031,8311403,ITC,-1.7828864683546275,384.41637268066404,375.9381802368164
2024-01-09,401.2804409887197,403.3834249883553,397.9757868226536,398.748291015625,5916180,ITC,-0.2040876337222386,384.93481811523435,376.33079010009766
2024-01-10,398.74832675502415,400.6367279371857,394.8857510365176,397.6753845214844,6123200,ITC,-0.2690686125344621,385.4421051025391,376.74280044555667
2024-01-11,398.3620565020552,400.4650133189814,395.7869790243903,397.117431640625,6786448,ITC,-0.14030360001556774,385.99488525390626,377.13837951660156
2024-01-12,397.6324341610022,401.4521091194677,395.14321175715304,400.59375,9714589,ITC,0.8753880042518425,386.6523846435547,377.55910568237306
2024-01-15,403.42635918424696,403.8555523975188,400.07877725787444,401.3663024902344,7167978,ITC,0.1928518580817551,387.3304840087891,377.98033630371094
2024-01-16,401.5379709667349,407.71811362572754,398.4908271181607,405.40057373046875,12531058,ITC,1.0051345155794422,388.0369097900391,378.4095657348633
2024-01-17,404.62802038529264,409.4348098392072,399.3062372068339,400.5079345703125,11536527,ITC,-1.2068653764188086,388.6094323730469,378.822516784668
2024-01-18,399.349141029534,401.5808802693785,390.1647552149102,399.5637512207031,9495938,ITC,-0.2357464779374041,389.12702087402346,379.22445098876955
2024-01-19,402.1817139863782,406.00138895410885,400.33624051486,404.7138366699219,12673308,ITC,1.288927094483605,389.79310302734376,379.65402420043944
2024-01-23,406.64512419993554,406.64512419993554,391.7526905157267,394.2419128417969,8728196,ITC,-2.5874884620428085,390.1767864990234,380.0186454772949
2024-01-24,394.9286481749363,401.1946460030682,393.2119569371608,397.9328918457031,22459072,ITC,0.9362218687761326,390.67806518554687,380.39857345581055
2024-01-25,397.88999716827067,399.09166744976585,388.0618342792077,391.1089782714844,20435547,ITC,-1.7148402944445973,391.0059564208984,380.76369018554686
2024-01-29,391.3235683388679,392.48233828149625,384.1133837986769,386.08758544921875,18557346,ITC,-1.2838858479950477,391.24286193847655,381.0722189331055
2024-01-30,383.68420026968823,389.43514944296885,375.4440014019763,376.0019226074219,45190319,ITC,-2.6122732825149098,391.1759100341797,381.32633163452147
2024-01-31,377.6757423653789,379.82162680148224,376.5598726652632,379.0061950683594,20648695,ITC,0.7990045476640395,391.2256951904297,381.59042892456057
2024-02-01,379.3924737499081,384.32799179923006,377.0749065101442,380.16497802734375,19903526,ITC,0.3057424849679302,391.2883557128906,381.82904891967775
2024-02-02,381.9674763724285,383.85585015123644,377.2465419254087,377.76153564453125,17816750,ITC,-0.6322103617444785,391.3450073242187,382.06593536376954
2024-02-05,379.39243172632115,380.8087120811852,374.71439748515684,376.0019226074219,12505666,ITC,-0.4657999481358366,391.375908203125,382.28541900634764
2024-02-06,377.6757242063142,378.44822842023024,368.66299368578547,370.29388427734375,19487043,ITC,-1.5180875380889525,391.23342163085937,382.4572637939453
2024-02-07,373.3839706946024,373.3839706946024,369.7788783400748,370.6372375488281,13376903,ITC,0.0927245320711867,391.08664367675783,382.63775146484375
2024-02-08,373.8535172676072,373.9406548583127,356.07587448707574,361.2610168457031,50039587,ITC,-2.529756795386695,390.7961169433594,382.77030838012695
2024-02-09,357.38305346257397,369.6705586670749,356.07587910947086,362.0888977050781,33527317,ITC,0.2291641834492708,390.5659240722656,382.9004985046387
2024-02-12,363.8753311411971,364.2674916906546,353.8536253524433,354.55078125,11326971,ITC,-2.0818413662652357,390.15149291992185,382.95962814331057
2024-02-13,354.5943737512555,357.99304337034437,351.4571445057712,354.4636535644531,16207766,ITC,-0.02457410620834155,389.75935302734376,383.01643341064454
2024-02-14,353.81010311289634,359.25668585200435,352.41576356986315,358.64666748046875,12618012,ITC,1.1800967106081695,389.2105346679688,383.0821907043457
2024-02-15,359.9102525686611,361.26100948205914,351.3264405397178,351.98004150390625,21169031,ITC,-1.8588283625765367,388.4554235839844,383.1116766357422
2024-02-16,352.9386047974404,356.90370995861326,348.05845837206795,352.59002685546875,38963810,ITC,0.17330111927829073,387.75199645996094,383.1284721374512
2024-02-19,352.93863831509657,359.6923952723139,352.59006034002135,356.6423034667969,17602580,ITC,1.1492884944783732,386.93219299316405,383.1254428100586
2024-02-20,357.68804696525905,357.68804696525905,352.3286021787309,353.897216796875,14626643,ITC,-0.7697030451064957,386.1458984375,383.11330520629883
2024-02-21,354.6815166984585,357.3830304413687,349.714232381529,351.500732421875,20162369,ITC,-0.6771696021490636,385.46531982421874,383.07785232543944
2024-02-22,354.5943771137186,361.7838769804783,351.5878680265273,361.1738586425781,19321180,ITC,2.75195051630599,384.921552734375,383.1014685058594
2024-02-23,362.437422138074,362.437422138074,357.7315785908986,358.5158996582031,11576964,ITC,-0.7359223046663921,384.31346740722654,383.0943751525879
2024-02-26,358.2544765395862,359.9538113149577,354.94294457199726,356.5987243652344,8289561,ITC,-0.5347532131201205,383.6232623291016,383.06636291503906
2024-02-27,357.29588340568495,359.69237410510254,356.03226415387263,358.29803466796875,8083518,ITC,0.47653291686873267,382.8906500244141,383.07895812988284
2024-02-28,358.2980510039956,359.34381253424715,354.50724831349424,355.8144226074219,8949664,ITC,-0.6931693228092728,382.1409832763672,383.07262893676756
2024-02-29,356.42440777306143,358.21088006238347,352.50285763753504,354.07147216796875,15468800,ITC,-0.4898481704818769,381.4689019775391,383.0783624267578
2024-03-01,356.337315293301,360.04098051981117,355.11727854645085,356.86016845703125,12873024,ITC,0.7876082961407294,380.776201171875,383.09782974243166
2024-03-04,359.25666246476044,359.86668079658443,355.94513043216057,356.5115661621094,7103794,ITC,-0.09768596378495475,380.1640802001953,383.08470245361326
2024-03-05,356.99085697735416,358.5159165850442,352.02357283988704,353.9407653808594,10108373,ITC,-0.7210988436995192,379.49281799316407,383.0748815917969
2024-03-06,354.24578717721465,357.25229616277596,349.1913654734048,355.4222412109375,11534613,ITC,0.4185660356144538,378.7868084716797,383.0571473693848
2024-03-07,355.4222723288473,361.60959362614113,351.76216210472074,360.3895568847656,23907135,ITC,1.39758155170715,378.15868713378904,383.09740982055666
2024-03-11,363.22177159770035,364.5289458598365,355.55297357754284,356.77301025390625,18298683,ITC,-1.0035103852955918,377.44707641601565,383.1189598083496
2024-03-12,354.24582311819125,354.24582311819125,348.0149191296,352.4593505859375,36226074,ITC,-1.2090767922435686,376.5290222167969,383.0983738708496
2024-03-13,379.08225632312536,381.69660509257994,367.01263623455105,368.1455078125,105525827,ITC,4.450486900258266,375.95902587890623,383.13774978637696
2024-03-14,367.70974101459535,370.80338754824123,364.2674889159415,365.70538330078125,31949569,ITC,-0.6628152347200489,375.2380828857422,383.1466659545898
2024-03-15,363.57035249882944,373.4613385589126,361.87101765864895,365.2261047363281,76074975,ITC,-0.1310559227012842,374.4680694580078,383.12107498168945
2024-03-18,365.13896487478166,366.62044193009535,363.3089098568447,363.7882080078125,16547358,ITC,-0.39370042553603657,373.5508459472656,383.07801071166995
2024-03-19,364.2675229533733,365.6182798826193,356.1630089967851,356.90374755859375,21803126,ITC,-1.8924363950441503,372.5105249023438,382.9774380493164
2024-03-20,357.2958991887677,363.09105972476596,356.9037386154801,362.26318359375,20364534,ITC,1.5016474530787471,371.61945190429685,382.85788665771486
2024-03-21,365.13895628515684,367.75330475277406,362.69888298530844,367.0997314453125,19968509,ITC,1.335092294939444,370.97017150878906,382.7814019775391
2024-03-22,367.0997346711346,374.419927016119,367.0997346711346,373.5049133300781,40358503,ITC,1.74480702002906,370.4653039550781,382.7618354797363
2024-03-26,370.84700787081954,374.0278199287093,370.84700787081954,372.67706298828125,10669833,ITC,-0.2216437621706091,369.96533752441405,382.72225021362306
2024-03-27,372.11053601442916,373.7663156676005,371.63123791929917,372.98199462890625,12698464,ITC,0.08182195013020088,369.48262878417967,382.69599212646483
2024-03-28,372.98205586378,377.5571798173086,372.1105971062299,373.2870788574219,29009002,ITC,0.08179596680508716,368.9364953613281,382.6620318603516
2024-04-01,373.94061930272346,375.90139442993103,371.02124791223844,371.8491516113281,9743648,ITC,-0.38520680932622176,368.34615234375,382.6159465026856
2024-04-02,373.5920880235266,373.5920880235266,370.0191428902278,371.10845947265625,9194659,ITC,-0.19919156342356192,367.6603100585937,382.5706639099121
2024-04-03,371.23914520830874,373.679218545448,366.88187928309895,370.5419616699219,13152268,ITC,-0.15265019922729994,367.0609906005859,382.54164733886716
2024-04-04,370.84699479060345,372.4156094618312,365.9232929984776,368.40692138671875,19065447,ITC,-0.5761939278296935,366.43785400390624,382.5083932495117
2024-04-05,368.1890562257562,376.20643221522545,365.96684064487147,372.58990478515625,16768902,ITC,1.1354247587673783,365.7953753662109,382.4597886657715
2024-04-08,373.24348736865613,375.94500116709133,372.76418920624536,373.9406433105469,8844633,ITC,0.36252687151292484,365.38934997558596,382.4218003845215
2024-04-09,375.1171315326912,376.0321452699147,370.8470029815778,371.5441589355469,6967273,ITC,-0.640872934748038,364.8615753173828,382.3563792419434
2024-04-10,373.24344743864197,381.52226312429957,371.0212320403527,380.7815246582031,14547618,ITC,2.486209377943327,364.6550262451172,382.31568603515626
2024-04-12,379.0822317625633,379.73583272202484,373.2434885876637,374.8121032714844,18785009,ITC,-1.5676762133028932,364.4295166015625,382.24299987792966
2024-04-15,372.9820631978144,373.9842421696475,368.5376593514713,371.1520080566406,9083087,ITC,-0.9765146810621128,364.3325183105469,382.1552320861816
2024-04-16,368.84265473222285,372.11060442312856,368.79909974576583,371.1520080566406,10357752,ITC,0.0,364.1754345703125,382.0923565673828
2024-04-18,371.2391432432269,372.0234367437925,363.96250587237773,365.00823974609375,22133191,ITC,-1.65532401204449,363.8722998046875,381.9961871337891
2024-04-19,364.26748550568493,371.4569849814609,362.52459579138616,370.1498107910156,17221280,ITC,1.4086178022990614,363.7200653076172,381.93817184448244
2024-04-22,372.1105692692811,372.63345000847283,368.92978508955906,370.6291198730469,7386048,ITC,0.12949056518682944,363.6126092529297,381.87847579956053
2024-04-23,370.62916207726175,375.16070360332037,370.4548592713879,374.02783203125,12484384,ITC,0.9170116366914893,363.6872882080078,381.8383483886719
2024-04-24,374.07135278062805,375.42210964113116,373.243476671,373.766357421875,6070285,ITC,-0.0699077948170368,363.74987060546874,381.7786735534668
2024-04-25,375.5964204369422,381.9580166930137,373.8535029761323,381.304443359375,30337038,ITC,2.016790914381761,364.1507391357422,381.7470324707031
2024-04-26,382.78588270732047,386.31527251993987,380.30225439111325,383.4394836425781,15342965,ITC,0.5599306067332943,364.5777508544922,381.67606750488284
2024-04-29,385.182412263794,385.5745452174713,378.7336507842141,381.8708801269531,12075706,ITC,-0.40908763508745727,365.12415283203126,381.5839553833008
2024-04-30,383.3958678659688,383.87516597072283,379.1693225007147,379.64862060546875,12528665,ITC,-0.5819400318624934,365.6278521728516,381.4431788635254
2024-05-02,379.9536751869483,385.70525292282576,378.9514962957991,382.5680236816406,24123523,ITC,0.7689750252525496,366.106279296875,381.32214950561524
2024-05-03,383.4830821961626,383.4830821961626,375.9014215073461,380.3458251953125,23786388,ITC,-0.5808636239230891,366.6735949707031,381.2136137390137
2024-05-06,381.6965555614722,383.8316334777261,377.6443127327708,378.8643493652344,10753860,ITC,-0.3895075828208139,367.19908142089844,381.10861465454104
2024-05-07,380.73796727495403,388.6682055521619,379.2564902446458,383.7444763183594,26969062,ITC,1.2880934723209947,367.7411248779297,380.99668624877927
2024-05-08,384.52880137635015,387.5353104505702,381.87087026244257,384.3109436035156,10916481,ITC,0.14761574957140589,368.3493994140625,380.8912380981445
2024-05-09,383.4830771249932,384.74666881049484,368.9298019173525,370.454833984375,24314298,ITC,-3.605442376742629,368.7284814453125,380.71779693603514
2024-05-10,371.6748545706709,380.2586660910364,371.6748545706709,377.6443176269531,14524604,ITC,1.9407179993449208,369.057890625,380.5764407348633
2024-05-13,377.5571672805197,379.47438753102364,374.2892177623848,376.337158203125,7584217,ITC,-0.3461350701745136,369.41431579589846,380.4309091186523
2024-05-14,375.1606568754472,377.6007301404288,373.4613221101125,374.4635009765625,11423749,ITC,-0.49786665646001094,369.771611328125,380.27536544799807
2024-05-15,375.37853574944563,377.55716877013117,371.8927284401261,372.8077697753906,7856433,ITC,-0.442160904027733,370.06180603027343,380.0842904663086
2024-05-16,374.72493380168805,376.99070423690523,368.5376131811202,375.988525390625,23911954,ITC,0.8531891964458582,370.4652880859375,379.8520384216309
2024-05-17,376.8164487683138,381.260852290136,373.7663570890688,380.2151184082031,11894830,ITC,1.1241281933237257,370.9881610107422,379.64821563720704
2024-05-21,379.9536900005545,380.91228632724113,377.5136165803025,378.9079284667969,11175153,ITC,-0.3438027259091925,371.4291162109375,379.51982971191404
2024-05-22,381.1301403386556,385.13882840102065,379.4308054819888,383.35235595703125,11036895,ITC,1.1729571107730985,371.96593200683594,379.4525064086914
2024-05-23,384.65951888111425,387.70961053618345,380.4329731658347,384.6159362792969,27244733,ITC,0.32961329247895854,372.5794354248047,379.34879791259766
2024-05-24,384.310951047624,385.5745427258716,379.34366668390487,380.1279602050781,13252938,ITC,-1.1668721056216746,373.0735498046875,379.25355041503906
2024-05-27,382.3937278342273,382.48086541430223,375.3349486138195,376.0321044921875,12282545,ITC,-1.0774939340639222,373.38640075683594,379.1232315063477
2024-05-28,376.5550294949917,376.90360747517,373.1999146503608,373.853515625,9668761,ITC,-0.5793624643112838,373.72801086425784,378.9938220214844
2024-05-29,370.80339947365115,376.8164451895943,370.80339947365115,375.5528259277344,10832067,ITC,0.4545390725812837,374.18988037109375,378.87677169799804
2024-05-30,373.4177796163997,375.55282998521824,368.0583347743574,369.3655090332031,21314885,ITC,-1.6475223902913338,374.2142803955078,378.7489559936523
2024-05-31,371.89269646253956,374.33276965491694,369.71406362918606,371.6312561035156,29300711,ITC,0.6134159835992747,374.3327978515625,378.649850769043
2024-06-03,378.2107495176925,378.99507062030193,373.54848835957597,375.0299377441406,16116836,ITC,0.9145306227090755,374.52887451171875,378.5724598693848
2024-06-04,378.08202332328574,378.3482827063766,357.5360024211148,368.496826171875,47791986,ITC,-1.7420240132196452,374.623046875,378.46261795043944
2024-06-05,374.5319394116942,386.9571898919485,371.02626584102927,381.8983459472656,28197030,ITC,3.6368073816570368,375.12293884277346,378.4307276916504
2024-06-06,386.95714028519546,388.4658963975464,382.60830317461443,386.42462158203125,32318523,ITC,1.1852043044435323,375.6061676025391,378.3944306945801
2024-06-07,382.8746228735451,391.9716594279545,382.6083634799961,389.75286865234375,29543660,ITC,0.8612927035256179,376.05923034667967,378.4043881225586
2024-06-10,390.50722975348344,391.3947516185539,386.82404073501334,387.75592041015625,11872688,ITC,-0.5123626797391867,376.34425048828126,378.4172361755371
2024-06-11,387.844704269185,388.55471053198954,383.6289963758289,384.29461669921875,13158571,ITC,-0.892650125696659,376.5766015625,378.4108462524414
2024-06-12,382.1201976859324,385.53712730991356,381.80955237758644,383.67333984375,10751658,ITC,-0.1616668119905018,376.79042846679687,378.39684371948243
2024-06-13,387.7559399211235,387.7559399211235,381.4102131161108,381.8983459472656,9641349,ITC,-0.46263154411698704,376.96265380859376,378.4136651611328
2024-06-14,382.51958027789186,383.3183302481955,380.7889225262687,382.6527099609375,9572809,ITC,0.19753005522993305,377.17872497558596,378.4314686584473
2024-06-18,384.29460735192566,385.3596448481991,380.0345417507453,380.5226745605469,14641141,ITC,-0.5566497622891742,377.36700927734375,378.41222763061523
2024-06-19,381.63208897222137,382.29770931274305,375.4638496334078,375.9963684082031,11329972,ITC,-1.1894970930631188,377.47609741210937,378.34267318725585
2024-06-20,376.351347889539,378.5257525366393,374.08817136690516,375.6856994628906,15147549,ITC,-0.0826255175356394,377.6216729736328,378.2878739929199
2024-06-21,377.1945010103919,377.46076039319195,371.47000866410593,372.40191650390625,26176371,ITC,-0.8740771777257184,377.6179132080078,378.21472457885744
2024-06-24,372.7569026415791,376.26257601400545,372.7569026415791,375.6856994628906,9723008,ITC,0.8817846561619103,377.6528143310547,378.19039688110354
2024-06-25,375.41944009223124,376.3069619517722,372.53502920868647,375.6856994628906,10655609,ITC,0.0,377.73564514160154,378.1744381713867
2024-06-26,375.41943732662446,378.43700600124004,374.5763014110614,376.2625732421875,11511714,ITC,0.15355223265660634,377.64526611328125,378.166943359375
2024-06-27,376.2625936563807,379.19141874299106,373.7331857724581,377.7270202636719,38438054,ITC,0.38920879344057635,377.703564453125,378.15518280029295
2024-06-28,377.63823402627366,379.8570246308186,375.86321841942026,377.1057434082031,18554411,ITC,-0.16447773713277325,377.82263916015626,378.1536204528809
2024-07-01,378.34824601707334,381.85391921322434,376.88381955208246,380.7889099121094,13391362,ITC,0.9766932931380312,378.01537719726565,378.16468002319334
2024-07-02,381.6320790804071,382.20895565283456,375.02006489132174,377.63824462890625,11177863,ITC,-0.827404685690647,378.2679772949219,378.17522216796874
2024-07-03,378.1707597480842,381.32143008834834,377.63824099221983,380.123291015625,7435499,ITC,0.6580494486623678,378.4674468994141,378.1741554260254
2024-07-04,381.6320457914882,382.9633144498743,379.01386628228175,380.7889099121094,9478861,ITC,0.17510605432935478,378.6706427001953,378.15774765014646
2024-07-05,380.7445568579234,385.1821381877556,379.5020318353326,384.87152099609375,13427543,ITC,1.0721454794801355,378.8875164794922,378.1684051513672
2024-07-08,386.20276307915896,394.5454064017364,384.871494397807,393.7022705078125,21311436,ITC,2.294466862308675,379.28623474121093,378.23716476440427
2024-07-09,397.25232986369844,403.81995765649066,394.05727377595514,401.6899108886719,27489709,ITC,2.028853013866705,379.6939440917969,378.3263348388672
2024-07-10,402.6662006020045,404.1306271806451,396.2760880434586,400.6693115234375,12065662,ITC,-0.2540764250156258,380.0385406494141,378.3934494018555
2024-07-11,399.38239433526815,407.81380990765183,398.22861309156133,407.0594177246094,19556596,ITC,1.5948579083522096,380.5423114013672,378.48242904663084
2024-07-12,407.0594255817072,411.1420037598132,404.5743755491234,407.4144287109375,19693114,ITC,0.08721355430432176,381.0976275634766,378.5884194946289
2024-07-15,407.4144416236789,413.9820700425255,405.7725274869741,411.275146484375,16876907,ITC,0.9476143949179283,381.67177001953127,378.72058044433595
2024-07-16,411.31947062570373,414.24829551887325,409.5000691316833,413.1832580566406,13497253,ITC,0.4639501289043002,382.3285186767578,378.8464024353027
2024-07-18,410.9201136086524,417.9314884137471,410.60946830322706,417.3545837402344,21907158,ITC,1.0095582534522585,383.0983233642578,378.98921829223633
2024-07-19,418.02022824325525,425.47537796795797,416.6001876694199,421.1708984375,25939326,ITC,0.9144058424049639,383.84685180664064,379.17450576782227
2024-07-22,421.21530556282863,425.51975718184343,413.44953827294006,414.07080078125,18762384,ITC,-1.6857996795577757,384.4420489501953,379.34317657470706
2024-07-23,414.07078883419376,441.4506680930601,413.93765914854197,436.8355712890625,56125835,ITC,5.497796624360118,385.76966369628906,379.6278172302246
2024-07-24,440.20813578403585,453.210261927794,435.4599375014016,438.47747802734375,43693692,ITC,0.37586379090790434,386.9863269042969,379.92131118774415
2024-07-25,434.8830418921205,440.20814495659073,430.13484351054876,434.83868408203125,18567567,ITC,-0.8298702048923912,388.156357421875,380.1678562927246
2024-07-26,438.47750808548517,449.438331919922,432.57552818447857,445.7107849121094,21534703,ITC,2.500260723819858,389.58130310058596,380.5048127746582
2024-07-29,448.6395936886127,449.26085622757836,438.4775196143826,440.2525634765625,12978187,ITC,-1.2246105816405617,390.93019897460937,380.7988133239746
2024-07-30,440.47438696700766,441.80565564865844,433.6848857498221,434.7942810058594,13891052,ITC,-1.2398070842791875,392.10631408691404,381.08547897338866
2024-07-31,437.0574624554141,441.93879038664625,435.32680471107363,439.6312561035156,11982586,ITC,1.1124744066242753,393.2946368408203,381.41199462890626
2024-08-01,440.1637898116665,440.8738242304474,435.72620830215726,438.1669006347656,12114803,ITC,-0.3330872062484169,394.47981628417966,381.7314033508301
2024-08-02,430.26797086538403,443.2700690816439,430.26797086538403,434.08428955078125,22141163,ITC,-0.9317479430942743,395.4944549560547,382.0042190551758
2024-08-05,426.0522602329523,436.56933654734354,425.60848524167875,431.3329772949219,25022076,ITC,-0.633819818428949,396.42879577636717,382.27057403564453
2024-08-06,431.5548877403152,436.3918583538408,429.602356369564,431.5992736816406,14251363,ITC,0.06173800769624371,397.4582220458984,382.5213081359863
2024-08-07,434.88306494116813,439.8531651484879,433.1967929971014,437.2349853515625,11320399,ITC,1.3057741320665173,398.6822796630859,382.7836975097656
2024-08-08,438.4331345718136,441.98319394772153,437.1018376938733,439.0987548828125,21349889,ITC,0.42626267194776357,399.9871844482422,383.0448907470703
2024-08-09,441.98320282176905,441.98320282176905,437.6343652317819,440.1194152832031,9556181,ITC,0.23244438501379694,401.27851623535156,383.3212730407715
2024-08-12,436.65810276874254,443.7582217148487,436.65810276874254,438.96563720703125,9425644,ITC,-0.2621511426460166,402.67051879882814,383.5893113708496
2024-08-13,440.1637430579755,441.8500429794937,433.3298840108808,434.8830261230469,8056478,ITC,-0.9300525457893394,403.93555419921876,383.8176235961914
2024-08-14,436.61369785563306,442.87070869735584,434.7942963223527,436.8355712890625,9609981,ITC,0.4489816913348932,405.1716668701172,384.06342376708983
2024-08-16,438.87688936925474,447.48579265284656,437.23497527546624,446.1101379394531,13643352,ITC,2.123125326772768,406.72393310546875,384.3609614562988
2024-08-19,447.97390175378985,452.01209380136623,443.40319097362044,445.04510498046875,10591508,ITC,-0.23873767224921183,407.9868682861328,384.7051042175293
2024-08-20,444.6457074143468,446.77575417595006,441.71691069712347,442.69317626953125,6888634,ITC,-0.5284697403964755,409.1122393798828,385.0477877807617
2024-08-21,443.7582295645892,451.7458986802193,442.91509358922156,448.55084228515625,8801221,ITC,1.3231886845390672,410.28819885253904,385.433493347168
2024-08-22,450.72521402910553,451.3020905746001,445.0451079369473,447.7964172363281,8686423,ITC,-0.16819164690109467,411.4890087890625,385.80834533691404
2024-08-23,448.24017431856487,449.9264461841349,443.7138493421569,448.90582275390625,8195369,ITC,0.24774774314297865,412.78123291015623,386.19131927490236
2024-08-26,449.0833064910477,450.8583502184477,445.53324716421866,448.8170471191406,8126402,ITC,-0.019776004289939753,414.08410705566405,386.5880123901367
2024-08-27,450.4589492663018,450.5033352031046,443.7581917194657,444.29071044921875,8260450,ITC,-1.0085037319717327,415.33195434570314,386.9708720397949
2024-08-28,444.11321976952377,445.79951979911414,440.65193221566744,441.3619384765625,8081932,ITC,-0.6592017127017957,416.50613891601563,387.34037506103516
2024-08-29,441.9832074702022,450.5921108617591,441.4063027627872,448.2845764160156,19389694,ITC,1.568471890292078,417.861376953125,387.7314015197754
2024-08-30,445.4888768545288,451.87901762056,443.9357346345459,445.44451904296875,15523349,ITC,-0.6335389443359429,419.25033996582033,388.0992150878906
2024-09-02,447.30833402811544,455.2072315592306,446.6870714764106,452.67779541015625,16497266,ITC,1.6238332851705284,420.7901818847656,388.494182434082
2024-09-03,452.67776768740197,457.9141271779408,450.769622334864,452.10089111328125,12481552,ITC,-0.12744258780184037,422.3841613769531,388.8976382446289
2024-09-04,443.7582030567318,452.677751368125,443.71384524676586,449.3939514160156,8739052,ITC,-0.5987468174636579,423.85832641601564,389.2693193054199
2024-09-05,451.16898926523896,454.3196878148697,450.01523610168874,453.69842529296875,11318636,ITC,0.9578397447028264,425.4185809326172,389.6734666442871
2024-09-06,454.40842025952134,454.40842025952134,441.2288060631329,445.2669982910156,14245025,ITC,-1.8583769596530297,426.7986694335938,390.02622955322266
2024-09-09,445.5332646679885,454.98530397420916,444.06886619293823,454.1865539550781,14265060,ITC,2.0031926233690767,428.3278601074219,390.4259507751465
2024-09-10,454.3196763029774,457.0709575777058,451.5239809612763,455.8284606933594,11332248,ITC,0.36150491994610956,429.902314453125,390.80834548950196
2024-09-11,455.2959709577359,461.064821380934,454.364063075112,456.4941101074219,15497555,ITC,0.14603068291303423,431.4164184570312,391.20823135375974
2024-09-12,457.15972630822966,461.95231069647195,451.3464903537594,461.0647888183594,19085324,ITC,1.0012568858472015,433.0849493408203,391.6283955383301
2024-09-13,461.06478122957145,461.50852809733834,454.4084094452432,456.0503234863281,9165077,ITC,-1.0875836658189808,434.6034899902344,392.0340023803711
2024-09-16,457.8697459360179,458.84601159207153,452.36715513571806,453.60968017578125,7821668,ITC,-0.5351697356311691,436.0599053955078,392.4297663879395
2024-09-17,453.56527143027444,455.78406201482926,449.30517775626555,450.636474609375,10889862,ITC,-0.6554546113861748,437.3752044677734,392.7958576965332
2024-09-18,450.72523863670733,454.76343093157726,448.2845745094767,450.2814636230469,5638729,ITC,-0.07877990494130627,438.5067883300781,393.1573843383789
2024-09-19,452.63337290269794,456.89346666395045,450.4145822727039,451.0802307128906,14461616,ITC,0.1773928430046201,439.4945947265625,393.5338487243652
2024-09-20,454.4084053209533,459.15663177722325,450.8583460271267,456.5384521484375,24725118,ITC,1.210033396258714,440.6119775390625,393.9485482788086
2024-09-23,457.4703669208341,461.0204264871007,455.8284808966198,458.8016357421875,8105508,ITC,0.49572682938308077,441.6468218994141,394.3661947631836
2024-09-24,458.84598883876305,459.55599507559924,456.31658107204504,457.2928466796875,7015487,ITC,-0.32885433376000917,442.6443902587891,394.78230575561525
2024-09-25,457.51473537232573,460.88730730174024,454.67468220228506,459.3341369628906,8802667,ITC,0.44638578933051676,443.6055700683594,395.1485385131836
2024-09-26,459.4228959190351,464.836771186585,458.84601932926836,463.9492492675781,16086557,ITC,1.0047396727799418,444.62088989257813,395.51960678100585
2024-09-27,461.730441478933,469.0524337523458,461.730441478933,463.90484619140625,17916386,ITC,-0.00957067529303579,445.55189514160156,395.9003240966797
2024-09-30,462.0410428214885,465.3692286846989,456.2278070132723,459.86663818359375,10936940,ITC,-0.8704819621880744,446.32580993652346,396.21149490356447
2024-10-01,459.86661349160954,461.2866258822409,456.1834247094442,458.1359558105469,5285319,ITC,-0.3763444071269939,447.20711303710937,396.53611495971677
2024-10-03,451.3464911442906,457.6922177343659,450.9471020792447,455.0740661621094,16481353,ITC,-0.6683364642315226,447.57188293457034,396.88383697509767
2024-10-04,452.6333999628257,459.15667068272745,445.13389168557245,446.908935546875,18930962,ITC,-1.7942421294395938,447.7405120849609,397.1765705871582
2024-10-07,449.97085980040646,457.0266211371439,449.74898635096883,452.8109130859375,17114457,ITC,1.3206219588875134,448.0999566650391,397.49602432250975
2024-10-08,452.63339702416863,454.89657371344003,449.0833374525847,450.8139953613281,9868331,ITC,-0.44100476973937264,448.20202087402345,397.794549407959
2024-10-09,452.4558677197935,452.4558677197935,435.37116365980967,436.3918151855469,24874940,ITC,-3.199142068387173,448.12480590820314,398.001865234375
2024-10-10,439.63128105582945,439.8975404359125,434.39492158878744,436.7024841308594,13292273,ITC,0.07119036941158896,448.1629699707031,398.2188888549805
2024-10-11,437.5456162489988,438.38875219322694,432.57551620558445,433.2855224609375,14949380,ITC,-0.7824461261589644,448.0360552978516,398.44693878173825
2024-10-14,435.7705826929564,442.8707297967612,433.6849216890066,441.0513000488281,6970606,ITC,1.7923002697582069,448.0937432861328,398.69471923828127
2024-10-15,441.98318067862937,443.2257056420901,438.8768682699775,442.4713134765625,8347216,ITC,0.3219610570419196,448.26148376464846,398.9714877319336
2024-10-16,440.2081640936547,442.73760011362725,436.9687218016791,437.7231140136719,6939430,ITC,-1.0731089944754468,448.38928649902346,399.22258392333987
2024-10-17,439.3206464164686,439.3206464164686,433.1080492847109,433.90679931640625,7669729,ITC,-0.8718558776282581,448.43543701171876,399.4385043334961
2024-10-18,433.7736250834996,436.2586749322282,424.58784595834544,431.9542236328125,22616838,ITC,-0.449998867653123,448.32982177734374,399.63929733276365
2024-10-21,431.95423781408044,432.7530159179544,423.65595210991864,429.247314453125,7680088,ITC,-0.626665751042299,448.13279296875,399.8237661743164
2024-10-22,429.24732175988674,433.46302952571807,426.71788584919966,427.60540771484375,12772970,ITC,-0.3825083309777044,447.8825128173828,399.96998291015626
2024-10-23,426.8954190593147,428.9366941192119,425.56415026999287,426.31854248046875,10553961,ITC,-0.3009469036540313,447.62957092285154,400.11834899902345
2024-10-24,427.7829319671288,428.1379350949523,417.13272562053703,418.6415100097656,13596626,ITC,-1.800773765559316,447.30474060058594,400.20279388427736
2024-10-25,422.2802860102857,437.9893351421083,420.86027359030857,428.0491638183594,32154050,ITC,2.247186096852727,447.1290124511719,400.32440582275393
2024-10-28,427.73853932024565,431.24424086047924,422.45782216873073,429.6910705566406,8946214,ITC,0.38357900845660264,446.8006311035156,400.4246142578125
2024-10-29,430.4454495599473,434.1730244214629,427.1616496836426,433.0636291503906,7131161,ITC,0.7848798415524438,446.5610015869141,400.545333404541
2024-10-30,433.0636412897533,437.76748187143,431.7767303629288,436.2586975097656,6640080,ITC,0.7377826592464665,446.43231201171875,400.6925427246094
2024-10-31,436.6581074335961,437.5456293433338,430.17922280768573,433.81805419921875,8111694,ITC,-0.5594486309335345,446.13765625,400.86381423950195
2024-11-01,435.7705544719371,436.74682006469067,434.26177014569237,435.1492919921875,1517892,ITC,0.30686546585205754,445.8847137451172,401.04581924438475
2024-11-04,437.9449959595894,437.9449959595894,425.60851720016433,430.0904846191406,8754385,ITC,-1.1625452381840762,445.5084069824219,401.20789474487304
2024-11-05,428.6260890085853,430.48987661737266,423.3009855731891,426.1854248046875,7610046,ITC,-0.9079623832903838,445.0557745361328,401.35323471069336
2024-11-06,426.1854418177213,429.91301718409824,424.2329103766593,426.98419189453125,11749720,ITC,0.18742243243297096,444.70964416503904,401.48518692016603
2024-11-07,427.5610311124764,428.4041670029908,422.5465454495721,424.1440734863281,9267980,ITC,-0.6651577416956544,444.3652868652344,401.5990757751465
2024-11-08,424.14409199348466,426.62914196530926,421.21529515296464,424.2772216796875,6325023,ITC,0.031392208846625635,443.8851397705078,401.6934590148926
2024-11-11,424.2772605760544,427.3391873834848,420.77158685924735,423.3009948730469,5700343,ITC,-0.2300917317163087,443.44226928710935,401.80742431640624
2024-11-12,423.8778783496949,424.1884955450853,418.1533859891892,419.66217041015625,5236095,ITC,-0.859630500982389,442.7819567871094,401.90791641235353
2024-11-13,417.1771207432275,421.30405680700125,415.57959256886795,419.08526611328125,11548660,ITC,-0.13746873975111207,442.12164428710935,401.97977355957033
2024-11-14,418.1977517730254,419.7508939310638,410.254469103816,413.53826904296875,12087836,ITC,-1.3235962986141159,441.40453063964844,402.07625534057615
2024-11-18,413.582667962433,415.18019610837695,410.0326085412211,414.07080078125,8448573,ITC,0.12877447582146928,440.6119781494141,402.1569448852539
2024-11-19,415.35769691286504,420.4608983587322,413.80452663353714,414.7807922363281,7121472,ITC,0.1714661970219966,440.0022540283203,402.27530395507813
2024-11-21,409.14507908254996,411.8520025055283,404.17497910804383,405.7281494140625,20313155,ITC,-2.182512544386994,439.0330859375,402.37350677490235
2024-11-22,404.8849760938828,422.90155996145944,404.26371361127775,421.2596740722656,20214206,ITC,3.828061888393286,438.34171020507813,402.59979553222655
2024-11-25,425.1203780003654,427.96043122898016,419.26278403833174,423.1678466796875,14427013,ITC,0.452968258028541,437.67518493652346,402.8206037902832
2024-11-26,426.00790505967507,428.3598254865603,420.7715735570813,423.3453674316406,6791715,ITC,0.041950434879689524,436.92079650878907,403.0365057373047
2024-11-27,423.78912772455067,426.0966904116353,419.79532115623977,423.3009948730469,7339184,ITC,-0.010481408799378755,436.26580993652345,403.26420303344725
2024-11-28,423.3453549185364,429.3804644079403,417.6208626211006,421.4815673828125,14967609,ITC,-0.429818855204922,435.62324768066406,403.4916012573242
2024-11-29,419.9727756769193,425.03161943508326,419.4402569251216,423.12347412109375,8668142,ITC,0.38955600086538755,435.07298767089844,403.755749206543
2024-12-02,422.45784823353785,425.38664526883133,420.15031373251634,423.5228576660156,5689595,ITC,0.09438936134458231,434.53781555175783,404.0201773071289
2024-12-03,413.5826685185779,420.150296739833,410.69822941298054,419.3959045410156,23073942,ITC,-0.9744345671785393,433.9041290283203,404.3108517456055
2024-12-04,421.0378138404822,424.41035759923045,413.93766694127874,414.5589294433594,13957078,ITC,-1.153319583067891,433.0645385742188,404.57320190429687
2024-12-05,414.9583263692382,419.57339521958045,410.4763590816044,414.9139404296875,27432375,ITC,0.08563583151008913,432.18678466796877,404.8750177001953
2024-12-06,417.1327297650406,421.5259532874458,415.09145472778096,418.15338134765625,7842234,ITC,0.7807500790679489,431.4039953613281,405.19346633911135
2024-12-09,418.4639618565727,418.9077368278381,410.8757108172056,412.6507263183594,12154116,ITC,-1.3159417751358427,430.4703271484375,405.46348663330076
2024-12-10,413.00576919388504,413.982034779044,410.5650771030177,413.0945129394531,9163636,ITC,0.10754533865799942,429.453232421875,405.7690589904785
2024-12-11,414.64764990839933,415.5351717369577,412.42885940098836,412.9169921875,7005617,ITC,-0.042973398675749674,428.43347534179685,406.07069381713865
2024-12-12,413.13890698990156,415.2689256931872,407.5031586682021,408.7900695800781,13380617,ITC,-0.9994557466765364,427.41194396972656,406.33143264770507
2024-12-13,408.2575584671943,421.0378115655174,400.84679442097826,417.1327209472656,32976794,ITC,2.0408155647609894,426.5918792724609,406.64761016845705
2024-12-16,417.35459575232846,421.0378129462512,415.3577066901408,417.2214660644531,9354160,ITC,0.02127503135835873,425.8348272705078,406.9762138366699
2024-12-17,417.1327264699478,422.2803140258282,410.96448733951416,416.73333740234375,20608409,ITC,-0.11699509776277317,425.2313153076172,407.25401123046873
2024-12-18,419.5290388678347,420.5053045175723,414.38142310888753,417.5765075683594,12841386,ITC,0.2023284653134283,424.5266271972656,407.5493142700195
2024-12-19,416.24520549634906,420.9934321229976,412.96140545412305,414.07080078125,15161531,ITC,-0.8395364019695206,423.79176330566406,407.8366746520996
2024-12-20,414.02640741203714,414.8695714730185,407.63629494293747,412.384521484375,20231570,ITC,-0.4072441943970495,423.3116174316406,408.10710708618166
2024-12-23,418.1977397754907,423.9665895043808,415.00265554758255,420.9046630859375,19562956,ITC,2.066067264332405,422.9956610107422,408.4325582885742
2024-12-24,421.4815623327857,426.22976080207064,419.48464513072406,424.6322326660156,12009880,ITC,0.8856090005629369,422.8225952148438,408.7853620910644
2024-12-26,426.49605137888494,427.6498327224273,422.45785886844703,423.3009948730469,9188830,ITC,-0.31350370757553536,422.46758911132815,409.11756622314454
2024-12-27,425.78600188340243,427.69417528170976,422.4578160167487,424.7653503417969,16906420,ITC,0.3459371668117939,422.1134698486328,409.45883514404295
2024-12-30,426.67355353066995,427.294816060941,422.45784551297163,423.3453674316406,13578360,ITC,-0.33429819758453716,421.8259149169922,409.80585815429686
2024-12-31,424.6322177071176,430.1348363036615,421.1709021796047,429.247314453125,13787501,ITC,1.3941210830510364,421.73272521972655,410.1749835205078
2025-01-01,431.3330125070726,432.0874047386494,427.9160826223791,429.51361083984375,18931186,ITC,0.06203798550445949,421.6839129638672,410.5206037902832
2025-01-02,430.75611694752047,434.8830529409553,428.0491934724373,434.0399169921875,27131131,ITC,1.0538213546931186,421.77976501464843,410.9069383239746
2025-01-03,435.104912655584,435.7705610825458,425.8747471935482,427.42791748046875,38500784,ITC,-1.5233620809667947,421.7762152099609,411.28178115844725
2025-01-06,419.9253105618029,425.5937435344478,406.69894820698454,407.98931884765625,22009958,ITC,-4.547807440233653,421.40963073730467,411.481000213623
2025-01-07,410.61619292699265,412.551763098371,405.68510619666324,406.56072998046875,14294780,ITC,-0.3501534969646891,421.16801513671874,411.68527694702146
2025-01-08,408.31192319196157,416.65327289988676,402.8739144906199,414.3490295410156,13482926,ITC,1.915654657773036,420.8940124511719,411.9308915710449
2025-01-09,414.2108186154645,424.57991468291425,411.12312660534036,414.85601806640625,19732649,ITC,0.12235784067171629,420.59731140136716,412.18623062133787
2025-01-10,414.71772931211405,416.60719760759747,407.8510728791192,410.0631408691406,9145729,ITC,-1.155310996717518,420.1373016357422,412.4520275878906
2025-01-13,400.93834065834005,409.2336166719609,400.93834065834005,404.67120361328125,17799607,ITC,-1.3149041497441116,419.5055517578125,412.6640676879883
2025-01-14,406.468518001142,406.92936666100724,401.72178243012405,402.4130554199219,18048459,ITC,-0.5580204801321487,418.87745178222656,412.8406343078613
2025-01-15,402.4130665906223,407.2058759094838,401.2609449089771,403.1043395996094,9786805,ITC,0.1717847297389774,418.236552734375,412.988631439209
2025-01-16,403.74953568775027,405.0399345529054,397.34375562074734,398.95672607421875,15774070,ITC,-1.0289181033154682,417.61387756347654,413.12002975463867
2025-01-17,399.09496873161544,407.20589448929087,398.63412003792996,405.731201171875,11270061,ITC,1.6980475963691344,417.2047930908203,413.28377578735353
2025-01-20,404.6251056122919,406.65285087793734,401.8600137743947,403.4269104003906,8742771,ITC,-0.5679353140278343,416.7336474609375,413.43447494506836
2025-01-21,403.7034408317465,411.99871701322076,401.16877310962934,403.2886657714844,15686500,ITC,-0.03426757743281161,416.3165393066406,413.59167251586916
2025-01-22,405.45465494630946,407.34415137338146,402.36696322633964,402.78173828125,9619648,ITC,-0.12569842231113793,415.8866296386719,413.7500389099121
2025-01-23,400.9383635063573,407.2519962354426,400.10884148331786,405.731201171875,8888248,ITC,0.7322732413864941,415.5352337646484,413.92598510742187
2025-01-24,404.99380003866463,410.1553106977586,404.6712003484769,407.02154541015625,9665384,ITC,0.3180293343362228,415.28242126464846,414.1190582275391
2025-01-27,406.2841788337263,410.1553189378108,402.36696511353375,405.6390075683594,10480203,ITC,-0.33967190616498444,415.01349609375,414.28430374145506
2025-01-28,405.54686138859637,407.2059054794515,400.4775256212389,401.3531494140625,20813072,ITC,-1.0565695296388844,414.76979370117186,414.42136627197266
2025-01-29,401.81399087571464,403.2426105877509,396.42205548568967,399.4175720214844,15158510,ITC,-0.48226291369679597,414.4767291259766,414.5607333374023
2025-01-30,399.09499054178985,403.7034777304941,397.6663707644809,402.04443359375,22496695,ITC,0.6576730109721707,414.222001953125,414.66704788208006
2025-01-31,402.32089335691995,413.10476360530413,401.0305226922514,412.4595642089844,13546181,ITC,2.59054217518615,414.35663024902345,414.85528518676756
2025-02-01,412.92042997358686,434.5803185994335,405.1320757909766,426.33111572265625,30393007,ITC,3.363130041674456,414.45805908203124,415.13118072509764
2025-02-03,425.8242034381593,428.77364640147414,416.88372730958895,418.7732238769531,16991730,ITC,-1.7727750959232846,414.37016662597654,415.3692868041992
2025-02-04,422.13740225440523,424.30339673436174,413.61170144468196,419.51055908203125,18923681,ITC,0.17607028411510406,414.29347045898436,415.6417984008789
2025-02-05,419.5105361259467,420.1557355112139,411.53785980899255,413.05865478515625,12836283,ITC,-1.5379599290642365,414.08862365722655,415.8563426208496
2025-02-06,414.76383123938655,414.76383123938655,403.88781313807607,406.56072998046875,17469129,ITC,-1.5731239932661012,413.7902069091797,416.0360006713867
2025-02-07,405.5468681216365,410.616203973157,394.85517233647147,397.11334228515625,18875982,ITC,-2.3237334544746524,413.27000427246094,416.15142822265625
2025-02-10,393.5647642710035,399.37144626315796,393.103915600897,393.7491149902344,12227140,ITC,-0.8471705522566153,412.6745294189453,416.25134201049804
2025-02-11,395.2238434422364,396.836813931307,384.80867382114087,385.5460205078125,14288751,ITC,-2.0833302654217567,411.9975317382812,416.2725498962402
2025-02-12,386.80994975406657,387.4185038147077,381.61379694988227,383.76715087890625,13884574,ITC,-0.4613897003951095,411.3816961669922,416.27418823242186
2025-02-13,383.81395645691885,387.55893945511997,382.92451156606495,383.57989501953125,12989029,ITC,-0.04879413439794478,410.75501525878906,416.2827333068848
2025-02-14,385.49918673722794,389.6654917445899,382.3627577670518,384.0948181152344,14124236,ITC,0.13424141942499634,410.07384399414065,416.3049642944336
2025-02-17,383.6734960648676,385.1714949759147,380.81795796252226,382.5500183105469,11975265,ITC,-0.4021923056051313,409.4718298339844,416.3048742675781
2025-02-18,381.98828064755554,384.6565868517638,378.243297503952,379.4136047363281,12998403,ITC,-0.8198701932024655,408.7982116699219,416.3002131652832
2025-02-19,378.99226598682156,382.73724896523663,378.7114036922215,380.4902648925781,7079032,ITC,0.28376951770041625,408.1496771240234,416.30834274291993
2025-02-20,374.45150926845105,378.1496629377972,370.940587610997,376.4176025390625,15355585,ITC,-1.0703722878863786,407.5022277832031,416.27170837402343
2025-02-21,376.41761935814907,377.54112576751635,373.7493416368229,375.3409423828125,8240986,ITC,-0.2860281105313778,406.66639221191406,416.22685836791993
2025-02-24,374.49829943659796,377.6815292674185,373.3279922508586,376.27716064453125,7037625,ITC,0.2494314251398455,405.8475061035156,416.2559700012207
2025-02-25,376.3708172507043,381.05204632098673,374.96644852961964,379.03912353515625,15760891,ITC,0.7340235282667695,405.0936218261719,416.26294403076173
2025-02-27,379.0391368935452,380.5839368267905,374.0302158974239,375.996337890625,19051003,ITC,-0.8027629486244914,404.2620184326172,416.26123992919923
2025-02-28,373.5620607013944,376.8389208829856,367.1956009202271,369.81707763671875,31954776,ITC,-1.64343628679271,403.37694396972654,416.2380078125
2025-03-03,370.70650179069327,373.56203978887015,366.2593346503496,372.1108703613281,10702826,ITC,0.6202506220825743,402.57147094726565,416.23452331542967
2025-03-04,370.19155946983375,371.8768189431307,367.80414426427035,369.6766357421875,13404774,ITC,-0.6541691772607772,401.54691040039063,416.2029638671875
2025-03-05,369.34893741865807,386.4354218493058,369.34893741865807,379.226318359375,15665018,ITC,2.583252955117099,400.6387921142578,416.19801986694335
2025-03-06,383.06496126915613,383.57991359952393,375.01324171862086,379.8349304199219,17869996,ITC,0.16048782246440574,399.7694708251953,416.202654876709
2025-03-07,377.82199696260744,379.97537953583947,376.08996501773333,378.1496887207031,11180761,ITC,-0.4436773883211953,398.83715759277345,416.1766415405273
2025-03-10,375.48135271072846,380.9115952921479,374.8727986777293,379.1795349121094,9785018,ITC,0.27233823592194284,397.95384094238284,416.1494595336914
2025-03-11,375.9027032097249,382.36279376469145,375.6218408876654,380.3030700683594,11099475,ITC,0.29630690815378724,396.9749560546875,416.1503350830078
2025-03-12,380.4902527622482,386.95034247967084,378.2432687612253,386.10772705078125,13844306,ITC,1.52632398717647,396.1068383789063,416.2007131958008
2025-03-13,386.66953531662665,387.98027378974945,382.17556667393245,385.78009033203125,8196569,ITC,-0.08485629677825735,395.14164184570313,416.2603460693359
2025-03-17,386.669496920414,389.71229562499354,381.0520223888826,381.94146728515625,5257805,ITC,-0.9950288112512973,394.2319128417969,416.29228927612303
2025-03-18,383.8607734546159,385.6864641717792,381.7542204295601,383.0181579589844,13861897,ITC,0.28189939193594693,393.73248962402346,416.360552520752
2025-03-19,383.8607709374216,384.56295527450226,376.9325578592833,377.3538513183594,12830387,ITC,-1.4788611252293582,393.1483520507812,416.3891654968262
2025-03-20,379.17954934766647,380.72434920469203,376.27718165061447,378.1965026855469,16994037,ITC,0.22330535762216108,392.42530151367185,416.4049983215332
2025-03-21,380.06900971850354,381.5201793399715,376.08996490330134,379.6944885253906,25302035,ITC,0.39608664522454706,391.7220709228516,416.46098663330076
2025-03-24,381.05201646627233,386.5290597637776,379.74127814367813,384.703369140625,14362572,ITC,1.3191870745048906,391.2148754882812,416.4750117492676
2025-03-25,385.73324448631945,388.77604313821394,382.6436449762537,383.6734924316406,20338110,ITC,-0.2677067038131198,390.79492126464845,416.4612561035156
2025-03-26,384.14163817608556,384.9842822489654,380.34985413594273,381.3797302246094,13891436,ITC,-0.5978422414574136,390.3742547607422,416.419390411377
2025-03-27,381.98825745938433,384.51613235664644,379.78807428168614,383.3458251953125,18642328,ITC,0.515521621861037,389.97908447265627,416.39733993530274
2025-03-28,384.70338591875066,389.10375252075136,382.12871001952664,383.626708984375,12981873,ITC,0.07327164419212995,389.6724841308594,416.39400039672853
2025-04-01,383.6735031628839,387.9802393973372,379.74128809208565,380.7243347167969,15206240,ITC,-0.7565620952884045,389.17234680175784,416.37925537109373
2025-04-02,381.0988523406854,383.86078895831395,380.1626065139579,382.9713439941406,8001323,ITC,0.5901932375862451,388.7632354736328,416.38462036132813
2025-04-03,381.09882796400086,384.0480249871138,380.77116480316903,383.29901123046875,7059566,ITC,0.08555920474644374,388.3634423828125,416.3878518676758
2025-04-04,381.52014294173955,386.4822339855749,378.7114056930887,383.57989501953125,18627592,ITC,0.07328059317470714,387.97940551757813,416.4031379699707
2025-04-07,365.27629507252,382.0819186994949,365.27629507252,380.16259765625,26762866,ITC,-0.8908958492486296,387.4680334472656,416.4239691162109
2025-04-08,385.6396149281719,389.29096760296807,381.28607794776286,386.2481689453125,18600796,ITC,1.600781172735255,387.05256591796876,416.47678146362307
2025-04-09,386.66952496818857,392.3338007695701,385.0310947776454,389.7591247558594,21785572,ITC,0.9089896322703295,386.73496826171873,416.5635675048828
2025-04-11,393.2232383889498,395.51705204166717,390.4145009718859,394.6744079589844,8939356,ITC,1.2611079230547606,386.6013934326172,416.6585110473633
2025-04-15,401.8366972313636,401.8366972313636,392.2869789172459,393.59771728515625,11685880,ITC,-0.27280478594903235,386.4849963378906,416.7480711364746
2025-04-16,391.35075980822495,398.8875273661801,391.35075980822495,397.3895568847656,13034594,ITC,0.9633794692112563,386.39189880371094,416.8537060546875
2025-04-17,397.9044638020452,400.5727700384027,394.6744043729881,400.0110168457031,22410217,ITC,0.6596700682040435,386.14292785644534,416.96512603759766
2025-04-21,400.76000152305585,401.7430767519647,394.6276029884348,395.89154052734375,27388236,ITC,-1.029840715599184,385.53413635253906,417.05905502319337
2025-04-22,398.79387226130666,407.0796239509172,396.5468596960377,405.9561462402344,32031936,ITC,2.542263393525457,385.27779479980467,417.184891204834
2025-04-23,408.39042088422286,409.5607281098517,401.5090086831345,403.3815002441406,19566317,ITC,-0.6342177646376013,384.95521362304686,417.31360748291013
2025-04-24,404.31776695955654,408.2499822981009,401.9303229524835,402.63250732421875,26064089,ITC,-0.18567854982654008,384.74669067382814,417.4261535644531
2025-04-25,402.63249298157206,405.11356719755287,396.3128338610747,400.52593994140625,22944377,ITC,-0.5231985357596058,384.62599487304686,417.5248387145996
2025-04-28,399.4492659595311,403.05381801388353,397.6704046490059,401.4621887207031,6287095,ITC,0.23375484230405696,384.7129718017578,417.6077920532227
2025-04-29,401.5558052623093,402.21118873045583,397.90445247166593,398.8406982421875,11189930,ITC,-0.6529856490020247,384.8148034667969,417.6334841918945
2025-04-30,400.1514719800394,401.93033338689156,395.0957500866863,398.6534729003906,10026546,ITC,-0.04694238642697357,385.07695251464844,417.6183020019531
2025-05-02,397.06183232395665,403.990045229964,397.06183232395665,402.1175537109375,9263372,ITC,0.8689453487872756,385.44396057128904,417.62554321289065
2025-05-05,402.8197624517931,410.5437904360518,401.9771469315377,409.0926208496094,11525305,ITC,1.734584097188141,385.95421508789065,417.6357092285156
2025-05-06,409.60755115118997,411.6204739738847,405.3944449107777,407.7818603515625,15026568,ITC,-0.3204067810670064,386.4279559326172,417.6375463867187
2025-05-07,405.76890647461266,407.2669054042834,402.30481430744925,403.662353515625,9710361,ITC,-1.010223169904112,386.85020263671873,417.599482421875
2025-05-08,401.6494314878609,403.9900458904708,396.54688066139005,403.1474304199219,19937960,ITC,-0.12756282353766357,387.32487915039064,417.5493032836914
2025-05-09,398.7938876519881,401.7898569013842,396.0319512675585,396.546875,8226512,ITC,-1.6372559817748766,387.64601135253906,417.44526473999025
2025-05-12,402.11754148288384,408.3903993096515,400.8536040315856,407.7350158691406,8031891,ITC,2.8213917633673535,388.2723596191406,417.3780853271484
2025-05-13,407.1732884018215,410.02885520481095,398.23215253511023,400.61956787109375,14976369,ITC,-1.745115754377724,388.77793212890623,417.31082916259766
2025-05-14,399.8705809376595,404.3177484214116,398.74707456561424,401.7430725097656,9557309,ITC,0.28044177787975855,389.2872503662109,417.1353666687012
2025-05-15,401.7430504961949,407.64138719634747,398.84068300407523,405.06671142578125,24263510,ITC,0.827304599243539,389.80780212402345,416.9683128356934
2025-05-16,407.17328847071144,408.3904251412249,404.5518116867584,407.92230224609375,16402035,ITC,0.7049680311327577,390.4463214111328,416.8337309265137
2025-05-19,407.266912756039,410.54377297361634,405.0667294669892,407.5946044921875,7543854,ITC,-0.08033337527806328,391.2018719482422,416.64315002441407
2025-05-20,409.1394313008186,412.69715405726095,405.30081764973795,407.1733093261719,9868414,ITC,-0.10336132062899184,391.9031207275391,416.4777537536621
2025-05-21,408.7649303606408,410.2629293856914,404.4581938781033,405.3944396972656,5776672,ITC,-0.43688267088284327,392.61747680664064,416.3307545471191
2025-05-22,405.3944162358384,405.3944162358384,395.9383282951614,398.934326171875,19451749,ITC,-1.5935377727959943,393.01163696289063,416.12726989746096
2025-05-23,406.3306853522196,411.01191444613914,401.6494562583,408.4840393066406,18536884,ITC,2.393805824232653,393.584619140625,415.97885559082033
2025-05-26,410.30973168302756,415.2718231131618,408.90536294937203,414.66326904296875,13107662,ITC,1.5127224424280383,394.3148907470703,415.8817504882812
2025-05-27,414.6632418792466,415.88037851185567,403.38149188670627,406.2370300292969,26986022,ITC,-2.0320678590894703,394.85604064941407,415.75627075195314
2025-05-28,398.2753781298962,402.9475037342144,393.79393430833676,400.65911865234375,431851622,ITC,-1.3730681756290997,395.26316162109373,415.6015699768066
2025-05-29,402.37538231693094,403.1381676108757,397.22650883681956,399.2765197753906,21478547,ITC,-0.34508109577129353,395.52653747558594,415.4117776489258
2025-05-30,399.61025828083166,400.5160622005545,397.03580693342064,398.60906982421875,30656239,ITC,-0.16716483893101097,395.7831170654297,415.20932922363284
2025-06-02,398.8474376645607,400.8974777159352,395.2718270145734,399.8009338378906,14973380,ITC,0.29900574369707833,396.1403063964844,415.00773681640624
2025-06-03,399.5149278857097,402.0893793944988,396.32070963544066,397.5602722167969,13216486,ITC,-0.5604443190226016,396.43114868164065,414.80070999145505
2025-06-04,397.7509287646849,399.5149025311001,396.60675079881145,397.60791015625,12598933,ITC,0.011982570388013869,396.83622985839844,414.6143344116211
2025-06-05,399.0381564747108,401.37423378518696,396.4160419459044,399.6102600097656,13212523,ITC,0.5035990991046235,397.26450500488284,414.4282078552246
2025-06-06,400.7544518057209,401.7079480309055,399.5149183523392,401.4695739746094,8774988,ITC,0.4652818385589841,397.7000067138672,414.2050050354004
2025-06-09,402.375397024289,403.9009967663349,400.94515272206996,403.3765563964844,10473123,ITC,0.47500048459354627,398.0734704589844,413.9966622924805
2025-06-10,404.75914276623337,408.62079079284285,403.3765616168375,407.14288330078125,13041075,ITC,0.9336999993115436,398.5428582763672,413.8189108276367
2025-06-11,408.0963712404173,408.1917266795449,405.09286404746234,406.3323974609375,20789182,ITC,-0.1990666847159428,399.04191162109373,413.6078186035156
2025-06-12,407.1428518408551,407.3335627082408,400.0392939574362,401.421875,18508835,ITC,-1.2084988771808636,399.4034326171875,413.37594589233396
2025-06-13,395.70092072544685,399.8486349912841,394.27067643366814,394.6520690917969,17873926,ITC,-1.6864566506753387,399.62393981933593,413.10467712402345
2025-06-16,395.65327347360335,399.4195661344484,394.0323182383462,398.75213623046875,7006629,ITC,1.038906788986882,399.9844958496094,412.8543525695801
2025-06-17,398.65677784510535,399.5625818006199,396.3683927227586,397.98931884765625,9028406,ITC,-0.19130114010764698,400.2848553466797,412.62284561157225
2025-06-18,397.6079031209599,398.99048420762057,395.60555534311806,396.5590515136719,8036215,ITC,-0.35937329627980796,400.55005615234376,412.3988311767578
2025-06-19,396.3206894558478,398.799785393935,395.51021186668925,396.6544189453125,12601006,ITC,0.02404873404771024,400.81154663085937,412.1406803894043
2025-06-20,396.6544118043789,399.9916484421562,396.6544118043789,399.0858154296875,13203184,ITC,0.6129760235219273,401.1900109863281,411.90888687133787
2025-06-23,397.60791311448514,398.08466121174473,392.6020580932596,394.6520690917969,14839890,ITC,-1.1109756765263379,401.3580889892578,411.6187582397461
2025-06-24,397.51258055441934,401.0881914896625,394.50907318849437,395.0811767578125,16690068,ITC,0.10873062619514151,401.4645300292969,411.33365966796873
2025-06-25,397.0357918303469,398.7044100961672,395.7962584722378,396.9881286621094,9946718,ITC,0.4826734394045351,401.51080444335935,411.0716305541992
2025-06-26,397.7986102268212,401.32652856542074,396.89277723401676,400.7544250488281,13703918,ITC,0.9487176353135673,401.6539385986328,410.80691055297854
2025-06-27,401.4219047765532,402.37540098742386,398.370705262409,399.1811828613281,21409935,ITC,-0.39257013501680094,401.68977111816406,410.57648147583006
2025-06-30,400.27768502039476,401.1835180314217,396.46370029757674,397.08349609375,12317124,ITC,-0.5254974076037144,401.631220703125,410.29096618652346
2025-07-01,397.60790154563335,399.3718752738479,395.6055537757248,395.7962646484375,13670465,ITC,-0.32417147979592054,401.6293151855469,409.99080520629883
2025-07-02,397.512538667108,397.512538667108,392.5543761517345,393.7462463378906,15990899,ITC,-0.5179478670340076,401.3851171875,409.6770658874512
2025-07-03,394.7474217316605,396.65441410717574,392.125307215327,394.1276550292969,14185298,ITC,0.09686662284493774,401.2000402832031,409.34238021850587
2025-07-04,395.60555949045533,395.70091492818915,392.60205234140216,393.3648376464844,8256733,ITC,-0.193545764444214,401.01468688964843,409.02895278930663
2025-07-07,393.7939474948049,397.7986433459749,392.8404512538974,396.7974548339844,6845218,ITC,0.8726293910857663,400.9401171875,408.74489166259764
2025-07-08,396.7974565033287,398.656785820279,395.3672121359503,397.79864501953125,6807192,ITC,0.2523176934100535,400.8668463134766,408.48070251464844
2025-07-09,396.84513753591426,400.7544487506528,396.13001537247743,399.9440002441406,9930533,ITC,0.5393068205408413,400.88891235351565,408.2290151977539
2025-07-10,400.75444928229246,400.75444928229246,397.0358198471668,397.46490478515625,6220360,ITC,-0.619860644858039,400.8651409912109,407.96093856811524
2025-07-11,397.6079166905238,398.6090760644153,396.1776723858816,397.4172058105469,8578844,ITC,-0.01200080158905159,400.7711340332031,407.66533233642576
2025-07-14,397.6555793753181,400.42074163962934,397.1788312743534,399.89630126953125,6896989,ITC,0.6238017435425736,400.58720764160154,407.3708056640625
2025-07-15,401.3265570457718,402.75680138955454,399.5149200299927,402.47076416015625,8532755,ITC,0.6437826212575493,400.4809857177734,407.09669525146484
2025-07-16,402.47075168839604,405.66496977687433,400.7544410700043,404.8544921875,9780773,ITC,0.5922735859629213,400.50482849121096,406.8242970275879
2025-07-17,405.99865531946784,406.0940107556235,403.3288776974709,404.2347106933594,7240795,ITC,-0.1530874687327377,400.52657409667967,406.5257243347168
2025-07-18,405.4265924462953,405.4265924462953,400.56375604779373,403.09051513671875,6730256,ITC,-0.28305227789025,400.6574468994141,406.22165267944337
2025-07-21,402.3753881438521,403.09051027917883,398.9427960746048,400.5637512207031,4822343,ITC,-0.6268477726791954,400.51402160644534,405.9251382446289
2025-07-22,400.5637591824813,400.8497964029397,395.8916336251602,396.6544189453125,9869507,ITC,-0.9759575756610683,400.43471862792967,405.61773056030273
2025-07-23,397.7032702848046,398.46605560438246,394.74742624924966,395.65325927734375,12196187,ITC,-0.2524009868920096,400.31292236328125,405.3206265258789
2025-07-24,396.5113943772586,396.5113943772586,390.4090246125477,390.8857727050781,9005157,ITC,-1.2049658281530151,400.0293035888672,405.0405107116699
2025-07-25,390.93343164953177,391.1718056932205,388.7880652563331,390.361328125,5824089,ITC,-0.13416824471476074,399.67808410644534,404.72826278686523
2025-07-28,391.69624504720383,391.7439373183991,389.59857077130863,390.8381042480469,8123337,ITC,0.12213713006279381,399.3429541015625,404.42838333129885
2025-07-29,390.9334433644723,392.2683322294525,389.02645095781634,389.4555358886719,6811772,ITC,-0.35374451578487065,398.9885986328125,404.19370193481444
2025-07-30,389.979938885481,390.26597610105154,386.8810762904252,388.6450500488281,10915863,ITC,-0.20810741282554224,398.65361083984374,403.9534147644043
2025-07-31,387.07180823457605,394.7474412869076,386.6903864618624,392.79278564453125,19364174,ITC,1.0672297499175754,398.53078002929686,403.75095108032224
2025-08-01,393.22181910286025,399.8486291981142,392.6497155747587,397.08349609375,14324065,ITC,1.0923597902079862,398.3027691650391,403.5311120605469
2025-08-04,400.6591229390907,402.85215260384814,395.79628640159,397.46490478515625,18352458,ITC,0.09605251670197212,397.9588018798828,403.30608001708987
2025-08-05,397.798622737676,398.5137448813091,393.7939270939727,394.89044189453125,8495104,ITC,-0.6477208074550878,397.7318701171875,403.09191665649416
2025-08-06,394.8904345378628,395.700912105227,391.4101793233631,392.8404235839844,9080543,ITC,-0.5191359660952188,397.5754962158203,402.886584777832
2025-08-07,392.84042811675334,395.4625426248142,392.5066986324122,394.36602783203125,11514878,ITC,0.3883521543247559,397.47728637695315,402.69864379882813
2025-08-08,394.6520785787631,396.03465973340934,393.74627463123227,395.22418212890625,9814361,ITC,0.217603504437891,397.4095886230469,402.52852813720705
2025-08-11,395.22418285040254,397.6079233983543,394.74743474081214,397.46490478515625,8514272,ITC,0.566949786366866,397.3628680419922,402.3778256225586
2025-08-12,397.60789534116395,400.277672927119,395.9869402435813,396.9881286621094,13635738,ITC,-0.11995426949823473,397.35142517089844,402.2311735534668
2025-08-13,397.79861741128474,398.08465462555023,394.3660253481281,394.8427734375,10874910,ITC,-0.5404079038432319,397.29612243652343,402.1121798706055
2025-08-14,394.98578714952254,395.7485724437067,391.8869246070097,392.3160095214844,9580361,ITC,-0.6399417910115557,397.1502374267578,401.9335140991211
2025-08-18,393.79392311853456,394.4613820852118,386.02293505585004,387.4054870605469,30950814,ITC,-1.2516752673251808,396.86895568847655,401.72208618164063
2025-08-19,387.45317241186046,390.36132407533586,385.68919868718467,390.0752868652344,16681331,ITC,0.689148681125995,396.6029302978516,401.5071444702148
2025-08-20,390.07529508093324,391.17180987394187,386.5950398255606,387.1671142578125,18188129,ITC,-0.7455413622310836,396.2034149169922,401.2616865539551
2025-08-21,387.16711674788274,387.9299311597819,384.59269449100873,386.69036865234375,15028966,ITC,-0.12313690597990368,395.8105743408203,401.0260481262207
2025-08-22,387.1194281666145,387.5961762308591,379.01471107445633,379.7774963378906,13087624,ITC,-1.787702222464238,395.3776867675781,400.7491891479492
2025-08-25,380.44498754804886,381.92289503325094,377.82287297221643,380.7787170410156,10440286,ITC,0.2636334992935474,395.1002197265625,400.5026303100586
2025-08-26,380.7310351895941,386.5473680457286,379.87289439733723,384.59271240234375,13715752,ITC,1.0016303933597426,394.81703125,400.2946667480469
2025-08-28,385.6892144680879,385.6892144680879,381.39848155064317,382.2566223144531,12471719,ITC,-0.6074192288507807,394.50237731933595,400.0710289001465
2025-08-29,383.3054728016321,391.3625273394323,383.21011736185324,390.695068359375,25255050,ITC,2.2075342982495805,394.38509765625,399.9037838745117
2025-09-01,390.69506980769,391.12415473908817,386.1659628361549,386.9764404296875,12268090,ITC,-0.9517980212299437,394.1915380859375,399.7172799682617
2025-09-02,387.6438838396435,388.88344640782555,385.6415650189729,387.8345947265625,19808255,ITC,0.2217587964585377,393.966513671875,399.5399479675293
2025-09-03,389.50318820677745,394.03229504639114,388.3589811553069,392.60205078125,12936588,ITC,1.22924981925574,393.9255133056641,399.40464736938475
2025-09-04,404.2347131456668,407.1428648264985,395.7009107798522,396.5590515136719,27274123,ITC,1.0078909991803942,393.95507080078124,399.2920162963867
2025-09-05,397.5125541844266,397.60790962272006,385.59385185760647,388.40667724609375,16000675,ITC,-2.055778133536579,393.78344177246095,399.16635833740236
2025-09-08,388.5020552463618,391.4578703163545,387.88225941065747,388.5973815917969,7419022,ITC,0.049099141923947265,393.5403009033203,399.03899124145505
2025-09-09,389.5032021316832,391.8392794876205,388.4543504800707,390.9811096191406,8825896,ITC,0.6134184480552474,393.37629943847656,398.9199928283691
2025-09-10,391.8869277335158,394.46137904411546,389.9322722150785,393.8415832519531,9252397,ITC,0.7316142806998771,393.31146118164065,398.8605599975586
2025-09-11,393.8416037431192,397.32188823995943,393.26952928734954,395.74859619140625,8274406,ITC,0.48420812340508324,393.3105078125,398.7330046081543
2025-09-12,396.03463286721455,397.65555886786507,393.6508924853225,394.509033203125,7803379,ITC,-0.31321980676887184,393.32576354980466,398.5897105407715
2025-09-15,393.84159774229215,395.03346800431143,392.60206430915014,393.460205078125,5707331,ITC,-0.26585655504115513,393.3124145507812,398.4402847290039
2025-09-16,393.98463766531836,395.0811524650244,392.84043059703714,393.8892822265625,8239087,ITC,0.10905223524506624,393.3229034423828,398.2932261657715
2025-09-17,394.6997410484167,395.31950772328065,389.0740905115468,390.2659606933594,14113882,ITC,-0.9198832506234655,393.1922735595703,398.1371481323242
2025-09-18,392.22066465605855,393.84159072448466,391.02879441527705,392.4113464355469,15647808,ITC,0.5497240236826961,393.08452758789065,397.9835874938965
2025-09-19,392.411332862674,393.4125212893377,389.932266126311,391.5531921386719,19505321,ITC,-0.21868743212193342,392.9167114257813,397.82373916625977
2025-09-22,391.5532176336283,391.8869471309128,387.16712919399254,388.0252990722656,8930779,ITC,-0.9009996948656784,392.72791931152346,397.666886138916
2025-09-23,388.16830584530703,389.1218020379517,383.4008248820839,384.4496765136719,14936357,ITC,-0.9214921210402349,392.46856872558595,397.5163398742676
2025-09-24,384.4496624147626,385.83221438435834,382.0659220205699,382.3519592285156,12380865,ITC,-0.5456415789393043,392.1176818847656,397.35352996826174
2025-09-25,382.7810611389299,384.2589686096089,379.4914876094897,381.49383544921875,22006368,ITC,-0.22443294942919856,391.69814331054687,397.17023223876953
2025-09-26,381.49381081167934,387.02407677530545,381.20774451111,386.26129150390625,14414044,ITC,1.249681020159521,391.326279296875,397.0382850646973
2025-09-29,387.97758033993085,389.02643193197514,384.44966201919163,388.3113098144531,19717660,ITC,0.5307335618759845,391.0078112792969,396.91436904907226
2025-09-30,387.8345649867495,387.8345649867495,381.7798585213034,382.8763732910156,9465490,ITC,-1.3996338468829195,390.6035284423828,396.7641659545898
2025-10-01,383.6392049522153,387.1194602903188,381.16010899274613,386.7380676269531,17643039,ITC,1.0086008449004868,390.3270147705078,396.6539059448242
2025-10-03,386.0706081822361,386.6427117258004,383.5915122257209,385.4985046386719,16987141,ITC,-0.3205174488995266,390.103896484375,396.49573486328126
2025-10-06,384.25895278749806,385.1170935125061,381.20775343369894,382.11358642578125,13989077,ITC,-0.8780626052138141,389.8331030273437,396.32019546508786
2025-10-07,383.78224573811093,383.8776011840606,380.92175695000077,381.2077941894531,12298968,ITC,-0.23704790107065277,389.63954345703127,396.14256774902344
2025-10-08,381.3984692581301,383.0670875611344,379.4914769118394,381.16009521484375,8402463,ITC,-0.012512591645930105,389.4555187988281,395.96048568725587
2025-10-09,380.4449598795719,382.73334479601107,380.3972967119267,381.3031005859375,15656267,ITC,0.03751845297790268,389.26481872558594,395.7966471862793
2025-10-10,381.82757497204756,385.0694563176354,380.92174191886477,384.0682678222656,15085738,ITC,0.7251887624514453,389.1570733642578,395.6550659179687
2025-10-13,381.3984717438948,382.3043047536442,380.0158906444655,380.683349609375,9508594,ITC,-0.8813324339664197,388.9978393554687,395.45395935058593
2025-10-14,381.3984588314936,382.2089363761892,377.77518511195166,378.3472595214844,10291102,ITC,-0.6136570171213718,388.7089288330078,395.2225344848633
2025-10-15,379.4914637395229,382.2089335583413,378.7763416344861,381.3031005859375,16043867,ITC,0.7812508192054812,388.39332092285156,395.0125450134277
2025-10-16,382.3519869568705,387.11946809099607,380.96940578861586,386.3089904785156,22962049,ITC,1.3128374473970306,388.1702026367187,394.8202632141113
2025-10-17,386.49966683131913,394.60438403521437,386.40431139747704,392.9834289550781,21071344,ITC,1.7277460895473773,388.1320623779297,394.6684535217285
2025-10-20,393.3648351646861,395.5578938251509,392.17296494651845,393.8415832519531,13083621,ITC,0.21836907962169416,388.15208557128904,394.49142486572265
2025-10-21,394.27067613010945,394.6997610566706,393.1741613269356,393.6509094238281,1142130,ITC,-0.04841383851613701,388.137783203125,394.3121113586426
2025-10-23,396.65441365825745,400.89748332833454,394.3183363615374,396.60675048828125,24305990,ITC,0.7508787592487742,388.1654345703125,394.12494552612304
2025-10-24,396.6067573166322,398.5137497228218,394.22301680889524,397.4172058105469,14935678,ITC,0.20434733429721685,388.1644805908203,393.97489196777343
2025-10-27,397.60791001997336,403.0428499257912,397.22651736481293,401.0881652832031,11603679,ITC,0.923704212848353,388.24648132324216,393.94038619995115
2025-10-28,400.9451604443985,402.04167527754,396.559072013437,398.466064453125,17163147,ITC,-0.6537467462363722,388.3189471435547,393.8999128723145
2025-10-29,398.7521371748908,402.56612211545064,396.7020969906232,401.9940185546875,11470661,ITC,0.8853838297131933,388.51250732421875,393.8381378173828
2025-10-30,401.9939896699586,402.08934510630013,396.7974239224796,399.2765197753906,12938674,ITC,-0.6760047796400714,388.74992797851564,393.7602403259277
2025-10-31,400.94517315884843,406.5707952146441,398.7521434230218,400.8021545410156,18599864,ITC,0.38209979552097373,388.96446533203124,393.7139353942871
2025-11-03,400.42074533071906,402.041671429904,394.07997225072296,394.69976806640625,7635440,ITC,-1.522543331035131,389.1151184082031,393.66407821655275
2025-11-04,394.7474188614159,395.22416695182824,389.36017125943533,389.88458251953125,10085404,ITC,-1.219961585096463,389.1790026855469,393.60143585205077
2025-11-06,390.933423001342,394.07994866906864,387.6438496318514,388.5496826171875,10095563,ITC,-0.34238335194413105,389.3544464111328,393.52866256713867
2025-11-07,387.1671242550703,390.0753051532848,384.3543278958865,385.2601318359375,8411611,ITC,-0.8466229489861643,389.44407470703123,393.46017959594724
2025-11-10,385.26012436572665,388.1683052075514,384.8787317089743,386.69036865234375,6650003,ITC,0.3712392480349713,389.48602783203125,393.3649754333496
2025-11-11,387.11945405752516,389.07410961230016,385.7845652080402,387.929931640625,12005318,ITC,0.32055698532167387,389.5994940185547,393.2874905395508
2025-11-12,389.0264331714527,389.1217886071048,386.6903559407471,388.07293701171875,7987236,ITC,0.036863711570012114,389.54705139160154,393.21141189575195
2025-11-13,388.07296852755434,388.54971664613856,385.68922793463327,386.83343505859375,6617185,ITC,-0.3193992249677424,389.5441912841797,393.13167037963865
2025-11-14,385.87991971501265,389.74156764498133,381.49383142153096,389.1694641113281,64020258,ITC,0.6038849905465327,389.570888671875,393.0488616943359
2025-11-17,390.69506352506284,392.8404299507648,387.1194528155595,388.1683044433594,7855399,ITC,-0.25725545303378894,389.4822137451172,392.95459548950197
2025-11-18,389.26482550088946,390.74273297855876,385.73687790475674,386.9764404296875,7661681,ITC,-0.30704825716798556,389.2905615234375,392.8612826538086
2025-11-19,386.0229487699935,386.6903786619881,384.06826406864894,384.78338623046875,7882450,ITC,-0.5667151718031338,389.218095703125,392.77843383789065
2025-11-20,384.78336574606783,388.07293915467255,384.49732853592553,386.59503173828125,6693410,ITC,0.4708221749281538,389.1780487060547,392.7143211364746
2025-11-21,386.1659529187517,389.5031895489138,385.8799157040955,388.8834228515625,5808131,ITC,0.5919349514120098,389.13609497070314,392.64851608276365
2025-11-24,389.40784869658233,389.78924136320717,384.1159563384741,384.78338623046875,11037491,ITC,-1.0543099500177844,388.9549310302734,392.5101351928711
2025-11-25,384.78336936119564,385.6892023658129,381.49382502007865,382.1612548828125,8199785,ITC,-0.6814564873353746,388.68318420410156,392.2892858886719
2025-11-26,382.3519887554517,385.16481427717554,382.3043255832445,383.5915222167969,11443953,ITC,0.3742575459207531,388.464833984375,392.1133773803711
2025-11-27,384.7357193128495,387.07179665807234,383.40083044346284,385.4985046386719,8679529,ITC,0.4971388342616123,388.30559997558595,391.9433171081543
2025-11-28,385.4984993519528,386.1659583266901,383.782217843192,385.4508361816406,6883500,ITC,-0.012365406469194706,388.1368310546875,391.8052780151367
2025-12-01,384.0682550618539,386.6427064233897,379.6821958509331,385.4508361816406,13442658,ITC,0.0,388.0405285644531,391.6997285461426
2025-12-02,385.45084717768543,386.64271745343586,381.8752363504342,382.3043212890625,8093808,ITC,-0.8163206814514101,387.83838806152346,391.6256834411621
2025-12-03,383.0194512680452,383.496199388071,380.3019811642192,381.875244140625,10772192,ITC,-0.1122344489831395,387.6448291015625,391.5663140869141
2025-12-04,381.493813935015,384.7833581805478,380.49262552241476,384.3066101074219,8057989,ITC,0.6366911718167056,387.5704553222656,391.5601170349121
2025-12-05,384.3066201289768,386.49967878158014,383.3054607886625,386.1182861328125,4419747,ITC,0.47141422440906133,387.60382751464846,391.57187271118164
2025-12-08,386.11831050848593,386.40434773852076,381.92290381200377,383.5915222167969,6056866,ITC,-0.6544015154844263,387.62861877441406,391.57193084716795
2025-12-09,383.30549127709355,385.6892318944884,381.3984987831776,382.399658203125,9426717,ITC,-0.3107117714135188,387.6467352294922,391.5634550476074
2025-12-10,382.447322017598,385.5938477590759,382.35196658031816,384.4019775390625,6969146,ITC,0.5236195412271716,387.6095489501953,391.57271484375
2025-12-11,384.40197878110104,385.2124563530077,382.44732325332086,384.1636047363281,6980147,ITC,-0.06201133622163457,387.52659484863284,391.59646484375
2025-12-12,384.1636131699276,385.21246480963276,381.2554613992128,381.49383544921875,12407516,ITC,-0.6949563295934214,387.4989440917969,391.6014826965332
2025-12-15,381.49384796695153,384.5927107187102,380.9217444084862,383.5915222167969,7756564,ITC,0.549861248769079,387.43601318359373,391.63735229492187
2025-12-16,382.7333428800691,386.8810568881978,382.39961341304394,383.0194091796875,12347384,ITC,-0.1491464237277973,387.38643127441406,391.6757446289063
2025-12-17,382.35200134405585,384.35434931541226,380.54036426459874,381.2077941894531,8087490,ITC,-0.47298255566586844,387.3683154296875,391.70039779663085
2025-12-18,381.3984840446188,383.2578132936943,381.2554654327811,381.7798767089844,7227668,ITC,0.15007104478219624,387.37975708007815,391.7141015625
2025-12-19,381.63687284491715,383.9252580179369,381.63687284491715,382.399658203125,10654835,ITC,0.16234001107739982,387.40454833984376,391.7461181640625
2025-12-22,382.92407926981116,384.87873483805475,382.5426866099581,383.9729309082031,6847871,ITC,0.41142105421088093,387.45794494628905,391.81689743041994
2025-12-23,383.78221492360865,389.8845846952617,383.114755953949,388.40667724609375,10081997,ITC,1.1547028399641501,387.54471313476563,391.89837646484375
2025-12-24,388.9787845212552,390.45669198464753,386.7857258129762,387.6915588378906,5777430,ITC,-0.18411588937489176,387.68487731933595,391.98845108032225
2025-12-26,387.5962212494621,388.21598798528635,385.0694620351657,385.3554992675781,3152453,ITC,-0.6025562117769279,387.8250421142578,392.01909698486327
2025-12-29,385.30780773012765,385.97523758942174,382.7810487018413,383.8775634765625,6647710,ITC,-0.3835252886813967,387.8765313720703,392.0393101501465
2025-12-30,384.258966100121,384.6880510266874,381.68451473751173,381.9705810546875,12340527,ITC,-0.4967683978726267,387.7897631835938,392.05841461181643
2025-12-31,382.4473351908261,384.97409432460887,382.2089611386127,384.25897216796875,9945109,ITC,0.5991014038208453,387.6152740478516,392.0838117980957
2023-01-02,865.108226635378,877.6881001770557,865.108226635378,873.28515625,4315403,ICICIBANK,0.0,0.0,0.0
2023-01-03,869.4627704497066,876.6720172537239,867.7693259886192,872.2206420898438,5846855,ICICIBANK,-0.12189765880453729,0.0,0.0
2023-01-04,869.9466513618287,878.5590500671148,865.8823726575065,870.0433959960938,12454582,ICICIBANK,-0.249621023475588,0.0,0.0
2023-01-05,871.7851926344346,873.8173022704675,843.8191446066974,850.7380981445312,16547196,ICICIBANK,-2.2188890738559452,0.0,0.0
2023-01-06,850.5445554510902,850.5445554510902,832.6908012981177,841.9805297851562,14804613,ICICIBANK,-1.0294082724724984,0.0,0.0
2023-01-09,845.9964872549142,850.35105882214,834.4326687249722,845.1255493164062,16811853,ICICIBANK,0.373526396394519,0.0,0.0
2023-01-10,847.1093541990182,850.0124019391619,828.9168744439911,833.5133666992188,13470142,ICICIBANK,-1.374018644517394,0.0,0.0
2023-01-11,835.0132596375089,842.7062883246897,827.2233681992996,838.3033447265625,15558460,ICICIBANK,0.5746732108583341,0.0,0.0
2023-01-12,837.5292352113945,841.2547893512822,827.3201962654273,832.8359985351562,16659001,ICICIBANK,-0.6521918617883538,0.0,0.0
2023-01-13,836.755068178072,846.6254414742714,830.5618765632579,845.2222900390625,11223103,ICICIBANK,1.4872425694484992,0.0,0.0
2023-01-16,848.8995444918602,849.0930928206624,833.2230748614112,837.287353515625,8319812,ICICIBANK,-0.9387987771915962,0.0,0.0
2023-01-17,838.9324296350084,839.9001122208812,830.3684033124389,837.1906127929688,12624859,ICICIBANK,-0.011554064712671064,0.0,0.0
2023-01-18,836.5131783943544,843.8191697140958,830.9006315092457,841.3999633789062,11313898,ICICIBANK,0.50279476640267,0.0,0.0
2023-01-19,839.9484532522791,842.416031941814,834.1423579533002,838.1582641601562,6694679,ICICIBANK,-0.3852744663467744,0.0,0.0
2023-01-20,845.2706967636465,848.1737443770304,837.5776087756478,842.2224731445312,8127162,ICICIBANK,0.48489756149423524,0.0,0.0
2023-01-23,853.4959878330195,854.7539633041429,836.6582882575105,843.5288696289062,16882379,ICICIBANK,0.15511299282924274,0.0,0.0
2023-01-24,850.5929389316187,853.2056935599804,839.9484311634187,842.6095581054688,11504090,ICICIBANK,-0.10898400239008899,0.0,0.0
2023-01-25,845.077098119616,848.4639868002098,820.5947431838545,827.6588134765625,14918485,ICICIBANK,-1.7743383617106923,0.0,0.0
2023-01-27,812.030804097546,815.7563581461058,786.8226273934423,790.7901611328125,39718683,ICICIBANK,-4.454571345514225,0.0,0.0
2023-01-30,774.1460562765634,799.5477237481382,770.2753259951805,796.8865966796875,36301441,ICICIBANK,0.7709296152776934,0.0,0.0
2023-01-31,799.3057254481892,811.2082080945121,787.7902803548072,805.0150756835938,27291226,ICICIBANK,1.0200295798391323,0.0,0.0
2023-02-01,816.191876185139,846.915797809219,796.5479318096759,820.5464477539062,39237711,ICICIBANK,1.9293268585217183,0.0,0.0
2023-02-02,801.6282311010465,832.7875613023073,799.402514032967,830.1748657226562,16798190,ICICIBANK,1.1734153496253619,0.0,0.0
2023-02-03,836.7066597640203,844.4481194171882,824.5621976829931,835.8840942382812,14914366,ICICIBANK,0.6877139686293887,0.0,0.0
2023-02-06,833.6585076979579,839.7548958836825,822.1914932310632,826.110595703125,8463833,ICICIBANK,-1.1692408795100473,0.0,0.0
2023-02-07,827.3685698899242,828.3362524278072,819.8206579069681,825.1912841796875,9337066,ICICIBANK,-0.11128189472682237,0.0,0.0
2023-02-08,824.9493177646199,832.8843259474374,824.3687318991716,831.3359985351562,8082983,ICICIBANK,0.7446412090473142,0.0,0.0
2023-02-09,830.7554211776821,836.9486127649296,824.0783883433888,832.9810791015625,6299265,ICICIBANK,0.19788395658373314,0.0,0.0
2023-02-10,827.9007483266255,834.0455676189112,824.465487275508,826.2556762695312,8656405,ICICIBANK,-0.8073896275393344,0.0,0.0
2023-02-13,825.8202454510565,831.5295365997953,821.9010841882861,823.1591186523438,9394365,ICICIBANK,-0.3747699055053011,0.0,0.0
2023-02-14,826.3042080284051,839.2711196232543,824.5623320724267,837.3357543945312,13402934,ICICIBANK,1.7222230090091495,0.0,0.0
2023-02-15,838.4001911703535,845.0287930620101,832.7875850885544,842.657958984375,12070288,ICICIBANK,0.6356117676704409,0.0,0.0
2023-02-16,847.6415602493975,849.4317493814649,836.9002482690221,841.3516235351562,10715685,ICICIBANK,-0.155025587225599,0.0,0.0
2023-02-17,839.5129712878102,839.5129712878102,827.5137432933884,834.7713623046875,9990618,ICICIBANK,-0.7821059645454875,0.0,0.0
2023-02-20,834.7713537474057,838.5452801570017,822.7720668133345,824.562255859375,9013430,ICICIBANK,-1.222982352572155,0.0,0.0
2023-02-21,826.7880307529291,831.6748160330891,819.4819799285804,826.594482421875,11704445,ICICIBANK,0.2464612645144637,0.0,0.0
2023-02-22,823.7397538390513,826.4976254250806,807.7729920906293,812.1275634765625,13880984,ICICIBANK,-1.750183342976741,0.0,0.0
2023-02-23,809.514854112909,817.1595701542185,806.611806359904,812.6114501953125,11743574,ICICIBANK,0.059582600137164654,0.0,0.0
2023-02-24,816.6756388111917,818.2722794616959,808.5470823740111,812.56298828125,8246139,ICICIBANK,-0.005963725228197436,0.0,0.0
2023-02-27,806.6117467803197,830.5618889735571,806.6117467803197,828.7233276367188,14422574,ICICIBANK,1.98881066311567,0.0,0.0
2023-02-28,827.2718200485879,830.2716122720615,822.5301520177766,827.223388671875,19600146,ICICIBANK,-0.18099393546953113,0.0,0.0
2023-03-01,836.0777546418046,836.0777546418046,824.3203875920912,828.6265869140625,11015843,ICICIBANK,0.16962748652940007,0.0,0.0
2023-03-02,825.4331963782566,833.9971631259353,823.5945759500078,826.40087890625,12327141,ICICIBANK,-0.26860205102775536,0.0,0.0
2023-03-03,829.0620097836149,844.7868509379583,822.3849766837857,840.4806518554688,12823098,ICICIBANK,1.7037461247443764,0.0,0.0
2023-03-06,843.5772732157969,848.5124306557193,837.3840811954593,839.70654296875,13904231,ICICIBANK,-0.09210311802060334,0.0,0.0
2023-03-08,838.6420711240055,845.4158486956811,833.6584825712115,843.9158935546875,16144568,ICICIBANK,0.5012882918662864,0.0,0.0
2023-03-09,839.1742698444524,841.6902207014982,826.546025121793,828.287841796875,10624440,ICICIBANK,-1.8518494410604158,0.0,0.0
2023-03-10,817.4014620248957,818.0304202449772,809.2245326625901,815.417724609375,17273189,ICICIBANK,-1.5538218162878925,0.0,0.0
2023-03-13,814.2565421172523,827.6589226097481,797.3220964813469,801.6282958984375,16413159,ICICIBANK,-1.691087683621706,0.0,0.0
2023-03-14,800.2734239830573,807.4826703889056,791.806202145268,803.51513671875,15456802,ICICIBANK,0.23537602526839674,831.7231396484375,0.0
2023-03-15,809.4180845479008,816.6757037068646,795.6286081458696,799.2090454101562,12914488,ICICIBANK,-0.5359066820045499,830.2416174316406,0.0
2023-03-16,802.886228653789,804.4344971185735,784.1131634393323,797.273681640625,14987868,ICICIBANK,-0.24215989304000596,828.7426782226562,0.0
2023-03-17,804.91834909519,811.3050894882914,792.1933587502203,809.2245483398438,11104490,ICICIBANK,1.4989666628185017,827.5263012695312,0.0
2023-03-20,809.9503044168963,810.7244386539869,798.3381136725679,809.4180908203125,14838651,ICICIBANK,0.023917030305842246,826.6999011230469,0.0
2023-03-21,815.7563608240233,826.8847097557864,811.9340030740609,824.8526000976562,18755854,ICICIBANK,1.9068648764325902,826.3573425292968,0.0
2023-03-22,829.9329340902065,834.6745429845437,823.4978217289552,832.4005126953125,17431520,ICICIBANK,0.9150619876524102,826.102841796875,0.0
2023-03-23,829.3039121932823,839.4162062490099,825.2396338332466,827.8040161132812,17920621,ICICIBANK,-0.5521977115496735,825.9886547851562,0.0
2023-03-24,824.9493447241754,832.2069635927165,821.7076319212885,824.8526000976562,17295696,ICICIBANK,-0.3565355999941344,825.7196398925781,0.0
2023-03-27,827.3201714323708,828.7233228804927,816.7724084776924,821.2721557617188,17047675,ICICIBANK,-0.4340708067736676,825.4883630371094,0.0
2023-03-28,827.9007821657716,831.1425541001529,820.7883391486262,827.1266479492188,24469018,ICICIBANK,0.7128565295227984,825.1264501953125,0.0
2023-03-29,829.352331482036,834.2391166284191,820.5948160711663,823.4978637695312,34881515,ICICIBANK,-0.43872171071802635,824.8506604003907,0.0
2023-03-31,834.0939446257819,852.5282844810888,830.7554281804934,848.8994750976562,25739021,ICICIBANK,3.084599541260502,825.0848376464844,0.0
2023-04-03,851.7542203344012,858.4311947113953,840.7709875930993,855.2378540039062,26416933,ICICIBANK,0.7466583608761068,825.3615954589844,0.0
2023-04-05,857.9473279969231,859.0601865581069,845.7545514523069,856.011962890625,21068934,ICICIBANK,0.0905138708599873,825.7186694335937,0.0
2023-04-06,853.4960068359375,861.3342118450829,844.4965709573414,846.7222290039062,26042745,ICICIBANK,-1.0852341193163584,825.8086645507813,0.0
2023-04-10,851.6090049377871,854.2701319147354,836.4648086702014,840.3839111328125,30906205,ICICIBANK,-0.7485710961610437,825.7457653808593,0.0
2023-04-11,845.4642225461083,856.9796090013051,837.0453728791858,853.3992309570312,39504022,ICICIBANK,1.5487350069177896,825.9615588378906,0.0
2023-04-12,854.8991446182802,863.1728184534817,851.8509210177381,861.3826293945312,22686032,ICICIBANK,0.9354822629201509,826.63603515625,0.0
2023-04-13,862.3018181294501,872.5109153520875,857.8505024300003,869.946533203125,34439635,ICICIBANK,0.9942043775149401,828.2191625976562,0.0
2023-04-17,887.6551614909503,887.6551614909503,864.2856641308982,872.1722412109375,29957514,ICICIBANK,0.2558442298307151,829.7248754882812,0.0
2023-04-18,878.6074008266793,878.6074008266793,865.2049618009515,867.8660888671875,26699379,ICICIBANK,-0.4937272869142584,830.9818957519532,0.0
2023-04-19,866.9468411334407,867.9145237068399,858.5763632484744,863.0761108398438,24377956,ICICIBANK,-0.5519259352092076,831.8324890136719,0.0
2023-04-20,863.4147591759163,870.236909372004,860.4633391974846,865.4953002929688,16999919,ICICIBANK,0.2802985070193831,832.5388977050782,0.0
2023-04-21,865.6404154507798,871.5916867731976,853.8831078765245,857.028076171875,29578071,ICICIBANK,-0.9783096590157858,832.96177734375,0.0
2023-04-24,875.7527238646078,877.204247716317,866.0758981865458,875.5108032226562,30881665,ICICIBANK,2.156606949604134,833.9497814941407,0.0
2023-04-25,877.0106726906066,886.3972051250955,873.9140767553679,883.9296264648438,41383839,ICICIBANK,0.961589875441704,835.1245483398437,0.0
2023-04-26,881.9942756119498,887.316529658685,876.4784732418931,885.3811645507812,30371555,ICICIBANK,0.16421421372001532,836.2054516601562,0.0
2023-04-27,880.1072975279017,890.1712198822554,879.1879872737524,888.6712646484375,25835108,ICICIBANK,0.3716026757047075,837.3192553710937,0.0
2023-04-28,885.5262587849612,890.7033957534178,880.8330221437257,887.993896484375,20381002,ICICIBANK,-0.07622257982320413,838.5540197753907,0.0
2023-05-02,894.1386692839658,895.880486047962,889.0099636211668,892.300048828125,17515017,ICICIBANK,0.484930398823491,839.9368383789063,0.0
2023-05-03,889.8324772678072,893.9935004213415,882.091016865825,893.0258178710938,18715142,ICICIBANK,0.08133688257911942,841.0506396484375,0.0
2023-05-04,890.2679527423538,894.0419383409981,882.3329439597278,891.9130249023438,20485002,ICICIBANK,-0.12460927181285886,842.0357409667969,0.0
2023-05-05,895.1062934853671,911.992364564189,893.6063974547598,896.9932861328125,19002035,ICICIBANK,0.569591550815729,843.14857421875,0.0
2023-05-08,897.0417142320913,911.2666593771053,897.0417142320913,907.5894775390625,18623913,ICICIBANK,1.1813010833038762,844.6049365234375,0.0
2023-05-09,910.5893181947338,914.4600485590047,901.686626544379,904.20263671875,21507610,ICICIBANK,-0.3731688063964733,846.197744140625,0.0
2023-05-10,904.3960428952724,910.5892345341686,898.2512826316067,905.7991943359375,25910923,ICICIBANK,0.17657077654420483,847.7818383789063,0.0
2023-05-11,909.6699186059626,916.3953237660901,903.670275317878,908.847412109375,20027372,ICICIBANK,0.3365224646365794,849.7162353515625,0.0
2023-05-12,909.379662700427,917.3630436179886,904.8799152854667,913.3955688476562,13873480,ICICIBANK,0.5004312800677146,851.7319177246094,0.0
2023-05-15,913.2504258746985,918.3307593696306,907.8797994211587,915.185791015625,10453762,ICICIBANK,0.19599637101670453,853.7843737792969,0.0
2023-05-16,919.2984223538758,921.4273357760685,912.5246445049526,915.766357421875,19612293,ICICIBANK,0.0634369995633044,855.525234375,0.0
2023-05-17,916.6857031275833,917.7501894111974,905.5573533737447,908.9926147460938,19273344,ICICIBANK,-0.7396802274819425,857.1606188964844,0.0
2023-05-18,917.3146504805366,921.4756734760364,911.6536723389962,915.9114990234375,21550141,ICICIBANK,0.7611595699571705,858.9063171386719,0.0
2023-05-19,920.7015400802892,925.1044837080005,911.1698318764588,923.4594116210938,15427412,ICICIBANK,0.8240875461989372,860.8474877929688,0.0
2023-05-22,920.3144745564015,923.4110705194826,915.572865513465,919.6370849609375,15509525,ICICIBANK,-0.4139138777573659,862.4306164550782,0.0
2023-05-23,921.2337828236806,927.8623846317511,914.4600050088006,922.5885620117188,16579935,ICICIBANK,0.32093932476706666,864.0882568359375,0.0
2023-05-24,916.1050779412483,923.0239727062751,908.1700692529853,910.2506103515625,18049620,ICICIBANK,-1.337318948898858,865.414951171875,0.0
2023-05-25,906.7185078782338,911.169823779576,902.7994055425181,909.4763793945312,19328582,ICICIBANK,-0.08505690061907378,867.0387219238281,0.0
2023-05-26,909.4280664519105,921.6692745737228,905.3154155340302,919.975830078125,10957182,ICICIBANK,1.1544500683551062,869.1298840332031,0.0
2023-05-29,923.0240444711529,926.6528543001206,916.2018938052257,917.50830078125,12108079,ICICIBANK,-0.2682167526798507,871.4474841308594,0.0
2023-05-30,914.7986858150222,921.5240914294349,914.1213552721521,919.2500610351562,18483624,ICICIBANK,0.18983591237520248,873.7621826171875,0.0
2023-05-31,918.8145563715582,921.23376268112,910.1054136571358,918.4758911132812,27254425,ICICIBANK,-0.0842175545795687,876.14751953125,0.0
2023-06-01,923.4110568080118,923.4110568080118,902.6542546695372,905.8475952148438,21650700,ICICIBANK,-1.374918603811237,878.3189978027344,0.0
2023-06-02,912.5245963573434,914.121296105405,904.8315086794461,907.8313598632812,12494376,ICICIBANK,0.21899540926275662,880.2911340332031,0.0
2023-06-05,912.524632867169,921.0402273846815,912.524632867169,916.1534423828125,10751684,ICICIBANK,0.9166991676498704,882.4258410644532,0.0
2023-06-06,915.911451953909,917.1694273442739,907.7828956332198,911.6536254882812,11894330,ICICIBANK,-0.4911641092378294,884.1618615722656,0.0
2023-06-07,913.8309715647682,915.2824953565665,903.6219327083176,909.8151245117188,16486469,ICICIBANK,-0.2016666116561372,885.7101538085938,0.0
2023-06-08,906.3314429874264,919.7822539132716,904.9767228695448,907.5894775390625,17608140,ICICIBANK,-0.24462628864855285,887.3058630371094,0.0
2023-06-09,910.976391174022,913.4923422203289,905.9444300187516,907.734619140625,12253128,ICICIBANK,0.015991988135000135,888.9635034179687,0.0
2023-06-12,907.6862521075698,913.0085062510576,903.1381322087851,905.7025146484375,10520125,ICICIBANK,-0.22386548329635936,890.6521105957031,0.0
2023-06-13,905.6541484806579,915.6696395390605,903.9122725899293,913.056884765625,13528776,ICICIBANK,0.8120072538434053,892.3707153320313,0.0
2023-06-14,915.4761168686471,916.3470548384208,905.9928391498903,909.4281005859375,13489262,ICICIBANK,-0.39743243167362774,894.0893200683594,0.0
2023-06-15,910.2989610606047,912.4762467370247,894.4773163743614,896.6546020507812,19366819,ICICIBANK,-1.4045638711764452,895.0444226074219,0.0
2023-06-16,899.2673651712831,907.4442943791796,897.0417071602234,904.009033203125,11249387,ICICIBANK,0.8202078186542616,896.0198461914063,0.0
2023-06-19,903.3316527921857,903.7671217485372,889.0099629857297,893.316162109375,19351375,ICICIBANK,-1.1828279033742062,896.7659301757812,0.0
2023-06-20,891.187294543562,898.541658614634,885.2360229801786,895.6386108398438,15212286,ICICIBANK,0.25998060137910617,897.7442578125,0.0
2023-06-21,898.0093192966337,898.3964159041491,890.2678596475248,894.8159790039062,9210553,ICICIBANK,-0.09184863470391713,898.8328991699219,0.0
2023-06-22,894.5258054552514,905.3154308434969,890.9453680771945,895.8321533203125,27291569,ICICIBANK,0.11356237933273228,899.6815576171875,0.0
2023-06-23,896.1224249124842,901.7834033389462,889.3002746615077,893.6548461914062,8767733,ICICIBANK,-0.24304855779470058,900.327001953125,0.0
2023-06-26,897.1385095411223,901.6866295468166,893.3645828609866,897.4772338867188,11749040,ICICIBANK,0.4277252802469267,900.8776159667968,0.0
2023-06-27,899.9447553905696,909.5732084032469,892.3968434482118,905.8475952148438,13422726,ICICIBANK,0.9326544464950182,901.551123046875,0.0
2023-06-28,913.4923004032572,913.4923004032572,904.1057681310743,907.1539916992188,25708001,ICICIBANK,0.1442181324183167,902.3368811035157,0.0
2023-06-30,910.1054690270411,911.7505412301584,900.5738192125333,904.3961181640625,13843218,ICICIBANK,-0.3040138234954304,903.16328125,0.0
2023-07-03,906.7184853671359,915.1857070821438,906.2346441262783,912.089111328125,12350359,ICICIBANK,0.8506220902052775,904.0951574707032,0.0
2023-07-04,916.6372563189024,920.5563586664051,911.5569231484889,914.169677734375,14041699,ICICIBANK,0.22810999280764577,905.2379895019532,0.0
2023-07-05,911.6053079205813,933.571712979693,910.5892530851423,927.0398559570312,13817767,ICICIBANK,1.4078544209159327,906.2685705566406,0.0
2023-07-06,923.846533565768,932.7492247541551,923.1691439746393,928.3946533203125,16334427,ICICIBANK,0.14614229955438596,907.15787109375,0.0
2023-07-07,922.2014392920128,924.1851766406033,913.2987483173766,915.8147583007812,8593807,ICICIBANK,-1.3550158840898607,907.76654296875,0.0
2023-07-10,915.4276604061656,922.1046933935976,910.9279130803762,917.7501220703125,12069184,ICICIBANK,0.21132699074670747,908.3481201171875,0.0
2023-07-11,917.750137644119,921.9111607222271,911.4602011815253,914.41162109375,16977595,ICICIBANK,-0.36377014791687534,908.876474609375,0.0
2023-07-12,917.7501246070915,920.4112515342325,910.8311709714633,913.87939453125,21511161,ICICIBANK,-0.05820426493086117,909.3080615234375,0.0
2023-07-13,917.0727487171628,928.2494701654196,911.7504947834543,924.814208984375,23222286,ICICIBANK,1.1965270820810892,909.9438293457031,0.0
2023-07-14,928.7333276529091,933.8136610419978,920.6047706053051,929.0236206054688,12871569,ICICIBANK,0.45516294842793403,910.6860412597656,0.0
2023-07-17,931.7815569904748,942.3292614154661,922.0563000505355,937.3941040039062,16290763,ICICIBANK,0.9009979092869713,911.4940576171875,0.0
2023-07-18,946.3935430693452,956.0219963476638,939.7649411626849,943.9259643554688,29709508,ICICIBANK,0.6968104795691543,912.2207873535157,0.0
2023-07-19,948.3289095463948,948.3289095463948,936.2812498523813,941.9906005859375,15994261,ICICIBANK,-0.20503342874488295,912.9765466308594,0.0
2023-07-20,944.506621046526,965.8924426489554,940.6842628380169,963.4248046875,26487838,ICICIBANK,2.27541592115994,914.1290588378906,0.0
2023-07-21,963.1344078710805,969.0856790406557,956.84447144192,964.7794799804688,16903003,ICICIBANK,0.14061038146180316,915.2477001953125,0.0
2023-07-24,972.472540227103,976.1013496022506,958.1024196639266,959.9410400390625,21687719,ICICIBANK,-0.5015073435749473,916.1786096191406,0.0
2023-07-25,966.714856111477,966.714856111477,956.3122688209883,962.5538330078125,29325327,ICICIBANK,0.2721826507848579,917.1259704589844,0.0
2023-07-26,961.0055423866522,965.5052899891136,958.0057500267827,964.247314453125,12780537,ICICIBANK,0.17593628400196515,918.0955895996094,0.0
2023-07-27,970.1501028645305,973.9724606478103,955.2961997425043,958.2476196289062,25932395,ICICIBANK,-0.6222153522534302,919.0806896972656,0.0
2023-07-28,956.070362346762,966.4245774762064,945.4742265790718,964.00537109375,12584130,ICICIBANK,0.6008625898881403,920.0425671386719,0.0
2023-07-31,963.8118784332275,967.1020229284449,956.6510035025354,966.0375366210938,14303116,ICICIBANK,0.21080437809575248,920.8941296386719,0.0
2023-08-01,969.2792116429864,971.2629489797961,958.4411556974744,962.4086303710938,15508569,ICICIBANK,-0.37564857600593804,921.749560546875,0.0
2023-08-02,953.4092491126727,961.9732162053438,945.9097092186121,955.0543212890625,15787996,ICICIBANK,-0.7641566014630952,922.3988757324219,0.0
2023-08-03,944.9903812949868,951.2319455477858,929.023619238488,933.8136596679688,30994707,ICICIBANK,-2.2240265446288654,922.87013671875,0.0
2023-08-04,937.3456752616711,944.4581179965224,930.1848011518003,939.1358642578125,20582882,ICICIBANK,0.5699428932894435,923.4633264160157,0.0
2023-08-07,939.5713262813622,949.7803647470605,936.910199431587,944.1194458007812,16686062,ICICIBANK,0.5306560778516545,923.9461987304687,0.0
2023-08-08,944.2162106511983,954.7155422765243,940.8776941737979,948.2321166992188,23784778,ICICIBANK,0.4356091717768962,924.5606750488281,0.0
2023-08-09,951.2078418442472,951.5492947573501,940.1342034996886,949.0126342773438,19317331,ICICIBANK,0.08231292363751752,925.1559265136718,0.0
2023-08-10,947.8906587198094,949.9395549383418,936.0853435299007,940.6220703125,24858441,ICICIBANK,-0.8841361707721651,925.5988500976563,0.0
2023-08-11,939.9391281743053,940.0366691362146,926.8654236423497,929.64599609375,17162177,ICICIBANK,-1.1668952457285497,926.0748181152344,0.0
2023-08-14,925.889728289711,939.4512560325527,922.962784996909,936.1828002929688,19026691,ICICIBANK,0.7031498254911561,926.6418469238281,0.0
2023-08-16,931.2070871701633,936.4267792630915,923.5482159431574,933.2071533203125,17930805,ICICIBANK,-0.31784892562917166,926.9829211425781,0.0
2023-08-17,933.6462023482969,934.4754791838435,923.4019001385633,928.4752807617188,27077611,ICICIBANK,-0.5070548957707754,927.3193542480469,0.0
2023-08-18,924.8166022554632,931.7436780317744,922.9628475581766,927.4996337890625,13257508,ICICIBANK,-0.10508055441775799,927.6730444335938,0.0
2023-08-21,927.548427427032,935.9389751584126,925.3044492708552,931.9388427734375,13358017,ICICIBANK,0.47862110373453337,928.1600317382813,0.0
2023-08-22,933.1096469094867,933.6462413283504,926.1825113015468,928.8167724609375,16872719,ICICIBANK,-0.3350080680411094,928.5816748046875,0.0
2023-08-23,930.7680634965125,944.4759040942181,926.7191010359882,943.3051147460938,14707331,ICICIBANK,1.559870871707969,929.3337268066406,0.0
2023-08-24,948.8175418923399,958.4764795059389,943.2075667089148,945.35400390625,28389740,ICICIBANK,0.21720322811009662,929.9796691894531,0.0
2023-08-25,939.5000885244812,948.9150543418253,936.8170569956474,946.7686767578125,10275758,ICICIBANK,0.14964477282763955,930.7264807128906,0.0
2023-08-28,946.329613155961,951.2566227280197,941.5489150273396,946.9149780273438,10481574,ICICIBANK,0.015452694319395555,931.7316882324219,0.0
2023-08-29,949.5979999303318,953.4518206829681,942.134329925956,944.1831665039062,13209913,ICICIBANK,-0.2884959670960696,932.5351708984375,0.0
2023-08-30,946.8174880873403,952.134780892738,932.133999542189,935.5487670898438,13936165,ICICIBANK,-0.9144835155273645,933.3798229980468,0.0
2023-08-31,936.6219035202087,942.6709318902067,930.8167871042523,935.40234375,36675400,ICICIBANK,-0.015651064380028945,934.17509765625,0.0
2023-09-01,933.5974744188251,949.3541518541045,929.597282406267,945.110107421875,16268147,ICICIBANK,1.0378169069960697,935.1809802246094,0.0
2023-09-04,945.1100680190779,945.4515209412026,937.1585143582263,943.7929077148438,9512956,ICICIBANK,-0.13936997358163783,936.1401953125,0.0
2023-09-05,940.6220495025765,946.3783955216684,938.8171248357994,944.8173828125,16623486,ICICIBANK,0.10854871755041628,937.1634460449219,0.0
2023-09-06,939.1098712979502,945.8906360915063,927.6460085088062,934.182861328125,30802100,ICICIBANK,-1.1255636991688855,937.89755859375,0.0
2023-09-07,934.0852438880298,945.8905586551218,931.4509828721614,942.1343383789062,13462347,ICICIBANK,0.8511692282040739,938.6232934570312,0.0
2023-09-08,943.9392640916503,951.2566227280197,937.8414652280092,946.9149780273438,13086915,ICICIBANK,0.5074265371394215,939.4185131835937,0.0
2023-09-11,951.2078034740647,958.086108329806,945.7441402430992,954.4274291992188,7894110,ICICIBANK,0.7933606866717069,940.4191394042969,0.0
2023-09-12,965.9888674492851,970.9159365012332,958.7203389445621,966.379150390625,20959591,ICICIBANK,1.2522399111511318,941.5049401855468,0.0
2023-09-13,965.6961669921875,970.6231764033528,956.671424968705,965.6961669921875,21997553,ICICIBANK,-0.0706744757646538,942.5354699707032,0.0
2023-09-14,968.1353562233099,968.720780666579,958.3301071739512,963.6473999023438,11464188,ICICIBANK,-0.21215441873658758,943.2676208496093,0.0
2023-09-15,966.2328420296343,973.2087481037405,964.5254582610313,968.28173828125,13307980,ICICIBANK,0.48091639943985687,944.0653625488281,0.0
2023-09-18,965.9888863047581,971.989144239288,963.257084308504,966.0864868164062,16713222,ICICIBANK,-0.22671618993252984,945.0707971191406,0.0
2023-09-20,957.6471152335464,971.7452382810216,956.7690679161975,963.1107788085938,25741856,ICICIBANK,-0.3080167302224157,945.9780102539063,0.0
2023-09-21,956.0861166419703,958.574006734418,934.1340401518692,935.93896484375,19742813,ICICIBANK,-2.821255307562476,946.4085571289063,0.0
2023-09-22,933.2071706835995,937.500045053057,924.3287990475906,927.1581420898438,12701888,ICICIBANK,-0.9381832666163437,946.6741320800782,0.0
2023-09-25,927.1581334740866,937.7927187843896,918.5724443637747,933.060791015625,8997098,ICICIBANK,0.6366388491694019,946.8390637207032,0.0
2023-09-26,935.5974971770788,935.5974971770788,924.0360346784909,925.5971069335938,10521409,ICICIBANK,-0.7999140199543842,946.7705334472656,0.0
2023-09-27,923.2555077433504,923.4506492144903,911.6453345707359,920.1334228515625,15152973,ICICIBANK,-0.5902875064218716,946.4253198242187,0.0
2023-09-28,922.4750936604116,924.1824774932046,911.9868786875408,919.6456909179688,25991282,ICICIBANK,-0.05300665332667043,945.9397143554687,0.0
2023-09-29,923.6457967074638,932.7193094608657,920.718853267733,928.7191772460938,10447334,ICICIBANK,0.9866284828745409,945.6742858886719,0.0
2023-10-03,928.4264195210825,928.4264195210825,916.133281102177,917.401611328125,11131636,ICICIBANK,-1.2186208915733188,944.7538220214843,0.0
2023-10-04,912.2307137467868,912.7185376578814,902.4742355248961,907.4012451171875,17334739,ICICIBANK,-1.090075064993612,943.6062573242187,0.0
2023-10-05,912.4257972707443,920.9627151726995,911.7916024070736,917.9381713867188,10478856,ICICIBANK,1.161220168721555,942.7661999511719,0.0
2023-10-06,922.9628794283824,923.4994738438675,915.1576965156688,922.182373046875,6355755,ICICIBANK,0.46236247630322413,941.9587707519531,0.0
2023-10-09,917.3529458957726,919.1091002211714,913.4991247477328,915.7431030273438,6725306,ICICIBANK,-0.6982642704670194,940.9886865234375,0.0
2023-10-10,917.4992699211415,934.1828244813858,917.4504398891626,928.0362548828125,11452715,ICICIBANK,1.3424236354965702,940.3844592285157,0.0
2023-10-11,931.6461674042404,938.6220138894535,927.5972049567132,929.8899536132812,12233117,ICICIBANK,0.19974421481010474,939.7021508789062,0.0
2023-10-12,929.6460320781218,936.7194790060307,925.3044467752193,931.011962890625,7836818,ICICIBANK,0.12066043653702341,939.0016394042968,0.0
2023-10-13,926.816627334187,934.0852152583844,921.54810546393,928.1337280273438,6650442,ICICIBANK,-0.30915122232638703,938.3161413574219,0.0
2023-10-16,925.401981705107,931.5973217061672,923.1092330870941,928.2313842773438,5763024,ICICIBANK,0.010521786575679037,937.7796826171875,0.0
2023-10-17,932.133942908628,937.548776352585,928.3288926243248,930.6704711914062,7747527,ICICIBANK,0.2627671241649976,937.7168188476562,0.0
2023-10-18,926.0849931287213,927.4996944851433,916.2309136675367,920.7677001953125,12000153,ICICIBANK,-1.0640469750175519,937.3494555664063,0.0
2023-10-19,913.2063753381311,921.9872058702285,911.2550796643318,912.9624633789062,8612676,ICICIBANK,-0.8476879472152032,936.7263159179688,0.0
2023-10-20,909.303786581178,917.108969298613,907.3524909018192,910.0355224609375,6586576,ICICIBANK,-0.3205981664499147,935.9623840332031,0.0
2023-10-23,919.060255373007,921.7920573857958,902.8645252231158,907.3037109375,11856890,ICICIBANK,-0.30018735049485157,935.1282055664062,891.4423635864258
2023-10-25,903.4986624227306,911.0599331166206,889.2054574209906,893.7909545898438,12593434,ICICIBANK,-1.48933110101509,934.1915832519531,891.544892578125
2023-10-26,892.034835673972,894.2788138653154,877.1074351720209,886.5224609375,21693345,ICICIBANK,-0.8132207665582425,933.3291125488281,891.6164016723633
2023-10-27,893.6934385485141,895.7911052641983,889.1078817029663,890.5225830078125,8645505,ICICIBANK,0.45121497159612556,932.415908203125,891.7187976074218
2023-10-30,886.9614255083601,903.7425802279794,886.083378183647,902.376708984375,7687791,ICICIBANK,1.331142657441009,931.7992993164063,891.9769906616211
2023-10-31,906.6695030375992,908.3281162337183,891.8396443321832,893.0592041015625,17211107,ICICIBANK,-1.03255157076243,931.0909777832031,892.2323840332032
2023-11-01,891.54692057696,895.2543701942814,887.156505610676,891.7908325195312,12927203,ICICIBANK,-0.14202547560183687,930.3768017578125,892.4657104492187
2023-11-02,897.6447821752898,902.279109409575,890.5713353440126,897.5472412109375,9747311,ICICIBANK,0.6454886596157339,929.6889697265625,892.7858798217774
2023-11-03,905.9377853890679,911.7429019177837,904.2304016776113,911.0599365234375,7146961,ICICIBANK,1.5055135475954717,929.3338330078125,893.1496627807617
2023-11-06,918.0845639512796,924.6701864875932,914.5722557514383,922.4262084960938,10338367,ICICIBANK,1.247587729082822,928.9162548828125,893.5976138305664
2023-11-07,920.6212426036691,927.3044657799691,907.791509730304,925.0116577148438,15704942,ICICIBANK,0.2802879184195417,928.5094079589844,893.9965606689453
2023-11-08,925.3532028172963,925.3532028172963,911.3526206284945,912.9624633789062,17606074,ICICIBANK,-1.3025991873122922,927.8332836914062,894.3749362182617
2023-11-09,911.2550412038593,919.4016764786073,910.2793934081378,914.5234375,9406117,ICICIBANK,0.17097900337725846,927.1854528808594,894.7616003417969
2023-11-10,912.1332534052325,918.523735295646,909.6941336341723,915.7431030273438,9560455,ICICIBANK,0.1333662405282876,926.6166516113282,895.1333160400391
2023-11-13,917.987093425993,917.987093425993,909.3038036701303,911.6941528320312,11470096,ICICIBANK,-0.4421491335208638,926.1395593261718,895.5009954833985
2023-11-15,921.401875563048,921.401875563048,915.8894412581842,918.1821899414062,19492138,ICICIBANK,0.7116462345646335,925.79515625,895.8807940673828
2023-11-16,916.1333033243815,923.1579795407855,911.2550642225477,913.2063598632812,19706373,ICICIBANK,-0.541921868299633,925.1570812988281,896.2291815185547
2023-11-17,903.9864967116965,915.5479593765705,897.7423862479302,899.4009399414062,10956653,ICICIBANK,-1.5117524941396399,924.2692419433594,896.5131384277344
2023-11-20,899.5473366065142,904.1816639914177,895.1569211892373,899.0107421875,10562301,ICICIBANK,-0.04338418346901962,923.3531091308594,896.8698980712891
2023-11-21,901.8888706577264,905.4499494794524,899.5472920649286,903.5474243164062,8989572,ICICIBANK,0.5046304694722004,922.740400390625,897.433684387207
2023-11-22,900.7668766589127,902.6694018743736,892.4738699417713,900.279052734375,12197979,ICICIBANK,-0.3617266226511595,921.9032946777344,897.9506466674804
2023-11-23,900.52294921875,902.8156978051427,896.1325339733714,900.52294921875,5534614,ICICIBANK,0.027091209512675185,920.9754541015625,898.4281860351563
2023-11-24,899.0594483982376,907.7427376445077,897.7911181670157,906.76708984375,7452002,ICICIBANK,0.6933905049745892,920.0222473144531,898.8592892456055
2023-11-28,906.2793237215551,908.3769308976238,899.2546471984909,902.9620971679688,14231987,ICICIBANK,-0.4196218321550371,918.75390625,899.223225402832
2023-11-29,908.2306003744137,918.1821607285481,903.4499021267856,916.7186889648438,11680078,ICICIBANK,1.5234960404230558,917.7743566894532,899.6273983764648
2023-11-30,916.0845371003845,917.9382322384056,905.5963229827007,912.1819458007812,23950292,ICICIBANK,-0.4948893503180729,916.7450476074218,900.0577551269531
2023-12-01,913.1575988110403,928.8167345798552,910.2794258014757,923.6458129882812,16986046,ICICIBANK,1.256752256528837,915.8523291015625,900.550027770996
2023-12-04,940.2318186642837,970.6232126126973,937.987840581793,967.0621337890625,33131257,ICICIBANK,4.700537824159667,915.8718420410156,901.2286584472656
2023-12-05,978.087029223942,991.0143640241587,970.8184403887726,988.7703857421875,31378461,ICICIBANK,2.2447628952309007,916.3850341796875,902.0076049804687
2023-12-06,989.3068784993693,991.502086070004,975.8917211232683,978.8186645507812,18786590,ICICIBANK,-1.0064744388492475,917.2426281738282,902.770419921875
2023-12-07,972.0866896120442,977.7942651351568,964.0864250614673,974.6721801757812,11841945,ICICIBANK,-0.42362130240977125,918.1929089355468,903.5279852294922
2023-12-08,970.2817634001109,988.1848771958599,969.0622036170539,986.2335815429688,16116363,ICICIBANK,1.186183580729927,919.2563647460937,904.2724743652344
2023-12-11,982.574942236379,995.1608235299625,980.1846526032307,992.3314208984375,11714606,ICICIBANK,0.6182956522255756,920.5910510253906,905.0208416748047
2023-12-12,992.3313252533103,996.1363753842941,984.0383191898759,990.9654541015625,12380856,ICICIBANK,-0.13765227706266092,922.0076916503906,905.7689108276368
2023-12-13,990.0873978964831,995.8437438660465,984.6237939125858,989.2093505859375,15887040,ICICIBANK,-0.17721137587153324,923.39896484375,906.5411007690429
2023-12-14,997.3559242186243,1014.6736719856876,996.3802764570995,1008.4783325195312,16317672,ICICIBANK,1.9479174880605576,924.9941479492187,907.4606811523438
2023-12-15,1018.2348839122907,1018.2835948453201,1000.7219338654228,1012.1370849609375,14306067,ICICIBANK,0.36279931094458373,926.888857421875,908.388394165039
2023-12-18,1004.8684475995219,1004.8684475995219,993.2095035223759,996.5755004882812,8592711,ICICIBANK,-1.5374977069688933,928.6723425292969,909.3106338500977
2023-12-19,1000.5268676099422,1000.5268676099422,987.9409865576811,990.7216186523438,10094256,ICICIBANK,-0.587399733694971,930.1280114746094,910.2011846923829
2023-12-20,997.1120958683326,997.1120958683326,977.5991390020248,982.1359252929688,16490281,ICICIBANK,-0.8666100746901995,931.3270825195312,911.0490493774414
2023-12-21,972.2818028712693,986.2823845261098,965.1108153630744,979.940673828125,18064916,ICICIBANK,-0.22351809034873993,932.6110339355469,911.8051361083984
2023-12-22,978.5259862915714,984.965238040039,967.4523478809576,970.0866088867188,20881976,ICICIBANK,-1.0055777053228576,933.452041015625,912.5194522094727
2023-12-26,970.6721055618648,973.2087662458342,965.7938661320611,970.8671875,14339699,ICICIBANK,0.0804648374826078,934.2715856933594,913.2306552124023
2023-12-27,973.6478046781592,980.4285692907043,967.8426879365178,977.8430786132812,12996468,ICICIBANK,0.7185216683699425,935.2082080078125,913.9878662109375
2023-12-28,983.4530114256305,987.0629203019365,974.7697219298256,981.4041748046875,24915990,ICICIBANK,0.3641786979211803,936.2736169433593,914.6924838256836
2023-12-29,979.5991543717847,983.9895694390293,969.5012235366482,972.33056640625,12280140,ICICIBANK,-0.92455367843155,937.1556005859375,915.3556039428711
2024-01-01,967.4035679755073,980.3796718566513,966.8669735931653,975.0624389648438,7683792,ICICIBANK,0.28096129577523943,938.0434399414063,916.0113366699219
2024-01-02,972.7208835740646,973.3550784811775,956.3787824708895,958.330078125,16263825,ICICIBANK,-1.7160296788385487,938.7946875,916.6615478515625
2024-01-03,960.7204375897454,963.9400635440459,951.3541826195407,960.0862426757812,16826752,ICICIBANK,0.18325257558620134,939.7371630859375,917.3848904418945
2024-01-04,962.3790429363942,965.0620744677926,957.9886277031968,963.1107788085938,22789140,ICICIBANK,0.31502754631531626,940.7986682128907,918.1923028564453
2024-01-05,963.9400163911056,973.9891767169987,959.8422837638905,969.501220703125,14875499,ICICIBANK,0.6635209609466175,942.0426184082031,919.0222332763672
2024-01-08,969.7939557543597,973.8916886039306,956.4275683980821,958.086181640625,8393164,ICICIBANK,-1.1774135832672061,943.3285229492187,919.8166189575195
2024-01-09,962.2326408633471,970.7695590966088,951.6468860736289,955.8909301757812,14660414,ICICIBANK,-0.22912880979919503,944.7158923339844,920.6097052001953
2024-01-10,950.5736686217577,970.7208201257515,950.5736686217577,968.8670654296875,9409181,ICICIBANK,1.357491199494909,946.2827819824219,921.4079177856445
2024-01-11,971.0622694484135,974.1843544018284,962.8180334077583,967.0133666992188,6451345,ICICIBANK,-0.19132642615389273,947.5755151367188,922.195894165039
2024-01-12,970.5744738257089,984.1360028238887,967.598759779006,979.0626220703125,12255743,ICICIBANK,1.2460277992043078,949.2955834960937,922.9669442749023
2024-01-15,979.0625946865415,987.0141482984905,974.9160914205547,985.2579345703125,12388044,ICICIBANK,0.6327800040920151,951.1649255371094,923.7312313842773
2024-01-16,981.5993048814522,991.0631011947543,980.1358330664721,984.4774780273438,11505126,ICICIBANK,-0.07921342377305018,952.9035302734375,924.5145986938477
2024-01-17,963.8425433060156,983.2578999623713,952.9640458633737,957.84228515625,41914771,ICICIBANK,-2.7055157142308883,953.8391772460938,925.1795471191406
2024-01-18,950.2322029973618,970.086612247944,946.5247532036159,962.3302001953125,17902484,ICICIBANK,0.4685442591762845,954.6372570800781,925.8848373413086
2024-01-19,967.1596680050709,986.2824009262613,963.500988695396,974.8673095703125,23271148,ICICIBANK,1.3027866497856477,955.6343701171875,926.623540649414
2024-01-23,1033.3085624484331,1033.6013044278507,996.331546511633,1003.9904174804688,50797448,ICICIBANK,2.9873919890690326,957.4549291992188,927.5260034179687
2024-01-24,1004.3805964528723,1010.7223072563087,972.379419549497,974.8673095703125,34578943,ICICIBANK,-2.9007356447924293,958.661806640625,928.155842590332
2024-01-25,974.086809350288,990.380080339403,964.0864191743161,985.3555297851562,28315035,ICICIBANK,1.0758613107528125,960.0540551757813,928.8064309692382
2024-01-29,995.1607457242064,1006.8685192033147,985.4042678249494,991.6484375,14078922,ICICIBANK,0.6386433652243007,961.6531408691407,929.4846133422851
2024-01-30,990.233827264166,998.9170576629135,983.4530625914942,992.1363525390625,16085742,ICICIBANK,0.04920242100039385,963.1322241210937,930.211683959961
2024-01-31,992.0387268414895,1013.6981211276084,978.8187103188384,1003.1123657226562,25627447,ICICIBANK,1.106300878453248,964.9303442382812,931.0253262329102
2024-02-01,1008.77105449098,1008.77105449098,992.6241539100525,1000.1854248046875,13058880,ICICIBANK,-0.2917859472164053,966.9460339355469,931.7592572021484
2024-02-02,1011.8443169459497,1024.4301974773407,996.770605964979,999.0633544921875,14774650,ICICIBANK,-0.11218622914037635,968.9470861816407,932.4476608276367
2024-02-05,997.5999136860917,1001.4536750045531,987.453152358168,998.5755615234375,12948430,ICICIBANK,-0.048825028618726396,970.8476489257813,933.0908059692383
2024-02-06,998.6243361843565,1009.6979749138608,991.9411722900987,1001.4049682617188,12886927,ICICIBANK,0.28334428032312786,972.8701672363281,933.7369696044922
2024-02-07,1002.9659386635358,1006.4295359934986,988.3312216596904,997.2584228515625,16410895,ICICIBANK,-0.41407278189901087,974.8048767089844,934.3839312744141
2024-02-08,999.1609061655041,1003.2098684279933,961.2570122719966,965.2083740234375,20565502,ICICIBANK,-3.2138158067876788,975.9737023925782,934.8945925903321
2024-02-09,964.7693393163379,989.0629942650385,961.5009428835466,986.0872802734375,12799837,ICICIBANK,2.1631501354435034,977.6362060546875,935.4975524902344
2024-02-12,985.794584956461,987.5507391294831,961.2570183691254,971.8427734375,8050066,ICICIBANK,-1.4445482789299913,978.7386877441406,936.0716259765625
2024-02-13,981.5017091699309,1002.0391434670632,975.9405046734194,994.9656372070312,18706292,ICICIBANK,2.3792803117466788,980.3943615722657,936.6689001464844
2024-02-14,984.9652512089306,1010.4784061393933,983.013955556177,997.7950439453125,17878720,ICICIBANK,0.28437230719080553,981.8773461914062,937.2382272338867
2024-02-15,997.9413025485616,1001.6488117315333,982.0870262094294,991.892333984375,10069878,ICICIBANK,-0.5915753938402046,982.3739501953125,937.7707830810547
2024-02-16,998.2828945562029,1001.2097785647912,992.136324995411,998.3316650390625,7159395,ICICIBANK,0.6491965744730654,982.56517578125,938.3190850830078
2024-02-19,998.4291584000189,1020.5276050243264,998.4291584000189,1018.3323974609375,9388255,ICICIBANK,2.0034156104917766,983.3554504394531,938.9707775878907
2024-02-20,1015.6981918880425,1027.0156825714587,1008.0880913935629,1023.2106323242188,11293528,ICICIBANK,0.47904150702111625,984.3262194824218,939.625330505371
2024-02-21,1031.064628645261,1038.0892450705965,1022.4788804830687,1026.3326416015625,15946325,ICICIBANK,0.3051189245612207,985.1282006835937,940.2918646240234
2024-02-22,1030.284129893754,1040.0406083965356,1014.9665062834417,1036.8209228515625,13432573,ICICIBANK,1.021918316232573,986.0179907226562,941.0164041137696
2024-02-23,1043.9432895837097,1043.9432895837097,1031.894061415988,1035.4552001953125,13142759,ICICIBANK,-0.13172213505239228,986.9077856445313,941.708713684082
2024-02-26,1027.454643303216,1036.4306742504732,1024.917982919419,1028.52783203125,7875941,ICICIBANK,-0.6690166955321541,987.6941552734374,942.313405456543
2024-02-27,1025.1620110998556,1040.2357232242944,1021.015507605043,1034.3818359375,10580973,ICICIBANK,0.5691633929525208,988.2122253417969,942.9643014526367
2024-02-28,1037.1135865360943,1038.9185111032964,1016.7713542133081,1020.72265625,7730332,ICICIBANK,-1.3205161974949142,988.3839367675781,943.538918762207
2024-02-29,1017.6495772588014,1034.869667204587,1013.2103317291641,1026.57666015625,20944844,ICICIBANK,0.5735156235050942,988.9839599609375,944.1275650024414
2024-03-01,1029.3084513108604,1063.40729502092,1028.3328034897127,1060.431640625,14909562,ICICIBANK,3.297852151011993,990.3781604003906,944.8627453613282
2024-03-04,1054.6752013263406,1068.3342696136383,1053.7970945454895,1065.748779296875,11424581,ICICIBANK,0.5014126765154892,992.0504174804687,945.6155603027344
2024-03-05,1059.7486671027018,1072.724831392527,1050.284930417513,1061.5537109375,9222544,ICICIBANK,-0.3936263818329344,993.6826782226562,946.3444970703125
2024-03-06,1053.9923671118995,1086.4326564967669,1053.9923671118995,1070.3831787109375,21796484,ICICIBANK,0.8317495085236715,995.6886096191406,947.1514498901367
2024-03-07,1068.285589791398,1068.3344198240536,1056.3339033595764,1061.4560546875,9963926,ICICIBANK,-0.8340119875751784,997.5003869628906,947.879172668457
2024-03-11,1061.4558937916418,1061.4558937916418,1050.528686920811,1052.43115234375,13310362,ICICIBANK,-0.8502379635873858,998.9921484375,948.5240313720703
2024-03-12,1050.821543798178,1068.1392927948118,1029.9426563996108,1050.6263427734375,21785435,ICICIBANK,-0.17148956169656948,1000.376591796875,949.1789776611328
2024-03-13,1050.9190113988607,1063.1146084324603,1047.016420348109,1057.5533447265625,24855870,ICICIBANK,0.6593211754846395,1002.0810473632813,949.8538015747071
2024-03-14,1053.6996058624843,1070.383159135781,1048.8701969746664,1057.2119140625,14231421,ICICIBANK,-0.032284959029726945,1003.7240368652343,950.5886080932618
2024-03-15,1045.8945019150356,1059.7974838667978,1043.9432062025076,1054.0411376953125,66192734,ICICIBANK,-0.2999187130802716,1005.6382580566407,951.3114318847656
2024-03-18,1048.870343968933,1058.3829111883333,1034.2356251698557,1054.8704833984375,8769440,ICICIBANK,0.0786824795983243,1007.5339428710937,951.9859051513672
2024-03-19,1052.1872820317788,1062.2365016265157,1049.0652568302282,1057.5533447265625,16708715,ICICIBANK,0.25433087477069183,1009.4227941894532,952.6861303710938
2024-03-20,1053.6996725881743,1063.4561510380647,1041.5040745258111,1058.090087890625,18725251,ICICIBANK,0.0507532945490663,1011.1945715332031,953.3803305053711
2024-03-21,1065.4073702120015,1073.212552411357,1052.870320123813,1055.455810546875,19992607,ICICIBANK,-0.24896531721619874,1013.1419641113281,954.0652301025391
2024-03-22,1054.821699696048,1067.0660087880365,1052.431290998509,1063.7489013671875,17214415,ICICIBANK,0.7857354838963326,1015.2991235351562,954.8547366333008
2024-03-26,1054.675246883473,1062.626800085145,1050.7238257477718,1057.3094482421875,13367635,ICICIBANK,-0.6053546205052385,1017.0679711914063,955.6021270751953
2024-03-27,1057.3095684040516,1065.8953174560265,1053.2607249476644,1057.3583984375,26907245,ICICIBANK,0.004629694305102738,1018.8748718261719,956.3081518554687
2024-03-28,1058.5778569174774,1078.1396428341293,1058.5778569174774,1066.67578125,22070566,ICICIBANK,0.8811943827436997,1020.6271350097657,957.0832626342774
2024-04-01,1069.3589072693567,1076.0907823680045,1067.7977753821392,1072.8712158203125,10848191,ICICIBANK,0.580817027930669,1022.3794006347656,957.8985430908203
2024-04-02,1067.7978183376224,1067.7978183376224,1052.968017593616,1054.8704833984375,14380396,ICICIBANK,-1.6778092427534919,1023.7872607421875,958.6349481201172
2024-04-03,1048.821274073248,1057.2606504701985,1046.1382429070143,1050.9676513671875,15477184,ICICIBANK,-0.36998210611376425,1025.6497680664063,959.35111328125
2024-04-04,1058.3339827305892,1059.358460590309,1037.5526363294593,1052.57763671875,21419689,ICICIBANK,0.1531907618153694,1027.454716796875,960.0854888916016
2024-04-05,1043.9432619814309,1059.5536285157325,1041.4553121759684,1057.0169677734375,15340637,ICICIBANK,0.42175806323667686,1029.0977099609374,960.8052893066406
2024-04-08,1052.089788769452,1065.1634932016668,1050.0897822238517,1060.675537109375,8023461,ICICIBANK,0.34612210091993223,1030.2314123535157,961.5615264892579
2024-04-09,1065.3585653553457,1088.091206687122,1061.7975461708568,1080.0909423828125,12298463,ICICIBANK,1.8304754464640194,1032.3358850097657,962.4787081909179
2024-04-10,1083.8959718279336,1089.3596952702449,1078.2372855450287,1082.3837890625,10598000,ICICIBANK,0.21228274302802497,1034.2764501953125,963.3705819702149
2024-04-12,1076.6273862927333,1084.7740218982576,1069.1149455997045,1077.5054931640625,12216657,ICICIBANK,-0.4506992757774775,1035.9935913085938,964.2915286254882
2024-04-15,1073.4077256256494,1079.2129018387545,1050.3824599986701,1052.08984375,10526597,ICICIBANK,-2.3587489414490292,1037.1926611328124,965.0737847900391
2024-04-16,1044.4798308777445,1048.4311331262454,1036.8209001426994,1041.0650634765625,11278092,ICICIBANK,-1.0478934226892167,1037.9517150878905,965.8050302124024
2024-04-18,1047.8458753081973,1051.7972970580554,1024.869318950788,1029.74755859375,16564216,ICICIBANK,-1.0871083162678152,1038.542957763672,966.4746072387695
2024-04-19,1027.3084408599673,1045.8945815764816,1022.5765722162078,1041.26025390625,11284433,ICICIBANK,1.1180114209954573,1039.386895751953,967.2126342773438
2024-04-22,1052.5290536408547,1062.1878730451763,1044.2847570240194,1060.1878662109375,10346714,ICICIBANK,1.8177599916717524,1040.619141845703,968.0261874389648
2024-04-23,1073.2126398224318,1073.2126398224318,1056.3338843025326,1063.7000732421875,9848215,ICICIBANK,0.33128157218045295,1041.8650439453124,968.8154498291016
2024-04-24,1065.6513328508768,1071.6515907716011,1062.4804774315448,1070.041748046875,5461309,ICICIBANK,0.5961901257896862,1043.3207104492187,969.6298886108399
2024-04-25,1063.4561708666527,1098.2380410085623,1063.407340834438,1086.6278076171875,19905338,ICICIBANK,1.5500385476161727,1045.7490991210936,970.5410470581055
2024-04-26,1085.066791491599,1092.7256033742926,1075.8956777866083,1080.9202880859375,14190059,ICICIBANK,-0.5252506415941771,1047.6457592773438,971.3852029418945
2024-04-29,1081.017770192159,1135.1173934530657,1080.9202292309824,1131.8978271484375,28578063,ICICIBANK,4.716123808978501,1050.8468603515626,972.4738436889648
2024-04-30,1131.702618945696,1141.0689331118688,1118.8241156136564,1122.38525390625,29568491,ICICIBANK,-0.8404091795239377,1053.395252685547,973.450570678711
2024-05-02,1115.16550183226,1127.361100058772,1105.6529352155806,1111.701904296875,25118334,ICICIBANK,-0.9518433685932415,1055.6733898925781,974.3671069335937
2024-05-03,1113.5070335814937,1129.2149414833987,1107.7993978952763,1114.23876953125,19933604,ICICIBANK,0.22819653583121546,1058.1203186035157,975.359226989746
2024-05-06,1113.7508047401204,1130.2391574450266,1110.3847483382629,1118.3851318359375,14970524,ICICIBANK,0.3721251151969751,1060.5213879394532,976.3624020385743
2024-05-07,1119.9948918245757,1124.6780491020515,1098.8722113377237,1104.3358154296875,15097728,ICICIBANK,-1.256214519160026,1062.241456298828,977.3120230102539
2024-05-08,1099.1161855626403,1104.4334189600957,1088.871882648258,1095.652587890625,19913090,ICICIBANK,-0.7862850609154592,1063.6902954101563,978.2208889770508
2024-05-09,1093.262260852585,1101.3600666593375,1082.9691282557828,1088.5302734375,12229853,ICICIBANK,-0.6500522639970252,1064.934248046875,979.0394692993164
2024-05-10,1090.7742298713763,1101.408814608253,1084.969173156462,1089.847412109375,8573656,ICICIBANK,0.12100156550680641,1065.9947778320313,979.8435882568359
2024-05-13,1085.3106792591882,1103.1162523100456,1079.7494151217084,1100.53076171875,9707983,ICICIBANK,0.9802610430296399,1067.2962890625,980.6592715454102
2024-05-14,1098.4818990233766,1100.4331946539014,1091.3109114007254,1093.26220703125,8944262,ICICIBANK,-0.6604590203501792,1068.5909765625,981.4059527587891
2024-05-15,1094.7743968933958,1100.335660935582,1086.3838494464303,1096.9696044921875,10743423,ICICIBANK,0.3391132920440798,1069.8427319335938,982.1808477783203
2024-05-16,1105.4090575401685,1108.8726551829923,1085.7010178338494,1103.506591796875,14265565,ICICIBANK,0.5959132575704906,1071.4984106445313,982.8812567138672
2024-05-17,1103.5065025670874,1116.1410940609796,1093.3109114992967,1102.9698486328125,8641784,ICICIBANK,-0.04863977868845293,1073.0262744140625,983.5722085571289
2024-05-21,1094.8719034888254,1106.1895131432295,1089.0668467710689,1093.65234375,10452900,ICICIBANK,-0.8447651487809904,1073.6906884765624,984.2407650756836
2024-05-22,1097.603764437141,1098.481871268217,1071.3588150501846,1084.042236328125,17527411,ICICIBANK,-0.8787168497187303,1074.0565576171875,984.8482070922852
2024-05-23,1088.383958228494,1109.311556039796,1084.3349960118126,1106.8724365234375,13787687,ICICIBANK,2.1060249711895906,1074.9629321289062,985.5613327026367
2024-05-24,1102.4820558412257,1107.360295026364,1096.7745398141412,1104.384521484375,6312670,ICICIBANK,-0.2247698069776427,1075.642958984375,986.2920172119141
2024-05-27,1104.3358239678098,1119.8486485845435,1094.2378925514201,1102.2869873046875,11599857,ICICIBANK,-0.1899278864274767,1076.4595776367187,986.9834252929687
2024-05-28,1104.9211184411913,1107.5553198262376,1097.6037600409186,1099.5062255859375,9311718,ICICIBANK,-0.25227202632134293,1077.4010791015626,987.650768737793
2024-05-29,1087.896192626463,1096.1891994265106,1071.7491729237856,1075.1639404296875,19268547,ICICIBANK,-2.2139288154805814,1077.8918310546876,988.2145452880859
2024-05-30,1070.2857077875317,1093.7012565449618,1070.1881668205704,1086.5789794921875,15255387,ICICIBANK,1.061702186360347,1078.47234375,988.8721685791015
2024-05-31,1090.774348346767,1103.0674880238118,1084.188725045031,1093.7501220703125,26197718,ICICIBANK,0.6599743519312806,1079.2031079101562,989.6718508911133
2024-06-03,1141.5079429889547,1144.4348864325161,1108.6286592786682,1131.75146484375,25699977,ICICIBANK,3.474408094374093,1080.757314453125,990.634928894043
2024-06-04,1129.702611888,1131.1660835885812,1027.89378773711,1045.3577880859375,43476837,ICICIBANK,-7.633626236988356,1080.567060546875,991.1411206054687
2024-06-05,1058.5778828175676,1095.8964118662052,1025.454687026523,1081.6519775390625,42172104,ICICIBANK,3.4719394514274526,1081.049033203125,991.808219909668
2024-06-06,1090.7742746935958,1090.7742746935958,1069.8953872976438,1083.359375,18574162,ICICIBANK,0.15785090735211948,1081.5544189453126,992.4799536132813
2024-06-07,1083.3594059306379,1100.8235264178431,1076.724952853582,1094.3841552734375,17197635,ICICIBANK,1.017647562558599,1082.3329858398438,993.2487640380859
2024-06-10,1088.8228833488845,1105.6039769227384,1087.9447765589168,1096.4329833984375,10851455,ICICIBANK,0.1872128827091979,1082.9866674804687,994.0826989746093
2024-06-11,1092.4817843728597,1101.5553578834688,1083.9448648700577,1090.969482421875,12250002,ICICIBANK,-0.49829775821119693,1083.6598681640626,994.8566323852539
2024-06-12,1093.701262866966,1105.7993202810974,1084.9204320321733,1092.28662109375,16096514,ICICIBANK,0.12073102805323366,1084.3584326171874,995.6520297241211
2024-06-13,1094.871890629427,1095.8475384090284,1078.090796459338,1080.383544921875,12494254,ICICIBANK,-1.0897392627546743,1084.632587890625,996.4115710449219
2024-06-14,1086.8716106071388,1086.8716106071388,1072.6758879821507,1078.7249755859375,11377979,ICICIBANK,-0.15351671577499282,1084.7496630859375,997.1676977539063
2024-06-18,1086.8228143148967,1107.4090780810202,1074.3833049204777,1095.506103515625,18306176,ICICIBANK,1.555644701799208,1085.5623754882813,997.9855340576172
2024-06-19,1100.4818894098034,1137.166342002539,1098.7257948267247,1116.580078125,34309514,ICICIBANK,1.9236747784193708,1086.8746240234375,998.9243505859375
2024-06-20,1125.9463631481642,1131.7514197743346,1107.84804927048,1128.62939453125,15475933,ICICIBANK,1.079126937898045,1088.3956591796875,999.8509719848632
2024-06-21,1135.2150241220932,1141.4103637168316,1122.6291439176837,1130.434326171875,69259425,ICICIBANK,0.1599224377258679,1089.8640063476562,1000.7763735961914
2024-06-24,1126.5317578554238,1147.0203616875408,1124.5804622523651,1141.60546875,12210295,ICICIBANK,0.9882168578474682,1091.4826049804688,1001.7505575561523
2024-06-25,1141.7518255521975,1176.6312340234567,1139.2151651192685,1168.7772216796875,27309845,ICICIBANK,2.38013514068387,1093.2563305664062,1002.859868774414
2024-06-26,1172.728745333667,1193.0709797006668,1164.7771913357117,1188.339111328125,25403461,ICICIBANK,1.6737055861102856,1095.3754370117188,1004.0806484985352
2024-06-27,1198.4369251141775,1204.925006661883,1179.655705374711,1190.1927490234375,20516632,ICICIBANK,0.15598558337786006,1097.6291821289062,1005.3538684082031
2024-06-28,1197.1199835394345,1197.1199835394345,1167.2163513291284,1170.38720703125,12507092,ICICIBANK,-1.6640617251649448,1099.9951293945312,1006.5287927246094
2024-07-01,1170.3870597440186,1185.7535123666644,1163.0209904215824,1182.3387451171875,8636894,ICICIBANK,1.0211610323606735,1102.8206030273439,1007.7149359130859
2024-07-02,1187.3633258983155,1187.3633258983155,1156.6792514342421,1161.606201171875,16153925,ICICIBANK,-1.7535197954844706,1105.4577758789062,1008.8040023803711
2024-07-03,1167.70405183156,1186.24136013032,1150.7277562015904,1172.33837890625,22330897,ICICIBANK,0.9239084401880815,1108.0793383789062,1009.9416073608398
2024-07-04,1199.0711636260962,1204.8762204814082,1184.729188396717,1202.9737548828125,15275791,ICICIBANK,2.6131854529188203,1110.9350561523438,1011.2855618286133
2024-07-05,1195.1685483777583,1212.339925743088,1191.1195862106667,1203.364013671875,9535575,ICICIBANK,0.0324411723430007,1113.7283349609374,1012.5917102050781
2024-07-08,1198.9736190942626,1209.3154620742414,1187.2658453589734,1204.973876953125,6617190,ICICIBANK,0.13378024130352717,1116.4269775390626,1013.8820046997071
2024-07-09,1204.8762530735444,1219.7548826422453,1199.3639380524303,1217.8524169921875,13366874,ICICIBANK,1.068781679452413,1119.0514697265626,1015.1991296386718
2024-07-10,1222.2427770643699,1222.2427770643699,1206.2421293822567,1212.92529296875,18226503,ICICIBANK,-0.40457480353870423,1121.6915698242187,1016.4318603515625
2024-07-11,1215.998657353838,1227.1698965417374,1195.2174298923792,1208.291015625,11307116,ICICIBANK,-0.3820744254089403,1123.21943359375,1017.6448345947266
2024-07-12,1205.8031641621653,1222.389177096727,1200.144359168967,1202.876220703125,12208290,ICICIBANK,-0.4481366534927145,1124.8292529296875,1018.8409786987305
2024-07-15,1203.071361476852,1208.2910537479374,1194.241819735426,1199.998046875,15612671,ICICIBANK,-0.23927431423015344,1126.59517578125,1019.9995602416992
2024-07-16,1200.0467517768816,1214.6814682619654,1199.0711040112092,1209.7056884765625,12320605,ICICIBANK,0.8089714501488432,1128.5045141601563,1021.21765625
2024-07-18,1204.8276591098086,1225.8528006567306,1201.70551425829,1219.8526611328125,10999632,ICICIBANK,0.8387968042895322,1130.5338647460937,1022.5013656616211
2024-07-19,1213.7058895930675,1220.0476004309733,1210.0472102635063,1218.24267578125,7958817,ICICIBANK,-0.1319819518258325,1132.812001953125,1023.9128842163086
2024-07-22,1209.803396134409,1214.9743776440412,1202.8763198631682,1210.9254150390625,9958965,ICICIBANK,-0.6006406512967577,1135.1174584960938,1025.3317205810547
2024-07-23,1210.9253291470568,1218.2426878788428,1182.972994972106,1196.8759765625,19369832,ICICIBANK,-1.1602232723895156,1137.2843725585938,1026.650796508789
2024-07-24,1195.1685807983697,1203.6079582700647,1172.777510944099,1193.21728515625,20122521,ICICIBANK,-0.30568676102581405,1139.3517700195312,1027.9888973999023
2024-07-25,1176.143415035895,1188.5829244027202,1161.6062390935692,1168.728515625,14154461,ICICIBANK,-2.052331108163863,1140.7157250976563,1029.2318728637695
2024-07-26,1161.020907069825,1190.2903417018374,1157.0694857554495,1177.802001953125,19309265,ICICIBANK,0.7763553474412044,1142.4065209960938,1030.5226544189454
2024-07-29,1185.558499492736,1212.4863561230136,1174.8263732265093,1183.1680908203125,28458261,ICICIBANK,0.45560194822975575,1144.1304907226563,1031.7948989868164
2024-07-30,1183.4607897362628,1200.876079269409,1175.0702424166864,1179.9971923828125,23972277,ICICIBANK,-0.2680006722714734,1145.660302734375,1033.1078768920897
2024-07-31,1189.3147074879269,1194.8271415595514,1181.5095248300897,1185.3145751953125,22297629,ICICIBANK,0.45062673426894406,1147.307197265625,1034.4974435424804
2024-08-01,1182.97292613369,1192.875774860644,1177.5093224180825,1180.63134765625,8725046,ICICIBANK,-0.3951041889694862,1149.04677734375,1035.8109094238282
2024-08-02,1167.8503708068586,1172.3871567184908,1161.1183774313038,1167.411376953125,10735395,ICICIBANK,-1.1197373955357692,1150.71416015625,1037.0370544433595
2024-08-05,1153.2156685567127,1159.9476620150213,1138.5809519506631,1144.0445556640625,14306771,ICICIBANK,-2.001592733321522,1151.4576025390625,1038.178561706543
2024-08-06,1146.3862463365044,1158.776926636575,1133.215000102,1138.4346923828125,13575619,ICICIBANK,-0.49035356651767614,1152.1386059570314,1039.230553894043
2024-08-07,1150.2399039367897,1151.0692998288628,1133.3124387535242,1143.898193359375,15753644,ICICIBANK,0.47991342965199024,1152.970830078125,1040.3005950927734
2024-08-08,1138.5321283444994,1145.8007757584114,1130.678235180199,1136.2393798828125,10806438,ICICIBANK,-0.6695362857484954,1153.7054931640625,1041.3267321777344
2024-08-09,1147.8984979263976,1152.1912530849597,1140.5323091971482,1143.0689697265625,8687307,ICICIBANK,0.601069630631379,1155.06359375,1042.4014083862305
2024-08-12,1152.3189994398172,1159.4533399572713,1137.5582949209468,1154.09033203125,10860455,ICICIBANK,0.9641904903886944,1156.4138208007812,1043.530703125
2024-08-13,1164.3243778306348,1170.2779103089574,1145.0370803987933,1149.7113037109375,13117927,ICICIBANK,-0.3794354912067588,1157.5330444335937,1044.6259072875976
2024-08-14,1148.3827912230433,1151.3841824712085,1134.6061339161688,1143.1181640625,13431801,ICICIBANK,-0.5734604528247034,1157.7603784179687,1045.7376596069337
2024-08-16,1151.33488320732,1173.9679621079767,1147.0543031789523,1168.3096923828125,10961370,ICICIBANK,2.2037554044968433,1160.2194165039064,1047.014395751953
2024-08-19,1171.9999545311712,1176.67417769156,1154.58237101426,1157.140869140625,6686394,ICICIBANK,-0.9559813904657655,1161.7291943359376,1048.2499224853516
2024-08-20,1155.4679086606573,1170.8191375512558,1151.3349594196018,1160.6341552734375,10427061,ICICIBANK,0.3018894437119668,1163.2746899414062,1049.5165747070312
2024-08-21,1158.223268928432,1159.846970432822,1146.513086110094,1156.1075439453125,17234142,ICICIBANK,-0.39001190061123125,1164.5091577148437,1050.8281576538086
2024-08-22,1163.1435847596479,1173.5744592109102,1157.829706794536,1172.098388671875,8564142,ICICIBANK,1.3831623892006206,1166.0224658203124,1052.2560372924804
2024-08-23,1173.968043848346,1185.7766075752363,1169.589082848793,1184.300537109375,7518309,ICICIBANK,1.0410515495483663,1167.8890869140625,1053.7249270629882
2024-08-26,1186.3178499958535,1195.5677952382332,1181.889638715724,1193.9442138671875,10920226,ICICIBANK,0.8142930325228726,1169.9222387695313,1055.1827645874023
2024-08-27,1193.9442695051366,1212.8379237983015,1189.6144386937667,1206.7860107421875,16295325,ICICIBANK,1.0755776296620612,1172.4502880859375,1056.7513986206054
2024-08-28,1203.1451193533376,1206.8352956977394,1197.8804917932434,1204.325927734375,12291305,ICICIBANK,-0.20385412044174878,1174.9623071289063,1058.3140740966796
2024-08-29,1199.504093644897,1215.2980967161698,1197.5852499624118,1202.4071044921875,10806748,ICICIBANK,-0.15932757055203695,1177.1003271484376,1059.838373413086
2024-08-30,1210.3777397050092,1215.8392482869917,1199.4548426639624,1209.5904541015625,21211148,ICICIBANK,0.5974141023067814,1178.9605346679687,1061.3310260009766
2024-09-02,1219.2341641068904,1219.4309254466023,1202.997389524353,1210.3284912109375,12516759,ICICIBANK,0.06101545418719656,1180.5945166015624,1062.7705374145507
2024-09-03,1207.6224463883482,1230.9935629487222,1200.930998773239,1227.79541015625,19114907,ICICIBANK,1.4431552320012475,1182.54173828125,1064.2844561767579
2024-09-04,1220.070629288316,1223.859186152754,1213.1331701237295,1216.62646484375,13505843,ICICIBANK,-0.9096747894731583,1184.042158203125,1065.802776184082
2024-09-05,1218.2502546691317,1224.9909529744998,1211.65718744667,1216.23291015625,9142811,ICICIBANK,-0.03234802947924553,1184.9912719726562,1067.3113235473634
2024-09-06,1206.3923063523205,1214.21555165295,1185.7765708665058,1188.8763427734375,10170479,ICICIBANK,-2.2492868885859996,1185.0020166015624,1068.6769897460938
2024-09-09,1183.710090812365,1218.5453765912819,1181.299103730193,1215.2979736328125,13863250,ICICIBANK,2.2224036183391416,1185.50412109375,1070.1950088500976
2024-09-10,1217.216888818786,1221.5467196441462,1207.4256692162026,1217.5614013671875,15545130,ICICIBANK,0.18624467278662848,1186.4476049804687,1071.6919049072267
2024-09-11,1211.8538609951502,1219.5294755207808,1206.83524540051,1216.62646484375,11993242,ICICIBANK,-0.07678762831900832,1187.133359375,1073.2090054321288
2024-09-12,1218.2502705064035,1236.9471648033514,1206.7860981365827,1232.174560546875,15376442,ICICIBANK,1.2779679016041934,1188.5447265625,1074.8728735351563
2024-09-13,1232.0267776590285,1235.9137150505585,1222.2355585854264,1230.403076171875,9877288,ICICIBANK,-0.1437689457095881,1189.7060205078126,1076.5298352050781
2024-09-16,1231.042802375231,1245.4098646133787,1224.8432581989914,1242.7037353515625,8973335,ICICIBANK,0.9997259774380707,1190.5006201171875,1078.2256167602538
2024-09-17,1239.849987924078,1251.9538142521255,1238.3247871252927,1247.8699951171875,11513121,ICICIBANK,0.4157273868790279,1191.3907397460937,1079.963571472168
2024-09-18,1241.8672616672682,1274.6852037097235,1241.8672616672682,1267.796875,12466597,ICICIBANK,1.596871465840577,1192.6471997070312,1081.7999411010742
2024-09-19,1267.7968764476732,1279.2610475522447,1264.8447355687065,1271.388671875,13172268,ICICIBANK,0.2833101221360934,1193.7179248046875,1083.6230490112305
2024-09-20,1274.340862241716,1340.616403523679,1270.9459481482343,1317.09765625,73257767,ICICIBANK,3.5952014821392098,1195.8013720703125,1085.6937268066406
2024-09-23,1309.7664484410157,1310.553734024932,1287.62539277616,1300.8116455078125,11380409,ICICIBANK,-1.2365074575074853,1197.6517846679687,1087.6141915893554
2024-09-24,1299.9260678444703,1310.1601805182468,1294.4645590257803,1297.5643310546875,13886037,ICICIBANK,-0.2496375600832934,1199.545546875,1089.541103515625
2024-09-25,1289.8395992053097,1306.568398126912,1289.1999446337225,1302.7305908203125,8728019,ICICIBANK,0.39815056887591016,1201.6001977539063,1091.4365274047852
2024-09-26,1298.9419832399822,1312.0789860913483,1295.8914616978661,1307.84765625,11100869,ICICIBANK,0.392795368877108,1203.563037109375,1093.1404550170898
2024-09-27,1311.7346011418329,1311.7346011418329,1283.0496081575457,1285.7557373046875,17117379,ICICIBANK,-1.6891813690790847,1204.8810986328126,1094.6253817749023
2024-09-30,1271.4871691598821,1276.1122623682022,1250.625419751032,1252.69189453125,12622212,ICICIBANK,-2.571549308638421,1205.5700830078124,1095.9947479248046
2024-10-01,1249.542987688833,1259.8262312755362,1247.3780121127852,1254.069580078125,10972413,ICICIBANK,0.10997800439911387,1206.4329663085937,1097.3917349243163
2024-10-03,1233.6012439093365,1245.5574384870451,1228.2382360313827,1236.307373046875,17648551,ICICIBANK,-1.4163653527217712,1207.2215942382813,1098.642103881836
2024-10-04,1227.2048887996382,1244.2289485494368,1216.4787533567373,1219.97216796875,13488887,ICICIBANK,-1.3212899505619657,1207.7566918945313,1099.7803076171874
2024-10-07,1221.7435594913184,1242.8020684792546,1205.4575341441214,1214.215576171875,20667247,ICICIBANK,-0.47186255129572086,1208.6664331054687,1100.8965582275391
2024-10-08,1221.202267135771,1227.8938344569156,1210.1317389284563,1216.8724365234375,12219259,ICICIBANK,0.21881290305456602,1209.447841796875,1102.0348736572266
2024-10-09,1223.2195743635768,1244.9177369185495,1212.9854623508438,1224.302001953125,14765997,ICICIBANK,0.6105459542590674,1210.2705200195312,1103.1139920043945
2024-10-10,1226.8606284171833,1234.6837542167523,1218.2502169484444,1223.6624755859375,9118195,ICICIBANK,-0.052235997831195924,1211.1438256835938,1104.1716189575195
2024-10-11,1217.2661601929808,1221.0055869072553,1202.5054549359925,1203.489501953125,8472512,ICICIBANK,-1.648573363594641,1211.50732421875,1105.2061889648437
2024-10-14,1201.5213486036762,1218.1517663968125,1197.9788035414683,1212.099853515625,11833929,ICICIBANK,0.7154488301332362,1212.1366943359376,1106.31308013916
2024-10-15,1219.1849221736488,1238.2263267782284,1215.691627570544,1235.470947265625,11657338,ICICIBANK,1.9281492100022612,1213.4978857421875,1107.5797552490235
2024-10-16,1228.5826203359522,1234.9296751311315,1221.7926723383464,1223.3179931640625,7869727,ICICIBANK,-0.9836697599777455,1215.0833544921875,1108.796641845703
2024-10-17,1229.5175181191341,1236.897870871355,1204.867212000474,1211.60791015625,8459497,ICICIBANK,-0.9572394972728882,1216.5468188476561,1110.0042483520508
2024-10-18,1208.3604278039818,1248.6572232672752,1205.7035490362575,1244.327392578125,11018126,ICICIBANK,2.7005008920464535,1218.5554028320312,1111.3715493774414
2024-10-21,1244.3274858742436,1252.0522311372122,1230.6000776735575,1238.9644775390625,7742775,ICICIBANK,-0.4309890685562312,1220.6099047851562,1112.6771563720704
2024-10-22,1246.3938747133964,1264.4019824079978,1239.653176958133,1247.279541015625,20090801,ICICIBANK,0.6711300951161014,1222.6941162109374,1114.006533203125
2024-10-23,1240.8832443668052,1247.7223228428932,1223.2196490881518,1231.6331787109375,14055447,ICICIBANK,-1.254439104480709,1224.2449731445313,1115.3030462646484
2024-10-24,1230.3047750515273,1240.3420065108755,1221.251590602818,1232.764892578125,12223031,ICICIBANK,0.09188725074555926,1225.906044921875,1116.5915585327148
2024-10-25,1227.3526156126327,1248.657257098042,1214.5107542672154,1235.4217529296875,13546055,ICICIBANK,0.2155204425075885,1227.7521166992187,1117.9770169067383
2024-10-28,1264.9924978474703,1286.9367953731105,1260.1706432204314,1272.2252197265625,24096412,ICICIBANK,2.9790204607939685,1229.8304272460937,1119.5377117919923
2024-10-29,1280.5894733227,1314.0470695956533,1278.5229987539544,1310.6029052734375,20656117,ICICIBANK,3.0165795294581077,1232.89966796875,1121.2751724243165
2024-10-30,1302.878217992093,1309.6681662645217,1284.771729306591,1291.21728515625,15055031,ICICIBANK,-1.4791375815806695,1235.5113305664063,1122.883752746582
2024-10-31,1286.3953474845157,1297.908648500615,1267.9937179678298,1271.6346435546875,23497314,ICICIBANK,-1.5166031175916972,1237.8218725585937,1124.4514950561525
2024-11-01,1269.3713115804678,1275.521605000899,1265.7303859247397,1271.19189453125,1007022,ICICIBANK,-0.034817313737212086,1239.8037426757812,1126.0279998779297
2024-11-04,1269.5189366152897,1271.1918884914494,1249.7888674900407,1256.82470703125,14309121,ICICIBANK,-1.1302139009703116,1241.2542260742186,1127.4677880859374
2024-11-05,1252.6918064806564,1280.540384084737,1242.9497173467564,1276.013671875,16431920,ICICIBANK,1.5267813193357904,1242.895615234375,1129.0127896118165
2024-11-06,1279.507133687592,1294.0218271864514,1272.077530661039,1281.5736083984375,12037405,ICICIBANK,0.4357270338073649,1244.3913671875,1130.525344543457
2024-11-07,1276.4565194695,1282.016408736549,1254.905867336954,1258.30078125,9909035,ICICIBANK,-1.8159571167762456,1245.4708642578125,1131.8905587768554
2024-11-08,1249.739603368689,1254.6598380276207,1232.7155433996181,1238.7674560546875,11195808,ICICIBANK,-1.55235739231665,1246.1980712890625,1133.1620086669923
2024-11-11,1241.8673121816607,1255.545589486218,1226.7622147783625,1249.0509033203125,8387780,ICICIBANK,0.8301354072035805,1246.9872802734376,1134.6180517578125
2024-11-12,1255.7915869540607,1274.34084864136,1244.3274155266408,1250.330078125,13486168,ICICIBANK,0.10241174329141955,1247.7873120117188,1136.058051147461
2024-11-13,1250.330002060316,1255.8898912252891,1230.058659378344,1233.6995849609375,12260404,ICICIBANK,-1.3300882267026415,1247.9053955078125,1137.352212524414
2024-11-14,1233.7488030417599,1247.4762092717035,1223.219549242433,1236.897705078125,9506892,ICICIBANK,0.25923005536949706,1248.3108203125,1138.5167489624023
2024-11-18,1239.8991689148563,1242.4576669848584,1229.468295169204,1233.45361328125,6195554,ICICIBANK,-0.27844596871149374,1248.655234375,1139.809680480957
2024-11-19,1236.996341503432,1240.8832791422965,1221.054707873685,1229.173095703125,11537317,ICICIBANK,-0.34703514846723404,1249.4611694335938,1141.0287683105469
2024-11-21,1228.6318816632047,1236.8486497660301,1212.887130281342,1230.5999755859375,9593870,ICICIBANK,0.1160845358396223,1249.7672094726563,1142.2235260009766
2024-11-22,1237.931065448711,1260.9577881469831,1235.962971544977,1257.6612548828125,11604338,ICICIBANK,2.1990313533031047,1250.5692065429687,1143.5511505126954
2024-11-25,1275.3249381508517,1290.2824048083883,1269.420656029783,1280.1959228515625,22717581,ICICIBANK,1.791791540151233,1251.840595703125,1144.9365682983398
2024-11-26,1289.691969633128,1293.2837651950626,1281.6719625867895,1284.132080078125,7646955,ICICIBANK,0.307465221244807,1252.87974609375,1146.356301574707
2024-11-27,1277.7849738450245,1289.9379297411074,1277.1453192983001,1279.9498291015625,21938082,ICICIBANK,-0.3256869788899053,1253.8706811523436,1147.7607339477538
2024-11-28,1280.294297193127,1289.593492566128,1261.8434173872402,1265.8287353515625,22803745,ICICIBANK,-1.1032536923663683,1254.3331811523437,1149.0969998168946
2024-11-29,1262.6306978559342,1282.4592691846208,1262.6306978559342,1279.3594970703125,11397228,ICICIBANK,1.06892515084136,1254.9629711914063,1150.4867724609376
2024-12-02,1279.1626909163074,1289.6428152581445,1268.58418590124,1283.8369140625,9626400,ICICIBANK,0.34997332668735837,1255.2837719726563,1151.9196649169921
2024-12-03,1283.1480184509742,1291.8569303693412,1275.4232736408442,1287.527099609375,11509276,ICICIBANK,0.28743413641207916,1255.6065405273437,1153.531258544922
2024-12-04,1281.819549984778,1298.9419911656362,1280.9338836934899,1295.0550537109375,11570281,ICICIBANK,0.5846831576474365,1255.1656884765625,1155.0760974121094
2024-12-05,1295.2518809925427,1321.4767579162362,1287.7238973177443,1315.1788330078125,19210697,ICICIBANK,1.5538937313291035,1255.4530322265625,1156.792777709961
2024-12-06,1321.0831368877882,1325.6097291981625,1305.5351457750585,1307.552490234375,8942672,ICICIBANK,-0.5798711613990926,1255.6527954101562,1158.3557119750976
2024-12-09,1301.008440803049,1307.8476391384686,1299.1879779810015,1301.205322265625,8000764,ICICIBANK,-0.4854235693140141,1255.6222900390626,1159.8727633666992
2024-12-10,1297.957930171136,1310.750540551898,1294.2677540997624,1309.2252197265625,8218214,ICICIBANK,0.616343733283653,1255.6498413085938,1161.4594277954102
2024-12-11,1303.567008056277,1310.01256393174,1295.005847236935,1306.3223876953125,8138066,ICICIBANK,-0.22172136524044594,1256.0611743164063,1162.9993814086913
2024-12-12,1300.467319981326,1317.392879799611,1300.467319981326,1308.04443359375,9076896,ICICIBANK,0.13182395974056238,1257.1682250976562,1164.4479415893554
2024-12-13,1304.206657466483,1325.658929951843,1292.5457246301107,1323.44482421875,13536684,ICICIBANK,1.1773598992114165,1258.5557299804686,1165.9491125488282
2024-12-16,1323.4448020295467,1328.9061906725217,1318.672198220594,1324.6256103515625,9071006,ICICIBANK,0.08922065440162275,1260.3220947265625,1167.4405773925782
2024-12-17,1320.591043814433,1326.5937063526414,1304.8955425723648,1312.47265625,9879257,ICICIBANK,-0.9174633199441895,1262.1721044921876,1168.8188360595702
2024-12-18,1304.108322781897,1313.6535308964567,1286.5922376487658,1293.1854248046875,8510595,ICICIBANK,-1.4695339635051874,1263.7515014648438,1170.1074871826172
2024-12-19,1265.4844508567164,1282.2132499737959,1263.9591299468714,1266.3701171875,11517304,ICICIBANK,-2.0735856670544783,1264.741455078125,1171.2966986083984
2024-12-20,1263.4671101390386,1277.0470069229707,1252.1014392500044,1267.84619140625,58491181,ICICIBANK,0.11655946383417604,1265.6123388671874,1172.4640203857423
2024-12-23,1273.9964575675247,1286.149413849784,1266.5177244802055,1276.1121826171875,6827512,ICICIBANK,0.651971135534124,1266.6613330078126,1173.740968017578
2024-12-24,1276.1122805813325,1283.689394924585,1269.6667242632777,1276.5550537109375,7138516,ICICIBANK,0.03470471481916704,1268.1226440429687,1174.9908599853516
2024-12-26,1286.149397655659,1291.8076677677632,1268.6333134333681,1276.6533203125,7338444,ICICIBANK,0.00769779581983876,1269.4137133789063,1176.071968383789
2024-12-27,1277.834372258314,1294.9566951975391,1277.834372258314,1286.6907958984375,4756066,ICICIBANK,0.7862334610527322,1270.4381103515625,1177.1766784667968
2024-12-30,1284.1320718868315,1305.3383325760412,1268.8793435378464,1273.9964599609375,14207425,ICICIBANK,-0.9865879182446524,1271.4516796875,1178.2388922119142
2024-12-31,1266.3701041548643,1269.3713754212274,1259.6785365277274,1261.203857421875,8449607,ICICIBANK,-1.0041317178742237,1272.4435986328126,1179.1929956054687
2025-01-01,1261.2039030056599,1272.3728127979782,1246.8859706361397,1263.1719970703125,4705399,ICICIBANK,0.15605246026291208,1272.8204907226564,1180.2015753173828
2025-01-02,1264.5988495821298,1272.7664882086394,1258.0057823459824,1270.0111083984375,7433222,ICICIBANK,0.5414236021687557,1273.4414233398438,1181.2894750976564
2025-01-03,1265.6811494083963,1267.4524819820733,1242.1132728120124,1244.86865234375,11194997,ICICIBANK,-1.979703633174812,1273.3932055664063,1182.2606866455078
2025-01-06,1247.8208957681682,1257.3661039966464,1236.9471279387867,1243.933837890625,7504047,ICICIBANK,-0.07509342060827429,1273.63921875,1183.192589111328
2025-01-07,1246.2955634538516,1268.387371227451,1246.2955634538516,1258.8421630859375,7539758,ICICIBANK,1.1984821653049371,1274.1607641601563,1184.2007403564453
2025-01-08,1260.1213925757818,1264.500353533012,1232.3711960120443,1243.58935546875,7566309,ICICIBANK,-1.2116536976960357,1274.3241162109375,1185.1484814453124
2025-01-09,1237.9311554007072,1244.5734728084612,1228.1890658447487,1242.260986328125,8684920,ICICIBANK,-0.1068173456763244,1273.7248315429688,1186.085433959961
2025-01-10,1238.9151869887507,1244.7702186556908,1223.2688154875007,1229.9111328125,7854524,ICICIBANK,-0.9941432316995402,1272.11099609375,1186.9472229003907
2025-01-13,1215.1997021699149,1224.1052557235084,1205.3592318634503,1210.1318359375,9669336,ICICIBANK,-1.608189107921132,1270.489287109375,1187.707431640625
2025-01-14,1213.6743510380347,1224.9908916090162,1207.868449677033,1220.5135498046875,10342698,ICICIBANK,0.8578994088809022,1269.466865234375,1188.532720336914
2025-01-15,1214.3138943569554,1224.5480063080474,1210.3777066929133,1218.49609375,5355382,ICICIBANK,-0.16529567041762006,1268.41294921875,1189.3064562988282
2025-01-16,1225.2369076646085,1235.4710205893364,1219.8738995113004,1229.173095703125,11895924,ICICIBANK,0.8762442496032863,1267.8599169921874,1190.1657745361329
2025-01-17,1223.51473271735,1229.0746219251816,1198.569166937447,1205.9002685546875,9790533,ICICIBANK,-1.893372644568403,1266.4576489257813,1190.9084838867188
2025-01-20,1204.3752079938956,1221.9404238041425,1195.8631769905248,1213.28076171875,7676418,ICICIBANK,0.612031803667179,1265.0917919921876,1191.6415087890625
2025-01-21,1217.216791341657,1219.1848851844006,1173.6727150709557,1177.0677490234375,20520898,ICICIBANK,-2.984718281036014,1263.4671313476563,1192.1624914550782
2025-01-22,1181.840346118592,1188.236651072606,1172.787162540538,1181.299072265625,10377123,ICICIBANK,0.3594800083256189,1262.317763671875,1192.794634399414
2025-01-23,1178.150279677383,1188.6304043313805,1167.0797508434964,1182.5784912109375,8770650,ICICIBANK,0.10830609922165557,1260.9883154296874,1193.452688598633
2025-01-24,1183.9070048715128,1198.569330226456,1182.824577120033,1189.90966796875,9216792,ICICIBANK,0.6199315151001583,1259.7799072265625,1194.1393487548828
2025-01-27,1175.9361728164579,1214.9536606503923,1174.0664594794448,1208.3604736328125,16164687,ICICIBANK,1.5506055762669169,1259.273125,1194.8960662841796
2025-01-28,1227.4509517938643,1243.8353577059515,1216.28204282006,1227.0081787109375,18066499,ICICIBANK,1.5432236890422724,1259.0753344726563,1195.7277294921876
2025-01-29,1232.0268875547777,1235.7663143361442,1223.2197146425951,1231.6824951171875,7666777,ICICIBANK,0.38095234305288717,1259.039912109375,1196.4856872558594
2025-01-30,1230.058696999526,1239.7515355072983,1219.72620394473,1235.5693359375,11921041,ICICIBANK,0.3155716538735698,1259.1678369140625,1197.2516149902344
2025-01-31,1234.4870409428568,1235.963111537846,1219.332692143045,1232.814208984375,10195417,ICICIBANK,-0.22298440670143194,1259.2121215820312,1198.028158569336
2025-02-01,1231.1904328305643,1241.2276642201673,1214.117241339197,1235.520263671875,3011914,ICICIBANK,0.2195022305696348,1258.7693017578124,1198.9453106689452
2025-02-03,1226.9589513144845,1239.8991931084147,1218.0533982313877,1233.0108642578125,6176831,ICICIBANK,-0.20310467483590777,1257.8256005859375,1199.9050396728517
2025-02-04,1242.6546259748302,1260.0722101946521,1239.8992462672875,1247.9683837890625,14839077,ICICIBANK,1.2130890298564623,1257.1023266601562,1200.9961437988281
2025-02-05,1249.9364358288246,1257.366038635732,1244.9670706142904,1247.476318359375,6840709,ICICIBANK,-0.03942931856922849,1256.4528564453126,1202.0272241210937
2025-02-06,1254.6598163131562,1258.5960039721779,1243.0480146698765,1252.101318359375,8396554,ICICIBANK,0.370748520988573,1256.1783081054687,1202.986791381836
2025-02-07,1251.707841237699,1254.6599823726938,1229.616033126662,1236.8487548828125,7382039,ICICIBANK,-1.2181572891040382,1255.3280932617188,1203.852534790039
2025-02-10,1237.143764104477,1244.8193782805915,1229.4190196551453,1242.4576416015625,5740361,ICICIBANK,0.4534820200616574,1254.5005078125,1204.7146142578124
2025-02-11,1235.815414286521,1241.7196963503554,1228.48431210643,1232.764892578125,6586627,ICICIBANK,-0.7801271205466032,1253.405263671875,1205.4452996826171
2025-02-12,1237.1437132102558,1249.49354984024,1224.7939967031841,1231.8299560546875,8809352,ICICIBANK,-0.075840618845191,1252.14076171875,1206.1998480224609
2025-02-13,1232.5681139223714,1245.8034979804984,1226.0241773689,1228.976318359375,7263785,ICICIBANK,-0.23165841042315227,1250.4167114257812,1206.6852404785157
2025-02-14,1232.125182860914,1243.3433423047895,1224.5971995418054,1239.99755859375,10368438,ICICIBANK,0.8967821486656424,1249.0656127929688,1207.2733020019532
2025-02-17,1231.1904296875,1238.0787586965241,1213.5759643398394,1231.1904296875,8386151,ICICIBANK,-0.710253729550725,1247.6653149414062,1207.8707446289063
2025-02-18,1232.912442887429,1237.537415485285,1217.3153228151366,1223.2196044921875,8135042,ICICIBANK,-0.6474079884892903,1245.9452026367187,1208.4156488037108
2025-02-19,1215.150440982361,1244.2782088063445,1210.6238487061553,1241.52294921875,10683412,ICICIBANK,1.4963253253418074,1244.6492138671874,1209.031337890625
2025-02-20,1235.323399403501,1243.8354301295267,1226.8606190775215,1230.009521484375,8398849,ICICIBANK,-0.927363263129366,1243.088515625,1209.6597064208984
2025-02-21,1221.3007691973355,1224.843314551203,1205.0148626007026,1213.28076171875,7786428,ICICIBANK,-1.3600512413462273,1240.885234375,1210.247847290039
2025-02-24,1207.1304651110468,1212.2475818317712,1190.9429392289517,1198.9136962890625,11522480,ICICIBANK,-1.1841501063063808,1238.37099609375,1210.7997644042969
2025-02-25,1207.0320830347105,1212.0015686679765,1201.5214435997075,1204.6212158203125,11059417,ICICIBANK,0.4760575802008171,1236.2139672851563,1211.3736334228515
2025-02-27,1205.6052412387521,1215.1504493679895,1199.0120540726923,1202.9482421875,12008162,ICICIBANK,-0.13887964206850123,1234.4092236328124,1211.8857208251952
2025-02-28,1196.6011747582393,1205.4575979266801,1180.9548031360748,1184.8909912109375,20215075,ICICIBANK,-1.5010829513102175,1232.7796411132813,1212.3438647460937
2025-03-03,1191.188847446512,1197.5851526992194,1184.9401732626818,1186.9573974609375,8158881,ICICIBANK,0.17439631707285574,1231.161865234375,1212.7938037109375
2025-03-04,1187.8923015092375,1197.2407475483415,1187.0066352283177,1191.0904541015625,9574490,ICICIBANK,0.34820598022020643,1229.4614306640624,1213.231723022461
2025-03-05,1197.5852173719204,1206.3923901078597,1191.9761974350436,1196.305908203125,9052846,ICICIBANK,0.43787221059516934,1227.8564477539062,1213.6984033203125
2025-03-06,1208.3604997504162,1208.3604997504162,1189.7128566225836,1198.6185302734375,11949475,ICICIBANK,0.19331360435945744,1226.295751953125,1214.2232342529296
2025-03-07,1191.7792822265046,1198.4215993904008,1187.0559287614878,1195.17431640625,6620284,ICICIBANK,-0.2873486251211088,1224.4654223632813,1214.7788946533203
2025-03-10,1188.7287844485525,1206.2448692222129,1188.7287844485525,1195.469482421875,7363437,ICICIBANK,0.02469648247733769,1222.8948828125,1215.2218798828126
2025-03-11,1197.7819082260587,1228.0906025562624,1197.7819082260587,1225.5321044921875,10927950,ICICIBANK,2.51471263067371,1222.1814477539062,1215.8276177978516
2025-03-12,1227.0573656262773,1231.9776006544478,1215.5933141089804,1224.105224609375,11548372,ICICIBANK,-0.11642941686980102,1221.4001123046876,1216.436708984375
2025-03-13,1231.0919570840585,1235.5692985318378,1225.4336872491594,1230.10791015625,8132940,ICICIBANK,0.4903733295305912,1220.6020483398438,1217.0897174072265
2025-03-17,1236.9964228158067,1253.626722273369,1234.7330664957105,1248.7557373046875,11164812,ICICIBANK,1.5159505108839566,1220.6797900390625,1217.9576763916016
2025-03-18,1248.7557373046875,1248.7557373046875,1248.7557373046875,1248.7557373046875,0,ICICIBANK,0.0,1220.7762280273437,1218.768560180664
2025-03-19,1284.771625690972,1297.2690935608202,1281.3767118900164,1292.1519775390625,11278014,ICICIBANK,3.475158426742553,1221.4424243164062,1219.760569458008
2025-03-20,1298.9420363179743,1303.1242360561191,1290.1348637421092,1300.6148681640625,10886735,ICICIBANK,0.6549454531747712,1222.5829345703125,1220.6048864746094
2025-03-21,1295.005932648197,1327.47948567053,1290.676101553966,1321.673583984375,60494318,ICICIBANK,1.619135405551586,1224.1711865234374,1221.9864654541016
2025-03-24,1334.3185449313019,1351.0965951268047,1323.592528220555,1336.4835205078125,9352280,ICICIBANK,1.1205441875285826,1226.3026342773437,1223.2606231689454
2025-03-25,1337.3198832805363,1342.0433569660177,1308.8317704607064,1322.263916015625,16419207,ICICIBANK,-1.0639565901107817,1228.5452758789063,1224.4551458740234
2025-03-26,1322.608385783058,1336.3357930453642,1310.2585481884407,1314.58837890625,10859639,ICICIBANK,-0.5804845021033067,1230.4267724609374,1225.5561669921874
2025-03-27,1311.8822515956433,1329.9394896015347,1311.8822515956433,1315.326416015625,15109614,ICICIBANK,0.056142068591014116,1232.36337890625,1226.6506341552733
2025-03-28,1314.6867654992452,1336.2865486646785,1306.027104024632,1326.8397216796875,8266544,ICICIBANK,0.8753192761792539,1234.3167114257812,1227.8299853515625
2025-04-01,1318.6230094191676,1330.7759661157215,1294.4154767036698,1297.416748046875,14288024,ICICIBANK,-2.217522821487816,1236.147041015625,1228.855635986328
2025-04-02,1301.0577695360655,1316.605640115626,1301.0577695360655,1310.0125732421875,8042214,ICICIBANK,0.970838800583862,1238.0816772460937,1230.0037811279296
2025-04-03,1300.8608684683468,1311.7346357410256,1300.172083625529,1308.3397216796875,4591008,ICICIBANK,-0.12769736693135636,1240.7071166992187,1231.1518548583983
2025-04-04,1308.3397764539347,1317.196199721689,1301.0085540085365,1313.998046875,8648542,ICICIBANK,0.4324813426934915,1243.3610961914062,1232.2443145751954
2025-04-07,1274.5868794921314,1303.8622778051142,1244.8194576780902,1267.009765625,19185012,ICICIBANK,-3.5759780131903063,1245.0497216796875,1232.9964630126954
2025-04-08,1279.113469327377,1289.1508208042862,1266.8128818235116,1279.1627197265625,13085762,ICICIBANK,0.9591839330115759,1246.8347827148436,1233.7491296386718
2025-04-09,1284.1320386492785,1284.2796697185806,1264.008326268558,1280.04833984375,13005622,ICICIBANK,0.06923435959553803,1248.2685400390626,1234.4971997070313
2025-04-11,1284.2796640863085,1303.8622226242683,1284.2796640863085,1290.7252197265625,13064247,ICICIBANK,0.8340997406485195,1249.542880859375,1235.2427984619142
2025-04-15,1329.4474418665204,1332.6948448810174,1314.8834988213314,1328.66015625,15202603,ICICIBANK,2.9390404668372394,1251.4824340820312,1236.0422131347657
2025-04-16,1335.35175670462,1338.0086355110902,1321.4767182608662,1334.7613525390625,14039073,ICICIBANK,0.45919916092633795,1253.4662744140626,1236.7743243408204
2025-04-17,1340.271938683508,1386.4237644145942,1338.4022254639915,1384.2587890625,17490424,ICICIBANK,3.7083360579238,1256.495166015625,1237.7446545410157
2025-04-21,1413.0915548092914,1413.0915548092914,1382.2908342910866,1387.3095703125,16882426,ICICIBANK,0.2203909611486754,1259.5309521484376,1238.8292663574218
2025-04-22,1390.2616620074302,1396.1659440599142,1376.5833845612567,1393.902587890625,16135274,ICICIBANK,0.47523766282675517,1262.7487866210938,1239.8870855712892
2025-04-23,1406.2031056627204,1407.0887719511927,1388.7855225220842,1401.676513671875,13990764,ICICIBANK,0.5577094015597028,1265.82294921875,1241.087437133789
2025-04-24,1393.7057666784372,1398.5275007158652,1376.4849447649922,1380.3226318359375,15678099,ICICIBANK,-1.5234529242412864,1268.4798754882813,1242.1273583984375
2025-04-25,1387.5061560869792,1392.2296293483562,1366.2507666566128,1382.38916015625,11705093,ICICIBANK,0.14971342732850168,1271.0856323242188,1243.0244354248048
2025-04-28,1383.1763860592027,1412.1073907727903,1381.4051736009749,1406.00634765625,10948561,ICICIBANK,1.708432631034995,1274.4687841796874,1244.0376470947265
2025-04-29,1406.0063095097996,1415.354755397171,1399.9051464358704,1406.9903564453125,10786910,ICICIBANK,0.06998608439447995,1277.7594384765625,1245.0477294921875
2025-04-30,1410.1393895834246,1410.828174453101,1377.665837694902,1404.235107421875,14192027,ICICIBANK,-0.1958257219614845,1281.1888427734375,1245.9796429443359
2025-05-02,1404.136620262742,1423.5222971739024,1401.8732642232824,1407.2855224609375,8842434,ICICIBANK,0.21722965213872847,1284.6979541015626,1246.951444091797
2025-05-05,1417.0276759030696,1423.719243532893,1403.251017942901,1406.5968017578125,4565705,ICICIBANK,-0.048939656674684695,1288.2503637695313,1247.942973022461
2025-05-06,1406.2030986214052,1410.8280712604956,1397.740318833432,1408.7615966796875,6301690,ICICIBANK,0.15390301749369506,1291.62564453125,1248.9723999023438
2025-05-07,1402.2669857299177,1418.9957848579238,1398.3307976997987,1412.5010986328125,10480453,ICICIBANK,0.265446045799278,1295.2518579101563,1250.0349151611329
2025-05-08,1415.6500090207114,1425.7857413048096,1403.3494213569647,1412.5994873046875,15306490,ICICIBANK,0.006965564272487512,1299.0394555664063,1251.0493841552734
2025-05-09,1392.6232842813388,1397.2483773146432,1364.8732065732167,1366.742919921875,13491197,ICICIBANK,-3.246254001571891,1301.5438549804687,1251.7838354492187
2025-05-12,1386.9158758891217,1429.8203013758846,1381.601998025975,1425.39208984375,9925445,ICICIBANK,4.291163251478736,1305.4515063476563,1252.8195825195312
2025-05-13,1417.126034216079,1424.8016487219365,1404.6286855985884,1407.777587890625,12475424,ICICIBANK,-1.235765378426923,1309.3414428710937,1253.8038433837892
2025-05-14,1407.088799803615,1417.7164351068907,1394.6898318883327,1403.44775390625,8026837,ICICIBANK,-0.30756520217534167,1313.4321240234376,1254.8367022705079
2025-05-15,1403.152601872172,1433.2644152009339,1392.9184893353395,1427.6553955078125,18209264,ICICIBANK,1.7248694534003794,1317.8928076171876,1256.0088928222656
2025-05-16,1430.115536446277,1435.4292940858757,1423.915992369514,1430.8043212890625,6439208,ICICIBANK,0.2205662368634842,1322.4499291992188,1257.319271850586
2025-05-19,1423.4240376832488,1436.413410510274,1420.7671587350164,1425.8841552734375,6005334,ICICIBANK,-0.3438741372539522,1327.2697924804688,1258.5596826171875
2025-05-20,1427.0649116587983,1435.724573309837,1412.5994688048465,1415.25634765625,11352383,ICICIBANK,-0.745348601980178,1331.835771484375,1259.7201239013673
2025-05-21,1419.88149736354,1428.1475165201844,1415.5516663650185,1421.6527099609375,5510460,ICICIBANK,0.4519578601629437,1336.4470166015626,1260.9284014892578
2025-05-22,1418.11006923761,1422.2431385993382,1405.0223165661077,1419.0941162109375,7245933,ICICIBANK,-0.17997319120717226,1340.9027807617188,1262.0972991943358
2025-05-23,1419.1925334305297,1428.639480716087,1411.5170389146704,1426.67138671875,5203706,ICICIBANK,0.5339512313703443,1345.463837890625,1263.3274993896484
2025-05-26,1434.7404521515875,1448.1234666381572,1431.7883113035389,1437.2989501953125,5608725,ICICIBANK,0.7449202090612506,1350.3063305664064,1264.6769372558595
2025-05-27,1429.3282240162364,1439.660717201896,1412.7961868700127,1423.3255615234375,14842959,ICICIBANK,-0.9721977929487924,1354.8634521484375,1266.0733422851563
2025-05-28,1424.5063806110309,1434.7404932016627,1419.487765050342,1430.6075439453125,8618343,ICICIBANK,0.5116174836402809,1358.9649609375,1267.5342065429688
2025-05-29,1433.3627849687755,1439.5623288964678,1421.9478642011566,1433.264404296875,15545514,ICICIBANK,0.18571552784039103,1363.14814453125,1268.9810375976563
2025-05-30,1436.6102684488903,1437.5943154688398,1421.2591589622632,1422.7352294921875,11803975,ICICIBANK,-0.7346289193481237,1367.0006909179688,1270.413516845703
2025-06-02,1418.9958296640707,1436.7086763589064,1409.9426449581042,1427.3602294921875,9458990,ICICIBANK,0.32507805416828184,1370.5727807617188,1271.8349731445312
2025-06-03,1431.6899803606145,1431.7883610343827,1409.1552804132207,1414.961181640625,11167345,ICICIBANK,-0.8686698420884098,1373.8968896484375,1273.139327392578
2025-06-04,1414.4691895072294,1417.1260683724902,1403.6446724484365,1408.1712646484375,8025388,ICICIBANK,-0.47986595535537413,1376.217275390625,1274.4316271972657
2025-06-05,1408.072806574806,1435.724501880477,1404.5302615748733,1431.591552734375,11385668,ICICIBANK,1.6631704306069972,1378.8368090820313,1275.873994140625
2025-06-06,1425.4904326139017,1438.0862820195339,1419.0941272375726,1436.413330078125,11580994,ICICIBANK,0.33681236345242116,1381.1316040039062,1277.2145123291016
2025-06-09,1441.6289396983907,1443.40027245163,1410.5330766960358,1411.9107666015625,11022031,ICICIBANK,-1.7058156565025628,1382.6401489257812,1278.4883618164063
2025-06-10,1416.0435714397854,1418.7004501751119,1393.902514902332,1400.200439453125,12905272,ICICIBANK,-0.8293956973374428,1384.1988793945313,1279.6861932373047
2025-06-11,1399.1180802484353,1411.6154291671444,1395.9690577575766,1408.1712646484375,7136877,ICICIBANK,0.5692631548112947,1386.070537109375,1280.9465118408202
2025-06-12,1407.679242298958,1413.5835243358638,1397.3467487343728,1402.4637451171875,7953247,ICICIBANK,-0.40531430192725093,1387.8132836914062,1282.0983386230469
2025-06-13,1381.2083238229704,1398.822788875249,1381.2083238229704,1393.5089111328125,7573103,ICICIBANK,-0.6385073422077503,1389.1466674804688,1283.1443804931641
2025-06-16,1394.000986381205,1406.2031934701922,1391.639249505445,1404.13671875,5451137,ICICIBANK,0.762665206679447,1391.2810668945312,1284.1953430175781
2025-06-17,1404.1366513466178,1406.990411596049,1395.1818479070278,1400.49560546875,6970098,ICICIBANK,-0.25931330137790587,1393.0907275390625,1285.163890991211
2025-06-18,1394.3945278693373,1409.1552321163663,1387.7029605615166,1390.064697265625,6751745,ICICIBANK,-0.7448012091143763,1394.7252270507813,1286.0925848388672
2025-06-19,1385.538241229197,1392.1313083904192,1382.2908379271437,1388.78564453125,8849883,ICICIBANK,-0.09201389956100536,1396.2209790039062,1287.0244775390624
2025-06-20,1388.7856250535913,1410.4346597691706,1387.7030772194692,1404.33349609375,12408178,ICICIBANK,1.119528533703118,1398.9674536132814,1287.9981927490235
2025-06-23,1394.394668602004,1400.4957122573712,1389.3760526760818,1397.4451904296875,5514384,ICICIBANK,-0.4905035508462108,1401.3331030273437,1288.933776245117
2025-06-24,1404.9238929302046,1412.993150628414,1393.9026142728064,1401.38134765625,11188438,ICICIBANK,0.2816680935695315,1403.7597631835938,1289.801705932617
2025-06-25,1399.3147727333048,1406.104720760603,1392.7217061711412,1403.05419921875,7527388,ICICIBANK,0.11937161610562352,1406.0063427734376,1290.733844604492
2025-06-26,1402.0701682033073,1424.4079863300926,1399.0195265038492,1416.1419677734375,13617435,ICICIBANK,0.9328056294600096,1407.7559790039063,1291.733389892578
2025-06-27,1415.9451910518737,1442.6128395732899,1414.1738584793554,1438.8734130859375,22532899,ICICIBANK,1.6051671251746003,1409.8382202148437,1292.9833752441407
2025-06-30,1438.4799818113797,1438.5783624887893,1419.291064922364,1422.7352294921875,6325073,ICICIBANK,-1.1215846680451613,1410.6077490234375,1294.0205615234374
2025-07-01,1422.6366689959384,1424.506382279972,1406.7935366641375,1409.1552734375,7761449,ICICIBANK,-0.9544963653943195,1411.0446630859376,1294.978530883789
2025-07-02,1409.352049520214,1427.8521809615802,1399.905222450911,1405.0223388671875,13372280,ICICIBANK,-0.29329163706924843,1411.2670581054688,1295.9205102539063
2025-07-03,1409.253631009119,1423.030288484485,1400.9876124993152,1403.152587890625,10177738,ICICIBANK,-0.13307624546881058,1411.2965795898438,1296.775400390625
2025-07-04,1404.2350901711065,1421.35753225384,1398.4291887589882,1419.7830810546875,5066503,ICICIBANK,1.1852234252771598,1412.0857885742187,1297.7223004150392
2025-07-07,1414.0754516482682,1417.9132587357801,1406.7934802735126,1412.796142578125,5177477,ICICIBANK,-0.49211309599296316,1412.6939282226563,1298.572762451172
2025-07-08,1409.1552578612602,1421.947868442403,1407.1871639257,1418.9957275390625,5315847,ICICIBANK,0.43881666817295883,1412.9537158203125,1299.4283911132814
2025-07-09,1413.2883371129633,1415.7484547587683,1403.8415093776578,1409.0570068359375,8827347,ICICIBANK,-0.7004052591730869,1412.995048828125,1300.1346917724609
2025-07-10,1413.8788169776346,1416.0436723886824,1399.4132536015054,1401.38134765625,7795964,ICICIBANK,-0.5447373060457839,1412.9379736328126,1300.7846551513671
2025-07-11,1399.3148113378843,1405.2190932422636,1392.032839631232,1399.2164306640625,7158015,ICICIBANK,-0.15448450172454997,1412.776591796875,1301.1952490234376
2025-07-14,1402.1686636122888,1402.1686636122888,1393.5090015352046,1400.2989501953125,5846154,ICICIBANK,0.07736612489150918,1412.650634765625,1301.692685546875
2025-07-15,1398.429159387504,1410.9266282871913,1396.3626847243358,1407.9744873046875,6041457,ICICIBANK,0.5481356040654362,1412.634892578125,1302.244736328125
2025-07-16,1403.2510104989537,1406.3999128239755,1396.4610622300193,1403.6446533203125,5649093,ICICIBANK,-0.3075221904527359,1412.457763671875,1302.749306640625
2025-07-17,1398.3308611520058,1400.495716617636,1387.0143200519017,1396.0675048828125,12927394,ICICIBANK,-0.5398195632759561,1412.1271240234375,1303.190405883789
2025-07-18,1393.213729649599,1406.2031014317106,1386.0301388149505,1403.05419921875,11297246,ICICIBANK,0.5004553369734044,1412.853349609375,1303.7768981933593
2025-07-21,1424.9000530820128,1444.2857308931439,1414.07553610418,1442.4161376953125,13867136,ICICIBANK,2.8054467531247296,1413.1938305664062,1304.7255194091797
2025-07-22,1450.5836983181339,1458.3576938551728,1446.25386737522,1450.0916748046875,8930165,ICICIBANK,0.5321305626571071,1414.0401123046875,1305.7056298828124
2025-07-23,1459.243275244324,1466.2299847038992,1449.1075434082761,1464.852294921875,11974174,ICICIBANK,1.01790944487532,1415.268203125,1306.8483544921876
2025-07-24,1463.9666816111749,1464.9507286163912,1454.5198543856832,1459.7353515625,6700578,ICICIBANK,-0.3493146289979987,1415.9098022460937,1308.0471704101562
2025-07-25,1476.0704664133914,1476.0704664133914,1450.0916021799312,1453.5357666015625,8696077,ICICIBANK,-0.4247060917104917,1416.3644311523437,1309.2437713623046
2025-07-28,1453.5358600374882,1469.969517693696,1453.5358600374882,1464.6556396484375,7507479,ICICIBANK,0.7650223202194661,1417.1398608398438,1310.4826873779298
2025-07-29,1456.2911765714125,1466.0332658775797,1451.8629650797843,1462.4906005859375,9776027,ICICIBANK,-0.14781898242098856,1418.0845458984375,1311.6736303710939
2025-07-30,1463.9667199639605,1464.754005637929,1453.7327269399423,1458.7513427734375,7238625,ICICIBANK,-0.2556773910890042,1418.8265185546875,1312.8490747070311
2025-07-31,1446.4507928310486,1470.6583264040125,1440.6448911712775,1457.767333984375,12406146,ICICIBANK,-0.0674555532673371,1419.5999829101563,1314.1204638671875
2025-08-01,1456.7831967694258,1461.408169601032,1446.3523226373668,1448.12353515625,4416771,ICICIBANK,-0.661545817587128,1420.0290258789062,1315.3005822753905
2025-08-04,1453.240679444368,1455.2087734738848,1437.987950715613,1439.8575439453125,6140054,ICICIBANK,-0.5708070485882732,1420.0801977539063,1316.322515258789
2025-08-05,1429.820201520808,1438.184600497358,1418.0116382597967,1421.357421875,14799343,ICICIBANK,-1.2848578075037143,1420.0408349609374,1317.3127124023438
2025-08-06,1419.291123395121,1430.8044259536912,1418.6022183790183,1420.5703125,7805252,ICICIBANK,-0.05537730080317216,1419.8400903320312,1318.3575244140625
2025-08-07,1418.110163604165,1424.8017315172433,1406.301599138448,1417.322998046875,7432535,ICICIBANK,-0.22859230722696022,1419.5212622070312,1319.2225024414063
2025-08-08,1422.8336344297813,1424.5064663430474,1409.1553565946745,1412.9931640625,5415511,ICICIBANK,-0.305493807010937,1419.3264208984374,1320.0926458740234
2025-08-11,1405.1207239838918,1415.4532174004985,1397.7403715434584,1413.681884765625,8492484,ICICIBANK,0.04874196992892266,1419.0528540039063,1320.9246575927734
2025-08-12,1419.0368204237539,1421.8134608053708,1408.2279203629066,1410.112060546875,5913947,ICICIBANK,-0.25251962674345263,1418.9558715820312,1321.817052001953
2025-08-13,1412.6902784003407,1415.7643381003145,1403.368838463484,1408.922119140625,9009465,ICICIBANK,-0.08438630088650756,1418.970888671875,1322.6978381347656
2025-08-14,1400.1956576735638,1419.1359571615956,1400.1956576735638,1415.3677978515625,7577793,ICICIBANK,0.45749006445219287,1418.6464135742187,1323.597568359375
2025-08-18,1437.8779693374279,1440.2579294966365,1419.0368097392131,1422.606689453125,6908844,ICICIBANK,0.5114495053901047,1418.3702807617187,1324.3494757080077
2025-08-19,1419.1358802007367,1426.474039895735,1414.3760811646432,1424.29248046875,6709554,ICICIBANK,0.11850014681662469,1418.6179150390626,1324.9179235839845
2025-08-20,1420.6234166864958,1423.8958770531979,1411.1036970512757,1418.64013671875,5817858,ICICIBANK,-0.3968527410984968,1418.986708984375,1325.5550378417968
2025-08-21,1428.0606770004104,1435.6963772945633,1424.3916575816534,1433.911376953125,6238645,ICICIBANK,1.0764703351546778,1419.5015112304689,1326.366421508789
2025-08-22,1432.2257038615987,1433.9114434457279,1417.450243616132,1424.3917236328125,6657207,ICICIBANK,-0.6638941201889681,1419.9400708007813,1327.1324206542968
2025-08-25,1423.8958843891958,1423.8958843891958,1412.0953443103494,1421.2183837890625,6738427,ICICIBANK,-0.22278561375354,1420.4942602539063,1327.954389038086
2025-08-26,1415.9627825871721,1415.9627825871721,1401.2864621426106,1404.7572021484375,8720155,ICICIBANK,-1.158244350649218,1420.506669921875,1328.598106689453
2025-08-28,1396.2290622275916,1399.9973424915918,1384.6269231275805,1387.4034423828125,12990789,ICICIBANK,-1.2353565256034371,1420.2448266601561,1329.127255859375
2025-08-29,1380.4619594997932,1393.254139151069,1380.4619594997932,1386.1143798828125,8519507,ICICIBANK,-0.09291187124245148,1420.1658203125,1329.766323852539
2025-09-01,1386.4117998354175,1400.5922996421114,1386.4117998354175,1399.2039794921875,4927348,ICICIBANK,0.9443376246108581,1420.3741870117187,1330.5685064697266
2025-09-02,1402.0798141390458,1402.0798141390458,1378.3795940317052,1382.54443359375,7163073,ICICIBANK,-1.1906445480868166,1419.9384057617187,1331.2359741210937
2025-09-03,1377.387925122752,1388.2959648465462,1372.6280048233573,1385.321044921875,9813382,ICICIBANK,0.2008334242761034,1419.6959228515625,1331.9109289550781
2025-09-04,1398.1132401473494,1403.2697196534332,1390.180120261188,1393.75,10564859,ICICIBANK,0.6084477752664519,1419.5432958984375,1332.7111810302733
2025-09-05,1399.2040313658385,1399.699851362779,1376.098771088494,1391.0726318359375,6621077,ICICIBANK,-0.19209816423766402,1419.3036645507811,1333.4820556640625
2025-09-08,1390.4775686686341,1398.807368933041,1385.9160488487796,1390.973388671875,5880943,ICICIBANK,-0.007134290603616478,1418.80029296875,1334.2696545410156
2025-09-09,1387.304306420236,1395.7332460946977,1383.5360261458507,1391.9649658203125,6470679,ICICIBANK,0.07128656497046304,1417.8621240234374,1335.0836138916015
2025-09-10,1398.2123094765393,1401.8813288190768,1390.3783297737682,1392.163330078125,7452347,ICICIBANK,0.014250664541370917,1417.2506860351561,1335.8914306640625
2025-09-11,1386.3126886500647,1396.2290884258164,1384.3294086949145,1389.882568359375,10192026,ICICIBANK,-0.1638286018223134,1416.8652319335938,1336.5525372314453
2025-09-12,1393.3532613043915,1407.8311802789096,1388.39506158368,1405.847900390625,7770038,ICICIBANK,1.1486820825514554,1416.8817431640625,1337.1807971191406
2025-09-15,1410.1120532176328,1414.8719735471493,1404.4597537449094,1407.5338134765625,5845637,ICICIBANK,0.11992144281534056,1416.9693676757813,1337.7978057861328
2025-09-16,1402.1788926034542,1412.987792293879,1401.8813521978338,1409.71533203125,8213151,ICICIBANK,0.154988713862525,1416.7680126953126,1338.4466333007813
2025-09-17,1408.2279494348236,1414.1777894755733,1404.5589298296168,1407.33544921875,7484283,ICICIBANK,-0.16882009852803304,1416.658798828125,1339.1541668701173
2025-09-18,1419.1358927633355,1420.821753289835,1403.4680543540285,1409.814453125,8130537,ICICIBANK,0.1761487574001075,1416.4751733398436,1339.8064416503905
2025-09-19,1404.26135906907,1406.145499251229,1388.494259091765,1390.4775390625,13457344,ICICIBANK,-1.3715928375991449,1416.103583984375,1340.3396447753905
2025-09-22,1392.1634074537787,1398.1132473992611,1385.5193468847744,1389.783447265625,8847948,ICICIBANK,-0.049917512320474255,1415.8716259765624,1340.8509265136718
2025-09-23,1379.3712163938944,1391.568436605077,1379.3712163938944,1382.6436767578125,12827524,ICICIBANK,-0.51373259063201,1415.5401708984375,1341.2888696289062
2025-09-24,1374.8096433544556,1379.2720231049968,1364.9923836933056,1371.1405029296875,9735678,ICICIBANK,-0.8319695104019198,1414.957001953125,1341.5686779785156
2025-09-25,1365.488259405882,1379.867039189023,1360.331779903573,1364.29833984375,21613389,ICICIBANK,-0.4990125425744507,1414.0834790039062,1341.8524072265625
2025-09-26,1356.563442311047,1361.2241016242142,1345.655402935739,1348.233642578125,18342280,ICICIBANK,-1.1775061800240016,1412.9752587890625,1342.087548828125
2025-09-29,1348.233693764239,1355.076033842118,1334.9456938107846,1336.829833984375,20563163,ICICIBANK,-0.8458332616551045,1411.7905053710938,1342.225571899414
2025-09-30,1342.3830124406416,1345.2587926353076,1331.3758327091439,1336.730712890625,20166871,ICICIBANK,-0.007414638066127743,1410.4640356445314,1342.3776135253906
2025-10-01,1336.7306701838102,1367.8681892333634,1335.8381700071102,1360.530029296875,20952632,ICICIBANK,1.780412178514612,1408.8263134765625,1342.6400415039063
2025-10-03,1360.4309257938526,1360.4309257938526,1349.9195661151996,1353.786865234375,12163695,ICICIBANK,-0.49562772723105164,1406.9002172851563,1342.7917517089843
2025-10-06,1359.5383926525742,1361.1249923873581,1347.73785285358,1352.001953125,14314283,ICICIBANK,-0.1318458728779226,1404.6432104492187,1342.9286334228516
2025-10-07,1352.2002408686599,1371.5372203120692,1352.2002408686599,1364.3974609375,16126464,ICICIBANK,0.9168261764599617,1402.7364526367187,1343.188257446289
2025-10-08,1360.8276403806535,1370.0498198860423,1352.8945202642897,1358.8443603515625,8100832,ICICIBANK,-0.40700021400815745,1400.8426245117187,1343.5165521240235
2025-10-09,1358.3484255020637,1367.173924045517,1353.687645197864,1364.69482421875,7909575,ICICIBANK,0.43054701759028813,1398.843408203125,1344.0081756591796
2025-10-10,1358.8443421746942,1373.4214017735967,1358.8443421746942,1368.7607421875,7673816,ICICIBANK,0.2979360584207891,1396.9688110351562,1344.512748413086
2025-10-13,1361.6207839903618,1374.8096436760768,1361.6207839903618,1367.8681640625,8923018,ICICIBANK,-0.06521067542991643,1395.1511474609374,1344.9715283203125
2025-10-14,1377.3878684808556,1377.3878684808556,1363.6040491867466,1372.52880859375,10610855,ICICIBANK,0.34072322565121826,1393.446376953125,1345.4513970947266
2025-10-15,1374.9088107982643,1388.692630514965,1373.9171708337506,1386.7093505859375,8988550,ICICIBANK,1.0331689873028127,1392.2180932617186,1346.0016772460938
2025-10-16,1389.287635646356,1407.0380158006922,1387.7010358612888,1405.451416015625,12185032,ICICIBANK,1.3515496539897365,1391.529970703125,1346.5954803466798
2025-10-17,1400.1956466119625,1427.5648857493748,1399.1048668479334,1424.5899658203125,17037215,ICICIBANK,1.361736847435413,1391.5946215820313,1347.3484478759765
2025-10-20,1429.944862993793,1432.9197829584125,1377.5862231965677,1378.6771240234375,23330227,ICICIBANK,-3.2228811727195716,1390.7567578125,1347.9358142089843
2025-10-21,1372.9255110082336,1375.999570643796,1364.3974316467445,1370.4464111328125,3415560,ICICIBANK,-0.5970007587131843,1389.8192260742187,1348.472186279297
2025-10-23,1373.4214191916344,1378.1813396780694,1348.7295586366392,1352.2994384765625,21124942,ICICIBANK,-1.32416506831885,1388.6053515625,1348.8836279296875
2025-10-24,1356.66265330236,1370.0497932383416,1356.66265330236,1366.182373046875,10570263,ICICIBANK,1.0266168997269176,1387.655361328125,1349.490196533203
2025-10-27,1370.5456319928564,1375.206412664237,1362.5133721313011,1366.083251953125,11499836,ICICIBANK,-0.007255333966060817,1386.77478515625,1350.1009436035156
2025-10-28,1361.521728041381,1364.298368477702,1344.8621275230646,1351.7044677734375,26477914,ICICIBANK,-1.05255548365224,1385.6304321289062,1350.5652551269532
2025-10-29,1353.191921020162,1360.2325408166014,1347.043801434495,1358.9434814453125,16129382,ICICIBANK,0.5355470699744957,1384.5019458007812,1351.142025756836
2025-10-30,1351.0103759765625,1358.7450954369456,1349.9195961737937,1351.0103759765625,9324401,ICICIBANK,-0.5837700814689262,1383.07001953125,1351.685772705078
2025-10-31,1345.6554843440952,1350.6136843601014,1332.07006472016,1334.0533447265625,15926798,ICICIBANK,-1.255137010901397,1381.2652368164063,1352.2064837646485
2025-11-03,1329.2933430972657,1340.3005222505137,1326.715103456384,1335.14404296875,11071450,ICICIBANK,0.08175821802771654,1379.5953149414063,1352.8315447998048
2025-11-04,1331.375810196628,1338.5156906678078,1322.0543701938611,1325.7235107421875,15211183,ICICIBANK,-0.705581714285719,1377.4315576171875,1353.357594604492
2025-11-06,1318.88116976713,1330.979129069885,1306.386530263507,1309.3614501953125,24221853,ICICIBANK,-1.2341985651076581,1375.1309521484375,1353.8119213867187
2025-11-07,1309.3614221413634,1333.0616413002483,1307.576421800604,1331.7724609375,7719245,ICICIBANK,1.71159848480682,1373.3420336914062,1354.3249182128907
2025-11-10,1331.6733731274833,1338.3173126722259,1329.7892329275433,1336.730712890625,8542340,ICICIBANK,0.3723047366240406,1371.98150390625,1354.9790704345703
2025-11-11,1337.7222802082897,1349.0269997439532,1334.9456399539874,1346.944580078125,8305184,ICICIBANK,0.76409310334562,1371.1723266601562,1355.647389526367
2025-11-12,1358.5467300041707,1358.5467300041707,1344.0688109600715,1347.53955078125,9736761,ICICIBANK,0.04417187699663483,1370.400830078125,1356.4997485351562
2025-11-13,1347.5395638924115,1378.7762225869417,1347.142883699029,1374.3138427734375,18296626,ICICIBANK,1.986902126669654,1369.90302734375,1357.4648223876952
2025-11-14,1362.513368521827,1369.653128146561,1351.8036080349211,1361.521728515625,9694498,ICICIBANK,-0.9308000734386312,1369.4825732421875,1358.3595385742187
2025-11-17,1363.6041374139656,1370.9422976111398,1362.1166774165574,1367.4715576171875,7660717,ICICIBANK,0.4369984684746253,1369.1255834960937,1359.247348022461
2025-11-18,1368.6614140079962,1371.2397747243117,1357.6542347453071,1361.9183349609375,9529560,ICICIBANK,-0.4060941981072319,1368.4889501953126,1360.0151373291017
2025-11-19,1362.0175118520117,1372.4297316368286,1360.133371680989,1371.5372314453125,10393918,ICICIBANK,0.7062755700877554,1368.0982421875,1360.7377825927733
2025-11-20,1368.5623301618334,1376.6938507345087,1363.9016706145442,1371.4381103515625,10131863,ICICIBANK,-0.0072270071477031905,1367.7075366210938,1361.4365606689453
2025-11-21,1361.5216431243439,1364.4965629563708,1353.1918433847088,1358.0509033203125,11483595,ICICIBANK,-0.9761437231621262,1367.0292553710938,1362.0489685058594
2025-11-24,1361.8192653055182,1365.488284898759,1350.1178648436169,1356.960205078125,15896003,ICICIBANK,-0.0803135022053203,1366.3251928710938,1362.6696984863281
2025-11-25,1353.5886121834044,1365.3891524995797,1342.978112507823,1346.4488525390625,12235000,ICICIBANK,-0.7746249668727279,1365.4565185546876,1363.224341430664
2025-11-26,1348.6304048295453,1365.4882848899147,1348.5312650391513,1363.5050048828125,9659004,ICICIBANK,1.2667508544113248,1364.6096606445312,1363.8768121337891
2025-11-27,1367.471557668799,1382.3461576434415,1364.1990972544559,1380.5611572265625,15158741,ICICIBANK,1.2509050045779624,1364.0702075195313,1364.5397760009766
2025-11-28,1380.3628968845176,1386.8085569633604,1374.0163765969262,1377.189697265625,7683986,ICICIBANK,-0.2442093885728691,1363.4196948242188,1365.1883428955077
2025-12-01,1382.3461800316288,1388.2960201178482,1373.8181001180092,1378.478759765625,8867593,ICICIBANK,0.09360093983852291,1362.8425610351562,1365.820230102539
2025-12-02,1370.2482089901266,1370.2482089901266,1359.1417682907786,1361.521728515625,12126396,ICICIBANK,-1.2301264078151686,1361.8767065429688,1366.443594970703
2025-12-03,1355.5718853340877,1382.544445020301,1355.5718853340877,1379.8670654296875,7955933,ICICIBANK,1.3474141858950128,1361.6644970703126,1367.1306420898438
2025-12-04,1375.4045960658268,1379.9661155774988,1368.3639767054422,1375.1070556640625,7373909,ICICIBANK,-0.3449614738172402,1361.3709692382813,1367.8423529052734
2025-12-05,1369.4547830523452,1383.6352828825825,1369.4547830523452,1380.858642578125,4942638,ICICIBANK,0.41826466458532163,1361.3352685546874,1368.5874963378906
2025-12-08,1375.404670384236,1383.2386505394277,1371.7356508298087,1377.98291015625,7826227,ICICIBANK,-0.20825682899053843,1361.4721166992188,1369.332529296875
2025-12-09,1368.3640275890855,1372.7272676950297,1361.9183677427457,1363.7032470703125,10492030,ICICIBANK,-1.0362728725219372,1361.46021484375,1369.9510577392577
2025-12-10,1366.3806948465074,1367.8681547535796,1346.5478960855444,1352.2001953125,8725381,ICICIBANK,-0.8435157562706408,1361.5395458984376,1370.5561065673828
2025-12-11,1352.299390595187,1355.1751707435094,1341.490611666704,1348.63037109375,6734750,ICICIBANK,-0.26400116130178564,1361.775556640625,1371.1831604003905
2025-12-12,1356.5634801370334,1359.240859638436,1351.90282069391,1354.5802001953125,3890885,ICICIBANK,0.44117567193278084,1362.1325463867188,1371.7484466552735
2025-12-15,1344.7629655399599,1358.5467856038574,1344.7629655399599,1353.786865234375,5342530,ICICIBANK,-0.05856685051376376,1361.9976831054687,1372.3673333740235
2025-12-16,1352.5969202535916,1357.257579696715,1344.1679805012782,1354.5802001953125,12359741,ICICIBANK,0.05860117137421739,1362.0135498046875,1373.0738305664063
2025-12-17,1353.5885110391764,1353.5885110391764,1331.8715722565005,1341.0938720703125,9440391,ICICIBANK,-0.9956094237207558,1361.7953881835938,1373.7847314453124
2025-12-18,1335.0449336848067,1358.0509324595278,1334.2515732926577,1345.4571533203125,7314573,ICICIBANK,0.3253524112569517,1361.41658203125,1374.4889111328125
2025-12-19,1342.6805232986085,1349.0270433350909,1339.5073238052678,1342.7796630859375,14318512,ICICIBANK,-0.19900226683305933,1361.0952880859375,1375.1880682373046
2025-12-22,1346.647106277973,1359.8359665635035,1343.4739067302291,1357.059326171875,9375294,ICICIBANK,1.0634405240484757,1360.942578125,1376.0489099121094
2025-12-23,1349.7210845323889,1353.5885044694035,1345.6553850292898,1351.605224609375,9105467,ICICIBANK,-0.40190590472455323,1360.5994677734375,1376.8721490478515
2025-12-24,1352.3986889312134,1356.7618081188289,1346.2504482626368,1348.43212890625,8955140,ICICIBANK,-0.23476497762444648,1360.2107470703124,1377.658857421875
2025-12-26,1345.159575111433,1350.6135947672478,1337.2264556120658,1339.110595703125,2812144,ICICIBANK,-0.6912867917709731,1359.5423828125,1378.372880859375
2025-12-29,1340.7964277815033,1344.3663075928198,1330.2850679288142,1332.070068359375,6057201,ICICIBANK,-0.5257614543818345,1358.4495971679687,1379.0401385498046
2025-12-30,1332.0699716952038,1335.8381308143366,1326.9133714087848,1331.276611328125,18621277,ICICIBANK,-0.059565712802722715,1356.9661010742188,1379.720650024414
2025-12-31,1331.574200056716,1338.7139594203709,1328.3017397359904,1331.67333984375,6150634,ICICIBANK,0.029800607345542574,1355.1077685546875,1380.4016693115234
2023-01-02,2014.5654530114318,2019.0897262881256,1997.3836956834186,2011.24462890625,807344,LT,0.0,0.0,0.0
2023-01-03,2009.849031928258,2018.3197070327258,1990.549428850039,2010.763427734375,1260225,LT,-0.023925541674996165,0.0,0.0
2023-01-04,2012.6887317958124,2022.7957320480239,1980.9720494334788,1993.0523681640625,1015547,LT,-0.8808126966118768,0.0,0.0
2023-01-05,2002.1485169336402,2020.6298408586247,1991.0789458063628,2009.2235107421875,1881403,LT,0.8113756987239373,0.0,0.0
2023-01-06,2011.9666606926087,2042.2876593015144,1994.303616790358,2008.453369140625,1877917,LT,-0.038330310064804696,0.0,0.0
2023-01-09,2029.1004170884403,2047.678091247347,2022.1217747621163,2042.28759765625,1844365,LT,1.6845911901903987,0.0,0.0
2023-01-10,2052.1058306610507,2052.1058306610507,2018.7046507814632,2027.8009033203125,1425414,LT,-0.7093366454637762,0.0,0.0
2023-01-11,2027.27164865881,2059.902723976771,2018.6085063617113,2045.8011474609375,1455621,LT,0.8876731493289824,0.0,0.0
2023-01-12,2038.8225695435297,2083.6300800619115,2038.8225695435297,2078.91357421875,2726901,LT,1.618555488587381,0.0,0.0
2023-01-13,2080.982881764188,2083.8226552136975,2037.9559899531828,2072.801025390625,2180210,LT,-0.2940261155599977,0.0,0.0
2023-01-16,2066.6407661163144,2080.116765522755,2052.4910137401075,2057.20751953125,1009649,LT,-0.7522914967892924,0.0,0.0
2023-01-17,2059.8064316719865,2134.7908842536053,2056.437431793555,2130.266845703125,4645453,LT,3.551383391235219,0.0,0.0
2023-01-18,2137.8709722452018,2189.657357970111,2117.656973858372,2181.66796875,4090049,LT,2.412895978292773,0.0,0.0
2023-01-19,2175.2669259020613,2198.32046238007,2157.122362232024,2188.02099609375,2176835,LT,0.29120046839161695,0.0,0.0
2023-01-20,2197.0211204027964,2211.6521591848536,2154.667977347857,2165.737548828125,1962410,LT,-1.0184293160535152,0.0,0.0
2023-01-23,2170.5986063598334,2188.213710786727,2143.646605926097,2149.9033203125,1466706,LT,-0.7311240701438071,0.0,0.0
2023-01-24,2160.684075597296,2167.9997125804357,2117.6571790062285,2124.87646484375,1036962,LT,-1.1640921353204048,0.0,0.0
2023-01-25,2118.6196296386524,2122.4699151991044,2074.3413456934554,2093.303955078125,2134447,LT,-1.485851544218908,0.0,0.0
2023-01-27,2093.303808767432,2112.844053621524,2047.4855548021733,2079.009765625,1647900,LT,-0.6828530285078238,0.0,0.0
2023-01-30,2049.6993216744104,2091.908169022645,2005.8062094804284,2033.81689453125,3441304,LT,-2.1737690626077444,0.0,0.0
2023-01-31,2040.603322747009,2052.9242844544106,1995.0736456188238,2044.88671875,4516463,LT,0.5442881435647307,0.0,0.0
2023-02-01,2053.164799099881,2133.0100498420975,2002.4373332487905,2065.2451171875,6868872,LT,0.9955758551722926,0.0,0.0
2023-02-02,2055.6676583883864,2085.8441319884814,2028.9563009657668,2064.619384765625,3488506,LT,-0.030298215774360315,0.0,0.0
2023-02-03,2095.469877625793,2100.186618747211,2051.2879419338315,2085.459228515625,2045634,LT,1.0093794480364071,0.0,0.0
2023-02-06,2083.2450088525175,2099.945715492456,2062.1166150794484,2075.400146484375,1332484,LT,-0.4823437396284991,0.0,0.0
2023-02-07,2081.3199696608517,2090.705040630533,2069.576645807037,2084.255859375,1089248,LT,0.4266990587634911,0.0,0.0
2023-02-08,2079.6837839198993,2093.833537170533,2045.9937833218214,2051.095458984375,1452145,LT,-1.5909947064065677,0.0,0.0
2023-02-09,2069.5284142909927,2071.4053814336326,2055.7635969070147,2067.025634765625,1563181,LT,0.7766667178493059,0.0,0.0
2023-02-10,2060.0951540175965,2088.7316516487945,2057.5444339439928,2082.860107421875,1454665,LT,0.7660511021212013,0.0,0.0
2023-02-13,2091.6677780588575,2127.6678565839243,2079.34681639693,2120.833740234375,2978938,LT,1.8231485003331827,0.0,0.0
2023-02-14,2132.0955195712418,2133.058090911906,2100.4749570293147,2109.619384765625,1874906,LT,-0.528771079788215,0.0,0.0
2023-02-15,2104.181223829148,2105.962075041651,2076.507294192786,2093.64111328125,1946344,LT,-0.7574006761485119,0.0,0.0
2023-02-16,2104.950898758003,2119.870753432523,2090.415978590112,2096.76904296875,2464602,LT,0.14940142642678733,0.0,0.0
2023-02-17,2088.587534754324,2164.8231449710665,2079.1542877445545,2143.02099609375,3753179,LT,2.205867798368155,0.0,0.0
2023-02-20,2150.095675146679,2167.7107786522693,2132.095637084714,2142.20263671875,1779752,LT,-0.038187184189597545,0.0,0.0
2023-02-21,2155.1974872060105,2177.336630665474,2139.507525492875,2146.0048828125,1882604,LT,0.17749236363437948,0.0,0.0
2023-02-22,2145.5715850680604,2157.1224415152637,2100.3789062189317,2112.603515625,2103097,LT,-1.5564441374301574,0.0,0.0
2023-02-23,2121.507607861619,2125.5503612027173,2072.8977466107062,2078.336181640625,2000556,LT,-1.6220428362885286,0.0,0.0
2023-02-24,2079.153970755751,2090.9936445342164,2039.4479053420125,2054.17529296875,1479060,LT,-1.1625110935037708,0.0,0.0
2023-02-27,2054.175580550692,2059.806482341488,2004.17004241129,2034.587158203125,1398112,LT,-0.9535765926439344,0.0,0.0
2023-02-28,2035.8385342162671,2058.2664950925873,2006.9613918869584,2030.2073974609375,2108587,LT,-0.21526532911254614,0.0,0.0
2023-03-01,2021.399687613577,2050.276826008057,2021.399687613577,2036.1270751953125,1389077,LT,0.2915799509832562,0.0,0.0
2023-03-02,2050.2289808707806,2068.5660137071327,2028.6674747290217,2042.191650390625,1727640,LT,0.29784856108407975,0.0,0.0
2023-03-03,2059.902434508702,2079.0575080060735,2052.4425074678406,2071.50146484375,1821066,LT,1.4352137052131564,0.0,0.0
2023-03-06,2077.4698314167945,2103.074325981187,2059.7104351695184,2061.009765625,1821012,LT,-0.5064780014307768,0.0,0.0
2023-03-08,2071.4534174232144,2107.6461919517856,2060.4801987112014,2089.5498046875,2965342,LT,1.3847600112581349,0.0,0.0
2023-03-09,2093.544644009375,2116.6945334517304,2090.2238196409426,2111.111572265625,1873933,LT,1.0318857932821501,0.0,0.0
2023-03-10,2090.2237219459203,2100.330721292193,2053.1647243429184,2077.084716796875,1900535,LT,-1.6117980648570174,0.0,0.0
2023-03-13,2083.052764685979,2097.394985092345,2028.138017219187,2053.983154296875,2334468,LT,-1.1122108941047704,0.0,0.0
2023-03-14,2064.0900833528385,2089.7425172581875,2054.512309884596,2063.945556640625,2871343,LT,0.4850284347711842,2077.8701318359376,0.0
2023-03-15,2083.1969414773384,2129.6410107380625,2079.154188666598,2095.180908203125,3044201,LT,1.513380595820557,2079.548857421875,0.0
2023-03-16,2103.1219851118653,2105.143478886936,2052.2020562354587,2092.2451171875,2946792,LT,-0.14012112291261758,2081.1784912109374,0.0
2023-03-17,2104.8546007609266,2145.47506235119,2104.8546007609266,2113.56591796875,3286473,LT,1.019039337508909,2083.5887622070313,0.0
2023-03-20,2109.0902525291035,2122.4699007595373,2071.4536174306236,2096.04736328125,1996773,LT,-0.8288624706976888,2085.3252392578124,0.0
2023-03-21,2101.004557815971,2143.646518040229,2100.330804833309,2125.790771484375,3178680,LT,1.4190236692248837,2087.6719873046877,0.0
2023-03-22,2136.427034598067,2162.1758172858335,2125.261113337968,2131.084716796875,1956033,LT,0.24903416570969394,2089.4479296875,0.0
2023-03-23,2131.133099325348,2158.0850987748104,2118.186560876074,2124.05810546875,2455799,LT,-0.3297199436860687,2091.3730737304686,0.0
2023-03-24,2123.432539461598,2136.282961840687,2072.4644300865925,2085.073974609375,1449544,LT,-1.8353608481332828,2092.1585302734375,0.0
2023-03-27,2093.6408357753894,2108.031230278334,2069.5283767572687,2073.378662109375,1540581,LT,-0.5609063583555174,2092.04783203125,0.0
2023-03-28,2086.614150927096,2088.587469296307,2043.0096195362742,2053.742431640625,1627243,LT,-0.9470643654050592,2091.66666015625,0.0
2023-03-29,2057.6404845489214,2078.4802945916326,2041.6137661004404,2067.07373046875,2372385,LT,0.6491222376642014,2091.863984375,0.0
2023-03-31,2075.7850252742296,2095.469561518221,2070.057772993362,2083.19677734375,1489542,LT,0.779993796899725,2090.9225830078126,0.0
2023-04-03,2098.405739090874,2101.774739130699,2074.3414530921254,2088.92431640625,1231654,LT,0.2749398964510208,2089.0677099609375,0.0
2023-04-05,2088.779964064749,2177.817819675804,2083.967107004692,2173.24560546875,2763363,LT,4.036588994644141,2088.7722021484374,0.0
2023-04-06,2173.2452597750716,2205.876331450586,2170.0687276201616,2189.127685546875,2389899,LT,0.7308000549113958,2089.2400048828126,0.0
2023-04-10,2199.3791603346162,2233.0691572280252,2192.7856876585674,2223.2509765625,1955914,LT,1.5587620238378452,2090.7069580078123,0.0
2023-04-11,2233.165725817402,2242.7914401528215,2201.689686941137,2215.358154296875,1342440,LT,-0.35501265258988113,2092.516591796875,0.0
2023-04-12,2217.764583788508,2226.1389082631927,2196.5398366696613,2202.8447265625,1165839,LT,-0.5648489708133253,2094.7074072265623,0.0
2023-04-13,2208.908751517709,2209.1012187845877,2158.518048016221,2174.2080078125,1956668,LT,-1.2999880747240455,2096.6113720703124,0.0
2023-04-17,2174.2081263265636,2188.69487274105,2118.7639202827686,2131.133056640625,4125850,LT,-1.9811789404277524,2098.5576953125,0.0
2023-04-18,2136.908146251749,2146.5338586222524,2106.105866666138,2133.635498046875,2848601,LT,0.11742304866664277,2100.3326708984373,0.0
2023-04-19,2125.4541099800313,2151.3471879502154,2125.4541099800313,2136.523681640625,1970015,LT,0.1353644329780801,2101.7582421875,0.0
2023-04-20,2141.7212244831903,2167.1811893422237,2139.074153306863,2149.18115234375,1898996,LT,0.5924329700574882,2103.4494775390626,0.0
2023-04-21,2156.3041950026736,2159.0476174521755,2119.582190650776,2132.2880859375,1009316,LT,-0.7860233832698404,2104.3860546875,0.0
2023-04-24,2136.9083070031525,2149.1329156327533,2104.7103437022383,2145.47509765625,1239073,LT,0.6184441870551449,2105.7875537109376,0.0
2023-04-25,2147.5448937701212,2169.635859626007,2135.079641577173,2163.812255859375,1350118,LT,0.8546898644107737,2107.378681640625,0.0
2023-04-26,2163.7162046283606,2201.6895991671618,2160.0583863261677,2190.956787109375,1894812,LT,1.2544771930418364,2110.175908203125,0.0
2023-04-27,2190.5718375499196,2223.5399076086187,2182.245689039856,2219.3046875,1252989,LT,1.2938594023127914,2113.2214892578127,0.0
2023-04-28,2225.7537390339317,2280.33148658352,2225.7537390339317,2275.903564453125,2884961,LT,2.5502977248645475,2117.0823583984375,0.0
2023-05-02,2284.374440695244,2325.9095383563103,2284.374440695244,2295.203369140625,1840153,LT,0.8480062595331184,2120.5697509765623,0.0
2023-05-03,2294.866464296418,2300.545541296837,2260.5988300149047,2268.10693359375,998235,LT,-1.180567957994083,2123.739501953125,0.0
2023-05-04,2273.401311447886,2292.5082138450057,2255.160629359921,2268.6845703125,1230912,LT,0.025467790349487096,2127.24037109375,0.0
2023-05-05,2268.7807146876644,2316.861107525314,2268.7807146876644,2288.513427734375,2425866,LT,0.8740244316618906,2131.0752587890624,0.0
2023-05-08,2288.46524287697,2295.7327036774263,2265.941166955207,2276.8662109375,1583576,LT,-0.5089424713756507,2133.7521630859374,0.0
2023-05-09,2279.032272529482,2312.000345747091,2279.032272529482,2285.481689453125,1417301,LT,0.3783919526864743,2136.617744140625,0.0
2023-05-10,2297.6579364109916,2299.5349036442017,2262.0427945395186,2275.951904296875,1675409,LT,-0.4169705318676331,2139.2166845703123,0.0
2023-05-11,2213.9140943783245,2227.438268781494,2153.609093591258,2158.229248046875,9470848,LT,-5.172457995608159,2140.12919921875,0.0
2023-05-12,2139.459082722579,2151.3469327053012,2115.1062159608355,2137.96728515625,5367292,LT,-0.9388234780416171,2141.3218212890624,0.0
2023-05-15,2137.774746069045,2175.411382123715,2132.095668762845,2162.753662109375,2662740,LT,1.159343135192703,2143.493388671875,0.0
2023-05-16,2170.2134632218285,2170.5983977613428,2139.8924656477784,2143.8388671875,2528855,LT,-0.8745700101336129,2145.6784228515626,0.0
2023-05-17,2141.0958960221747,2160.010330988941,2127.4753690207235,2136.523681640625,1961004,LT,-0.3412190001234494,2147.8047485351562,0.0
2023-05-18,2146.5343622749283,2149.951537968796,2099.368360592654,2106.298828125,2290757,LT,-1.4146743972627274,2149.20818359375,0.0
2023-05-19,2109.956312758174,2116.7424874982084,2087.3358869599,2108.079345703125,1729803,LT,0.08453299951318716,2150.5259375,0.0
2023-05-22,2108.031009140239,2138.8332887258493,2096.8650887893573,2133.635498046875,1112099,LT,1.2122955616372222,2151.7686181640624,0.0
2023-05-23,2142.2990791341613,2145.1867934383486,2111.8817277956055,2115.39501953125,2265389,LT,-0.8549013424421492,2152.8563232421875,0.0
2023-05-24,2117.657072207262,2125.838929077154,2094.555358692274,2103.36279296875,2648479,LT,-0.5687933672627321,2153.1325830078126,0.0
2023-05-25,2108.0313995391816,2124.683932024683,2096.480542555405,2122.18115234375,1689521,LT,0.894679673801746,2153.353974609375,0.0
2023-05-26,2126.3202510550777,2137.6304651564346,2118.619679752026,2135.41650390625,1249128,LT,0.6236673786251812,2154.5206103515625,0.0
2023-05-29,2141.721196032774,2157.8924412775295,2137.1008066767345,2141.2880859375,1369656,LT,0.2749619112013546,2156.266708984375,0.0
2023-05-30,2146.5343030932686,2153.2723031478213,2124.587627343595,2128.052978515625,1716729,LT,-0.6180909289503878,2157.548857421875,0.0
2023-05-31,2118.715703593918,2140.7584915426046,2117.656781202217,2123.09521484375,2809284,LT,-0.23297181611208195,2158.1071435546874,0.0
2023-06-01,2134.0206483383167,2138.833505010257,2119.726370021547,2125.1650390625,1049488,LT,0.0974908804974417,2158.7655419921875,0.0
2023-06-02,2137.8709298015006,2153.5608895241453,2129.352079506498,2150.913818359375,1399950,LT,1.2116131605587555,2159.5125,0.0
2023-06-05,2160.972916998755,2187.7324504547996,2156.1600597225884,2183.40087890625,2344944,LT,1.510384110677876,2161.2595703125,0.0
2023-06-06,2184.074242994709,2195.3362800148884,2178.9725681898954,2192.689208984375,1677680,LT,0.4254065374736715,2162.5975390625,0.0
2023-06-07,2192.7375583702224,2231.2404127753184,2192.7375583702224,2228.833984375,2128603,LT,1.6484221859862647,2164.5525244140626,0.0
2023-06-08,2230.2296751926024,2257.2780245266404,2226.1869224636807,2252.705810546875,2556995,LT,1.0710455035783717,2167.125478515625,0.0
2023-06-09,2257.230109926305,2280.187533616868,2250.732752467029,2274.556396484375,2501720,LT,0.9699706830425203,2170.915126953125,0.0
2023-06-12,2276.481357012698,2281.2942140042683,2245.7754234075933,2252.368896484375,1172382,LT,-0.9754649317244346,2174.494931640625,0.0
2023-06-13,2258.048035210332,2269.646831666449,2239.9998228789073,2266.27783203125,1688768,LT,0.6175247566499786,2178.7456396484376,0.0
2023-06-14,2264.834139094841,2271.6684899938164,2252.4170621125127,2266.90380859375,1013564,LT,0.027621351347684175,2182.7422412109377,0.0
2023-06-15,2266.8554314903454,2280.812715463428,2261.0800036394144,2272.919677734375,2561534,LT,0.26537822724630455,2186.53669921875,0.0
2023-06-16,2275.2782214611652,2290.92000722478,2264.2086499976845,2278.214111328125,1794542,LT,0.23293535823611933,2190.3224951171874,0.0
2023-06-19,2289.957440493079,2329.326518125492,2272.6311546885913,2277.781005859375,3111256,LT,-0.019010744714309524,2192.413203125,0.0
2023-06-20,2276.4330820776804,2300.2085475777,2266.326082836546,2292.844970703125,1771306,LT,0.6613438607574462,2194.487548828125,0.0
2023-06-21,2292.8448914507394,2321.722031141555,2292.8448914507394,2304.828857421875,1607299,LT,0.5226645007348596,2196.1191064453124,0.0
2023-06-22,2304.9736548319174,2333.2731610514743,2290.9200178640717,2325.813232421875,1741775,LT,0.9104526321955575,2198.3282080078125,0.0
2023-06-23,2328.4120541464354,2336.1608009606443,2294.0483019734056,2300.112548828125,1212955,LT,-1.1050192352284327,2200.273564453125,0.0
2023-06-26,2308.3424113628625,2313.877196536471,2279.320744624804,2288.5615234375,793572,LT,-0.5021939207500936,2202.560634765625,0.0
2023-06-27,2298.0910643251323,2307.235492714248,2282.786272917095,2298.668701171875,1012317,LT,0.44163889110544474,2205.91134765625,0.0
2023-06-28,2310.1714927992907,2341.839999678629,2300.5939538192865,2330.818603515625,1734938,LT,1.3986314046630532,2209.855009765625,0.0
2023-06-30,2329.4226691452036,2390.545949926493,2324.65798795887,2382.8935546875,2690699,LT,2.234191502218552,2214.7824072265626,0.0
2023-07-03,2385.4439994870963,2399.112464091795,2356.374395045499,2362.197998046875,1078456,LT,-0.8685052926478365,2219.042744140625,0.0
2023-07-04,2366.192772507451,2391.412094098189,2366.192772507451,2369.706298828125,1441581,LT,0.3178523048219528,2223.7911083984377,0.0
2023-07-05,2368.8880430283516,2391.941579380309,2362.4870376852327,2378.3212890625,1191896,LT,0.36354675001857295,2228.4480322265626,0.0
2023-07-06,2375.7226082177976,2406.38036684653,2375.1931469379083,2395.455322265625,1796824,LT,0.7204255069288346,2233.0808935546875,0.0
2023-07-07,2389.8241066717114,2410.27874860778,2353.102102326423,2357.67431640625,1837661,LT,-1.5771951790627292,2236.415244140625,0.0
2023-07-10,2358.2996299974375,2371.1500505538306,2329.422491670938,2347.470703125,1178479,LT,-0.43278298492063216,2238.978564453125,0.0
2023-07-11,2355.604730027937,2386.214548158564,2355.604730027937,2381.93115234375,1219658,LT,1.4679820784504694,2241.0991162109376,0.0
2023-07-12,2387.4662238047417,2392.9046589730483,2356.1826489363243,2363.06494140625,1822435,LT,-0.7920552581436424,2242.45634765625,0.0
2023-07-13,2373.7009416475835,2391.893446104358,2354.690157544769,2358.444091796875,1141663,LT,-0.19554475750569456,2244.2630908203123,0.0
2023-07-14,2358.5404711289452,2384.33743053691,2357.0002629542596,2379.717041015625,845623,LT,0.9019908206745919,2246.483740234375,0.0
2023-07-17,2382.363890961467,2400.6527450738986,2372.7381782707134,2376.39599609375,878697,LT,-0.13955629449363682,2248.2413916015626,0.0
2023-07-18,2376.5888293749313,2396.754653567328,2375.722609100454,2382.075439453125,720865,LT,0.23899397948450307,2250.345576171875,0.0
2023-07-19,2381.9792804136932,2409.268038601709,2374.0860069315577,2400.79736328125,1431080,LT,0.7859500802553487,2252.6518896484376,0.0
2023-07-20,2400.653019947124,2402.2893442913596,2376.6369110344153,2396.513916015625,1045704,LT,-0.17841769285228404,2255.0631298828125,0.0
2023-07-21,2427.604985047124,2497.872694764983,2426.738764818836,2489.4501953125,4610417,LT,3.877977869262206,2261.687548828125,0.0
2023-07-24,2538.9262314615617,2539.263225435719,2487.188021314795,2507.739013671875,2155297,LT,0.7346529122700174,2269.0829833984376,0.0
2023-07-25,2518.0868518699654,2519.7713518664377,2457.44485199695,2465.049072265625,2068876,LT,-1.7023279206292985,2275.1288916015624,0.0
2023-07-26,2494.022519522024,2573.7716547205137,2488.2470910707957,2547.20458984375,5820099,LT,3.3328146892676713,2283.1962060546875,0.0
2023-07-27,2569.055068691831,2576.178238546102,2547.397210694087,2560.632568359375,2117794,LT,0.5271652920682213,2291.6783837890625,0.0
2023-07-28,2560.5842193685376,2568.2847905795434,2526.749928611294,2550.381103515625,1325724,LT,-0.40034892043563364,2300.560029296875,0.0
2023-07-31,2555.627115920243,2589.3171155651426,2532.6217530209833,2580.990966796875,1284981,LT,1.2002074215126113,2310.01826171875,0.0
2023-08-01,2580.9908072911157,2588.354384185887,2555.963951958712,2566.8408203125,1298745,LT,-0.5482447116789357,2318.6823681640626,0.0
2023-08-02,2568.1552978931927,2574.921239486123,2533.7898667279774,2552.724853515625,1479486,LT,-0.5499354180893978,2327.42896484375,0.0
2023-08-03,2545.764221395254,2572.7795013737314,2517.824141529422,2529.311767578125,1612618,LT,-0.9171801616322028,2335.9479443359373,0.0
2023-08-04,2536.0288066245207,2565.2345126509067,2529.700903652137,2557.348876953125,1101278,LT,1.1084876816845002,2344.651298828125,0.0
2023-08-07,2558.4198548326954,2583.7314667907053,2553.649684572805,2566.110595703125,1163125,LT,0.3426094432777971,2353.2651806640624,0.0
2023-08-08,2569.177276060585,2579.3505492422155,2558.711898289551,2562.508544921875,767310,LT,-0.140370052143568,2361.68958984375,0.0
2023-08-09,2565.2346768985485,2584.7051488294674,2546.0075858667665,2581.395263671875,906865,LT,0.737040225189789,2370.756435546875,0.0
2023-08-10,2570.1996364630936,2591.13039292684,2552.23793670521,2573.509521484375,1040041,LT,-0.30548371644112393,2379.7647216796877,0.0
2023-08-11,2572.098146254939,2586.554829509913,2561.584043547988,2568.64208984375,1320121,LT,-0.18913594840004322,2388.6342626953124,0.0
2023-08-14,2567.181746313659,2593.028845561023,2546.737750609227,2589.475341796875,1364413,LT,0.81106091173615,2397.4054931640626,0.0
2023-08-16,2598.3342957853365,2623.645907508985,2581.8331195239016,2619.800537109375,1703875,LT,1.1710941912834283,2406.133486328125,0.0
2023-08-17,2619.8008686578014,2619.8008686578014,2572.049486039114,2582.271484375,1629067,LT,-1.4325156515840543,2413.9251318359375,0.0
2023-08-18,2579.837645256952,2603.883631622692,2563.0443624717886,2572.000732421875,1898966,LT,-0.39774098173921413,2420.788466796875,0.0
2023-08-21,2571.9033973815463,2595.998106290907,2553.9904206772794,2591.76318359375,1376318,LT,0.7683688003178091,2427.5696142578126,0.0
2023-08-22,2597.3606546993287,2614.5432491172232,2591.5195137967066,2607.874755859375,1497180,LT,0.6216452323890342,2434.2359814453125,0.0
2023-08-23,2618.3403218566345,2653.8252078600053,2611.4282095534713,2645.647705078125,1990672,LT,1.448418837364862,2442.1015576171876,0.0
2023-08-24,2674.756013988986,2693.5450664633477,2609.6273820948204,2616.977294921875,2619182,LT,-1.0836820828872717,2449.115546875,0.0
2023-08-25,2606.5608234269394,2611.6718225389873,2561.340697866157,2568.544677734375,1408427,LT,-1.8507083451385409,2455.1483642578123,0.0
2023-08-28,2583.293724512123,2628.5138504408546,2579.886391743033,2623.987060546875,1551734,LT,2.1585134684674268,2462.1697119140626,0.0
2023-08-29,2638.2491688156197,2650.0289003965013,2624.911941955098,2646.962158203125,1101830,LT,0.8755796856506404,2469.5446728515626,0.0
2023-08-30,2650.8559970945485,2665.166746252531,2635.3283434558416,2637.275390625,1920079,LT,-0.3659579170070537,2476.734560546875,0.0
2023-08-31,2647.9843407457765,2652.4626446280013,2607.4371755987763,2631.142333984375,2439625,LT,-0.2325527573808439,2483.5005078125,0.0
2023-09-01,2638.2488465189385,2644.0412641632347,2617.123432810925,2630.55810546875,1263430,LT,-0.0222043675888961,2490.0150927734376,0.0
2023-09-04,2660.639895157585,2669.4016072162817,2633.3812354194174,2639.31982421875,1548282,LT,0.33307451874129423,2496.285224609375,0.0
2023-09-05,2648.470744127989,2666.4809293021726,2647.9839823665243,2660.591064453125,1066447,LT,0.8059364401080682,2503.494794921875,0.0
2023-09-06,2667.4546686346107,2670.1805822546785,2640.1960077872495,2658.157470703125,1747425,LT,-0.09146816218824627,2510.8867138671876,0.0
2023-09-07,2660.640111798295,2780.3347959664375,2657.7195408742573,2771.03759765625,4100519,LT,4.246555299948662,2520.334091796875,0.0
2023-09-08,2811.5363502458654,2851.1587159567234,2796.39800968895,2824.7763671875,3638510,LT,1.9393013496714184,2530.2132470703127,0.0
2023-09-11,2828.0861241456196,2848.5301202237806,2813.5319935205475,2817.572021484375,1545803,LT,-0.2550412764284804,2538.90681640625,0.0
2023-09-12,2873.452550549277,2929.332713963656,2854.8094297204716,2866.151123046875,7788759,LT,1.7241476417311663,2548.98587890625,0.0
2023-09-13,2865.5665408874547,2865.7611980601864,2811.974022458341,2829.78955078125,2458417,LT,-1.2686550954427944,2558.1875439453124,0.0
2023-09-14,2847.458935957266,2854.030219918919,2829.059435935297,2841.325927734375,1910041,LT,0.40767614503134375,2567.44763671875,0.0
2023-09-15,2855.344595645533,2857.242919048324,2823.2183182311783,2831.5419921875,1655275,LT,-0.3443440068375603,2576.1693701171876,0.0
2023-09-18,2832.953422935313,2852.4238931960367,2830.0328523962044,2842.542724609375,736631,LT,0.3885067730666547,2585.86673828125,0.0
2023-09-20,2849.454803146066,2866.9782276364963,2809.6377836801394,2813.483154296875,1399240,LT,-1.0223090073868124,2595.1869873046876,0.0
2023-09-21,2808.664258597414,2828.183453957495,2770.6968388884243,2822.585693359375,2444711,LT,0.3235327372974828,2604.000078125,0.0
2023-09-22,2831.6881805031353,2858.7034616693154,2825.4090005241683,2841.228759765625,1965569,LT,0.6604960285213402,2613.5633544921875,0.0
2023-09-25,2840.6932363390206,2846.3884446606567,2794.9863493217053,2825.65234375,1049532,LT,-0.5482281552334434,2622.90751953125,0.0
2023-09-26,2837.821364640914,2866.053549743688,2832.9537465197463,2835.436279296875,953456,LT,0.346254045318628,2632.021904296875,0.0
2023-09-27,2844.635904863339,2915.6056788770497,2834.5598407251423,2886.546142578125,2903693,LT,1.8025396534012028,2642.2249072265627,0.0
2023-09-28,2909.861913494731,2969.733612283599,2899.3965352511486,2930.305908203125,4081102,LT,1.5159905112729577,2653.1895166015624,0.0
2023-09-29,2959.511730062374,2977.375983108908,2925.6817851216942,2943.497314453125,2698016,LT,0.4501716429357039,2664.043515625,0.0
2023-10-03,2959.9984503534783,2995.9700991643276,2915.8005748120545,2991.88134765625,3254492,LT,1.6437600593535606,2675.9508642578126,0.0
2023-10-04,2982.973860792751,2982.973860792751,2910.884388189136,2947.586181640625,3100946,LT,-1.4805121215894612,2685.113583984375,0.0
2023-10-05,2952.2588912485066,3032.4284130436918,2952.2588912485066,3014.07763671875,3413447,LT,2.2557934180949424,2695.2403564453125,0.0
2023-10-06,3032.477416423008,3032.477416423008,2991.784080715004,3011.7900390625,1898118,LT,-0.07589710458620891,2706.17517578125,0.0
2023-10-09,2993.5848292012106,3003.320064418125,2974.64984423964,2993.292724609375,1181760,LT,-0.6141634779721517,2715.0969384765626,0.0
2023-10-10,2992.4656130805593,3016.9496365511213,2990.810432819148,2994.55859375,1551789,LT,0.04229018866808154,2723.775458984375,0.0
2023-10-11,3008.1879915249915,3027.6584639620464,3002.73616417195,3006.92236328125,2066921,LT,0.412874523712925,2732.9062841796876,0.0
2023-10-12,3012.081913685406,3022.839396626756,2985.845501112843,3000.15625,1870280,LT,-0.22501789084659052,2741.28958984375,0.0
2023-10-13,2986.5269984350853,3016.9496106756837,2982.3895231703636,3007.798583984375,1437808,LT,0.2547311988958967,2750.1087451171875,0.0
2023-10-16,3016.901101953913,3030.8225378426246,2993.2931531728373,3019.77294921875,818794,LT,0.3981106081416108,2759.44970703125,0.0
2023-10-17,3027.5609651014033,3031.747164139594,2981.90280308275,2985.115478515625,1847182,LT,-1.1476846533144625,2768.56578125,0.0
2023-10-18,2987.402906289366,2997.624903426309,2956.736914878537,2964.96337890625,1350839,LT,-0.675086098156441,2776.7180712890627,0.0
2023-10-19,2945.4932268249204,2988.620134031784,2927.531525485519,2973.530517578125,1599104,LT,0.2889458511637688,2784.8664697265626,0.0
2023-10-20,2959.4628572740226,2975.3313386153,2898.47170216415,2932.59375,1667471,LT,-1.376705816070356,2792.268173828125,0.0
2023-10-23,2923.4915578248006,2927.28820503702,2870.9212800617174,2879.97509765625,1614030,LT,-1.794270084076599,2798.2397705078124,2351.103798828125
2023-10-25,2880.656154635842,2886.9840576453494,2833.2456057768604,2838.89208984375,2108353,LT,-1.4265056613140037,2803.547421875,2355.2420361328127
2023-10-26,2829.0596422077756,2838.9408118887986,2781.4057085022037,2788.755859375,3286109,LT,-1.7660491798231592,2807.949697265625,2359.1319982910154
2023-10-27,2788.804360165674,2833.4892372053214,2781.9896947836364,2825.068115234375,2399538,LT,1.3020951883365273,2812.661552734375,2363.292077026367
2023-10-30,2822.43954156325,2854.3711628163082,2780.5293035234017,2848.870849609375,1693052,LT,0.8425543528186807,2817.242958984375,2367.490313720703
2023-10-31,2852.3755879383502,2873.4037939754976,2830.9580675095303,2851.49951171875,1556467,LT,0.09227031508765027,2822.62751953125,2371.705544433594
2023-11-01,2869.4119810554225,2904.166724753426,2795.034875839621,2818.642822265625,3875595,LT,-1.1522600413604978,2827.560361328125,2375.5873205566404
2023-11-02,2857.291563933953,2860.066201068396,2826.33346810796,2840.839111328125,1451606,LT,0.7874814391934493,2832.5418798828123,2379.6525115966797
2023-11-03,2856.3180707250967,2869.996124018329,2828.0858880219516,2834.17041015625,1136175,LT,-0.23474406365650013,2837.06779296875,2383.5943579101563
2023-11-06,2855.3448670077883,2900.12695493222,2849.7471060172343,2896.6708984375,1235499,LT,2.2052480703799393,2842.0882568359375,2387.68314453125
2023-11-07,2891.3651156664937,2904.60513180553,2877.833232586396,2882.8955078125,1112206,LT,-0.47555939587167195,2847.40662109375,2391.7336169433593
2023-11-08,2895.9406077762633,2923.2479923141473,2882.603381980581,2917.11474609375,1013438,LT,1.1869746297955563,2854.3780224609377,2396.033153076172
2023-11-09,2923.491353845821,2948.5108626853935,2917.6502122796956,2944.762939453125,1719911,LT,0.9477924513047853,2860.7935400390625,2400.105633544922
2023-11-10,2941.0634894235445,2963.405808281134,2925.681769164546,2952.9404296875,947753,LT,0.2776960455734834,2866.91310546875,2403.9619958496096
2023-11-13,2969.2469064575816,2973.481829083355,2951.38265376938,2967.78662109375,531769,LT,0.5027595970779952,2873.523330078125,2407.8608239746095
2023-11-15,2981.2702506421647,2989.7398588788587,2974.1147567296093,2983.80126953125,1160184,LT,0.5396158983828059,2880.5765087890627,2411.951142578125
2023-11-16,2976.9864631335927,3000.4972008221303,2964.3793799724904,2970.366455078125,1597607,LT,-0.4502583530047066,2887.37267578125,2416.053458251953
2023-11-17,2969.246923152792,3032.963994017576,2964.5252387125265,3026.684814453125,1325050,LT,1.896007116519871,2895.1199755859375,2420.5625
2023-11-20,3013.1530216715832,3029.556751901108,2994.753282828709,3007.019775390625,1231164,LT,-0.649722064504199,2902.0485498046874,2425.1310791015626
2023-11-21,3006.727711375348,3016.949709422763,2981.36737344619,2993.439208984375,1884782,LT,-0.45162876936802876,2908.7541845703126,2429.703226318359
2023-11-22,2993.4391911143334,3006.873626897974,2981.4160793644346,3000.69189453125,1104208,LT,0.24228604760394568,2913.3472705078125,2434.5376013183595
2023-11-23,2998.4525925568473,3006.240781108943,2950.798661389042,2965.011962890625,1514688,LT,-1.1890568207169716,2916.151982421875,2439.1382275390624
2023-11-24,2969.247046092279,2985.796947660662,2959.1224954975814,2973.384521484375,915121,LT,0.28237857717063886,2919.268232421875,2443.678924560547
2023-11-28,2973.1411648309427,2978.1547164527706,2954.6442158683403,2969.2470703125,1210508,LT,-0.13914954967915172,2921.3301513671877,2448.2020629882813
2023-11-29,2969.247092875963,3008.090590921935,2968.273569238954,3002.103515625,1801107,LT,1.1065581453631568,2924.7764306640624,2452.785284423828
2023-11-30,2994.8505645909777,3041.8230761951563,2977.716454924804,3026.87939453125,3131624,LT,0.8252839643036802,2928.4875,2457.5426806640626
2023-12-01,3047.0800190073683,3113.2796210856454,3038.415754394254,3106.1728515625,2112908,LT,2.619643755034029,2933.9801171875,2462.652265625
2023-12-04,3198.024946175302,3258.9188933706832,3163.9516210257934,3225.819091796875,3095974,LT,3.8518860975231606,2941.64564453125,2468.5258837890624
2023-12-05,3231.1734811255383,3236.965898882945,3192.232537981082,3227.668701171875,1659309,LT,0.05733766594981926,2949.92935546875,2474.329099121094
2023-12-06,3241.8335635023623,3310.9537385800404,3233.0718511685723,3302.484130859375,2057233,LT,2.3179401795585974,2959.52732421875,2480.4272192382814
2023-12-07,3302.4843744657855,3319.6182483541866,3248.697192004651,3266.756103515625,2128823,LT,-1.0818531120224573,2968.03787109375,2486.1568310546877
2023-12-08,3287.5894147844097,3339.1861689992675,3276.880654475666,3289.0009765625,2428891,LT,0.680946858044762,2977.30484375,2492.053739013672
2023-12-11,3288.513994674936,3314.847855570971,3271.039293603073,3296.15625,1534238,LT,0.21755157534122382,2986.5192431640626,2498.0663146972656
2023-12-12,3285.6422387251864,3285.6422387251864,3243.7807227947615,3253.9052734375,1888423,LT,-1.281825658674407,2993.86642578125,2503.8519958496095
2023-12-13,3264.175967950125,3319.7155379010755,3257.6046835275934,3309.78564453125,1509107,LT,1.7173324481789987,3001.4560205078124,2509.685819091797
2023-12-14,3335.2432649346474,3348.921319603828,3310.0778214616494,3342.2041015625,2425646,LT,0.9794730086165826,3009.43015625,2515.6858264160155
2023-12-15,3344.199572175741,3406.261703025037,3341.960657988393,3395.650390625,2632935,LT,1.5991330103841905,3017.505537109375,2521.934053955078
2023-12-18,3403.438682429385,3413.17391893519,3374.2329729119706,3399.1552734375,1767429,LT,0.1032168335755923,3026.5369189453127,2528.3668127441406
2023-12-19,3396.575066877133,3431.6706396778222,3384.0167076919533,3406.310302734375,1311700,LT,0.21049433524815697,3034.381572265625,2535.0066833496094
2023-12-20,3412.2002712292715,3421.546193005729,3322.198060540597,3327.990478515625,1876048,LT,-2.2992568867222563,3040.7055810546876,2541.3757592773436
2023-12-21,3300.293952382983,3348.8726882593187,3244.754379686792,3333.490966796875,2292802,LT,0.16527956785812314,3047.5095458984374,2547.8702783203125
2023-12-22,3333.3446625198667,3403.4383586943495,3318.3524947976507,3385.8662109375,1681707,LT,1.5711830229122148,3055.3356982421874,2554.6485723876954
2023-12-26,3385.8662657807404,3415.461525028665,3385.8662657807404,3397.64599609375,1072263,LT,0.34791053226490565,3063.1501708984374,2561.4561669921877
2023-12-27,3417.0679213823096,3455.035342731002,3411.3727131093397,3450.167724609375,1389266,LT,1.5458269806804203,3072.150400390625,2568.4960473632814
2023-12-28,3451.141198921605,3465.6953293619786,3407.819398258132,3424.90478515625,3371121,LT,-0.7322235169301861,3080.4925244140627,2575.2630639648437
2023-12-29,3437.5119052136138,3446.273617801244,3402.4650548630925,3432.644287109375,968577,LT,0.22597714209948716,3088.749951171875,2582.121236572266
2024-01-01,3444.3264109890674,3444.3264109890674,3403.487144521857,3432.108642578125,777080,LT,-0.015604428727478137,3097.689814453125,2588.8340307617186
2024-01-02,3431.719361397301,3432.1086757607013,3341.132944262997,3347.071533203125,1511464,LT,-2.4776928189290115,3105.3319775390623,2595.0138305664063
2024-01-03,3342.1064694655865,3374.0868143241737,3321.273159803781,3349.261962890625,1283859,LT,0.0654431692233226,3112.8466064453123,2601.374716796875
2024-01-04,3349.943380354553,3387.959523891567,3332.371232106536,3367.1259765625,1651616,LT,0.5333716463449489,3121.5372509765625,2607.9404309082033
2024-01-05,3373.2107079551092,3460.876559768114,3368.3918134451965,3428.65283203125,2069018,LT,1.8272810669104356,3132.5108056640624,2614.7639672851565
2024-01-08,3446.2735373493792,3465.6952855965674,3397.5973574433146,3408.403564453125,1993855,LT,-0.5905896155175561,3143.90103515625,2621.330080566406
2024-01-09,3434.0556041731193,3498.600263172331,3426.9003486756465,3461.801025390625,1807271,LT,1.5666413887836628,3157.3619384765625,2628.177860107422
2024-01-10,3455.9600621795576,3464.721774594502,3426.8030778451557,3451.6279296875,1534821,LT,-0.29386714107801915,3169.893134765625,2634.8681701660157
2024-01-11,3451.6278374986227,3465.3058912719607,3407.868000308086,3412.05419921875,1105348,LT,-1.1465236484029973,3181.1568017578124,2641.4482043457033
2024-01-12,3412.2489063003786,3483.900099910731,3401.5401468115224,3474.31103515625,1782631,LT,1.8246145079335196,3193.6130322265626,2648.1908056640623
2024-01-15,3481.417923196578,3510.23407983068,3444.375301806993,3449.242919921875,1783518,LT,-0.7215276634910617,3206.2250341796876,2654.7815966796875
2024-01-16,3454.061623594253,3493.9760899322923,3444.326387902048,3478.886474609375,1791818,LT,0.859422063789328,3218.9859814453125,2661.5557385253906
2024-01-17,3460.876398845912,3518.7523293447257,3453.7696290288427,3476.404052734375,2699076,LT,-0.07135679456969912,3231.830654296875,2668.5123889160154
2024-01-18,3476.258267388991,3521.1862883836993,3431.6708370628826,3500.791015625,2148898,LT,0.7014996680677399,3243.913056640625,2675.649450683594
2024-01-19,3507.6055262696923,3559.056343533904,3507.6055262696923,3549.467041015625,1913923,LT,1.3904293393513179,3257.2444873046875,2683.1280737304687
2024-01-23,3541.289413495488,3564.4105981536663,3442.5739814436324,3456.982177734375,1742142,LT,-2.605598593043612,3268.0418359375,2690.0776159667967
2024-01-24,3475.4792926342952,3522.159702264737,3428.4580546692046,3494.1708984375,3711521,LT,1.075756795700289,3279.0299951171874,2697.1324865722654
2024-01-25,3504.587529324063,3522.451782540132,3470.4169934066963,3498.308349609375,2206540,LT,0.11841009762072474,3289.937353515625,2704.179406738281
2024-01-29,3508.5787497050296,3634.990873257705,3504.7821030654054,3609.8251953125,2072982,LT,3.187736315913292,3302.778125,2711.3623046875
2024-01-30,3617.5651500117424,3638.9339465367852,3528.9257743808575,3537.103515625,1454989,LT,-2.0145485100478533,3313.844169921875,2718.1021838378906
2024-01-31,3426.802976147712,3444.326400457558,3297.3730646833724,3387.61865234375,9637606,LT,-4.226194190271992,3322.1892138671874,2723.924022216797
2024-02-01,3387.8621385741612,3401.2480881159413,3281.748065842959,3308.033203125,6149780,LT,-2.3493036668601475,3327.816181640625,2729.3873974609373
2024-02-02,3312.608614794192,3345.3678256364046,3272.0127293295104,3286.664306640625,7579802,LT,-0.6459698307800688,3333.409072265625,2734.806495361328
2024-02-05,3286.1288821409535,3317.719675140498,3230.5893137268954,3253.2724609375,2954238,LT,-1.0159798077235216,3338.6057373046874,2740.201817626953
2024-02-06,3257.4099142661257,3336.9954673119287,3249.1836875110957,3333.588134765625,2545192,LT,2.4687656749468934,3345.263662109375,2746.2140930175783
2024-02-07,3353.788841837622,3355.7358890607493,3299.2715195900437,3304.820556640625,2099940,LT,-0.8629613786114154,3352.059833984375,2752.070018310547
2024-02-08,3322.6360677571297,3327.309028601936,3206.640825156168,3247.18798828125,3471727,LT,-1.743894029089399,3357.5359033203126,2757.62333984375
2024-02-09,3247.918255264219,3300.2451510965016,3221.3410122643027,3236.528076171875,3121873,LT,-0.32828133596962683,3362.8815234375,2763.0600744628905
2024-02-12,3241.833688409072,3250.741334554303,3199.972172312498,3212.18994140625,1922273,LT,-0.7519828097524717,3367.083251953125,2768.4595837402344
2024-02-13,3224.310363117191,3250.157463835123,3197.149148063776,3233.558837890625,2151493,LT,0.6652438639733749,3371.2168408203124,2773.9000024414063
2024-02-14,3202.941423431917,3229.1291136567993,3176.6562857746753,3221.3896484375,2502138,LT,-0.3763404367512102,3373.5211767578126,2779.187889404297
2024-02-15,3221.3895294942777,3233.9966123327604,3203.0872386363435,3212.919921875,1999189,LT,-0.26292151794204965,3373.263193359375,2784.297705078125
2024-02-16,3217.4465383705974,3308.0329502438267,3216.570462265498,3297.080810546875,2768329,LT,2.619451798311867,3374.651435546875,2789.6865856933596
2024-02-19,3310.515685838943,3317.7683890366875,3247.1879288825917,3251.4228515625,1216447,LT,-1.3847995122934775,3373.6302099609375,2794.5641821289064
2024-02-20,3251.4230337870254,3278.5842483530732,3240.324721652042,3267.87548828125,1578162,LT,0.5060134430328933,3373.65259765625,2799.4275427246093
2024-02-21,3268.0212237005408,3268.0212237005408,3202.9413147232717,3209.123046875,2430672,LT,-1.797878824237309,3372.0550390625,2804.1326232910155
2024-02-22,3222.363048994333,3279.800940199972,3190.1880471480467,3274.68994140625,2521388,LT,2.0431405581377904,3371.625712890625,2809.1626501464843
2024-02-23,3274.690043747072,3309.882827184458,3252.299000712904,3298.249267578125,2107176,LT,0.7194368503101067,3372.5125927734375,2814.2113293457032
2024-02-26,3309.980122042526,3399.2034617322174,3303.16545708538,3378.272705078125,4122419,LT,2.4262398323447565,3373.882333984375,2819.7183618164063
2024-02-27,3382.994304441334,3419.0146754526518,3360.505815577123,3413.611572265625,2122286,LT,1.046063188871038,3375.3104833984376,2825.3590112304687
2024-02-28,3412.199955269261,3419.98814346959,3354.908000749932,3378.3212890625,1666903,LT,-1.0338107443109812,3374.9639013671876,2830.870858154297
2024-02-29,3392.7297540831973,3403.438513708711,3345.465135655257,3385.47705078125,2119512,LT,0.21181412620276951,3374.6903369140623,2837.007097167969
2024-03-01,3408.9386752400123,3561.4900070738727,3407.3324564383515,3537.2978515625,4407803,LT,4.484472897142067,3377.310087890625,2844.00375
2024-03-04,3572.831583126821,3582.3721618650525,3526.1511744193917,3547.9580078125,1307501,LT,0.3013643944428157,3381.7094384765624,2850.929771728516
2024-03-05,3535.058812182142,3547.957999748582,3495.2417924250776,3516.951416015625,1981370,LT,-0.8739278122401495,3385.3786474609374,2857.795334472656
2024-03-06,3522.208354741387,3555.7461949398426,3491.104323522162,3545.767578125,1500196,LT,0.8193505880732532,3388.5766748046876,2864.8415539550783
2024-03-07,3563.82637794758,3607.050729009781,3546.7897156204385,3579.597412109375,2344401,LT,0.9540905668234512,3392.215703125,2872.208046875
2024-03-11,3602.037413346041,3602.037413346041,3535.302321301283,3544.210205078125,1748541,LT,-0.9885806407038733,3394.096552734375,2879.388701171875
2024-03-12,3542.7009270085337,3574.7784804895796,3517.4865244230564,3525.761474609375,1470377,LT,-0.5205314978868003,3396.1136865234375,2886.3493310546874
2024-03-13,3538.660918931016,3540.5107564190216,3418.9175134116877,3444.862060546875,2503293,LT,-2.2945231730817195,3396.3580419921873,2892.996666259766
2024-03-14,3433.666381370203,3539.731727597736,3428.750039768764,3512.667724609375,4528490,LT,1.9683128923814186,3397.9692236328124,2900.043190917969
2024-03-15,3502.7380315769433,3507.605649742003,3430.746006451044,3443.4990234375,4054210,LT,-1.9691216646335885,3399.8977734375,2906.6497802734375
2024-03-18,3443.498819849977,3477.6208687050053,3433.325546021803,3466.912109375,1354787,LT,0.6799213758489131,3402.2507763671874,2913.307258300781
2024-03-19,3447.2470739135283,3455.5220245286837,3388.8356578065495,3408.987548828125,1447405,LT,-1.67078249230026,3403.0880078125,2919.6457556152345
2024-03-20,3410.0099371294577,3431.622114447246,3395.40708249897,3416.77587890625,1442811,LT,0.22846460911252198,3402.85046875,2926.0893701171876
2024-03-21,3431.8167468743377,3500.7909914852526,3431.8167468743377,3465.744140625,2504962,LT,1.433171605461725,3403.9972802734374,2932.8026147460937
2024-03-22,3452.3092881474963,3550.732617620486,3452.3092881474963,3522.013671875,3020545,LT,1.623591614580433,3405.201533203125,2939.7868579101564
2024-03-26,3509.552475498462,3579.5487252234566,3504.684857640628,3572.928955078125,2320963,LT,1.4456299136402784,3407.6275537109377,2946.89693359375
2024-03-27,3585.487707403276,3628.517406451493,3572.929347023092,3608.26806640625,2387693,LT,0.9890795975077582,3411.5518310546877,2954.02126953125
2024-03-28,3608.4139258038645,3712.3862932051306,3599.652213455611,3664.245361328125,4278668,LT,1.5513618692312603,3415.350517578125,2961.3790502929687
2024-04-01,3680.7467667272217,3749.8669417375013,3680.7467667272217,3736.383544921875,1905190,LT,1.9687050532992467,3421.093330078125,2968.916798095703
2024-04-02,3747.8712942530547,3757.8011876799847,3671.400966072057,3706.59375,3608162,LT,-0.7972895331466279,3425.6474755859376,2976.1862377929688
2024-04-03,3699.097726143796,3699.097726143796,3670.330055056019,3682.304443359375,1684618,LT,-0.6552999405620041,3429.7654833984375,2983.2249780273437
2024-04-04,3704.1597819709464,3718.6167022338786,3632.2652080483786,3697.296630859375,2339529,LT,0.4071414444570598,3433.695595703125,2990.449616699219
2024-04-05,3670.2812295904373,3689.6542531577306,3617.85689137135,3643.99609375,1645597,LT,-1.4416083541824443,3435.5861767578126,2997.3382080078127
2024-04-08,3645.8459283139514,3718.6655420543266,3643.9963285211197,3707.031982421875,1083395,LT,1.7298560989126965,3440.5871728515626,3004.538848876953
2024-04-09,3718.8604655302656,3726.5999312674335,3675.051899836846,3685.030517578125,1997057,LT,-0.5935062051818596,3444.404365234375,3011.5994030761717
2024-04-10,3699.389563866302,3699.389563866302,3650.8108328219823,3653.82861328125,1951581,LT,-0.8467203771593601,3447.5147705078125,3018.4774755859376
2024-04-12,3650.6647402267217,3701.434138071264,3566.5036733733205,3581.836669921875,3437544,LT,-1.9703152769041332,3446.955,3024.99775390625
2024-04-15,3530.045338373408,3582.420956197923,3491.2503273915177,3505.4638671875,1719910,LT,-2.132224603531152,3446.32220703125,3031.0608483886717
2024-04-16,3485.2631381567744,3502.8837723388842,3436.0027499657804,3449.632080078125,2291042,LT,-1.592707533858273,3447.5624755859376,3036.784864501953
2024-04-18,3467.6423533929515,3521.8675705951105,3445.9814532060723,3456.93359375,3273257,LT,0.21166064966875453,3450.5404833984376,3042.440466308594
2024-04-19,3431.670614069844,3449.0965910536074,3380.4631787722105,3425.19677734375,2759031,LT,-0.9180626571372086,3453.3111328125,3048.065887451172
2024-04-22,3474.2622702510453,3524.155353641691,3447.1982672374716,3517.048583984375,2605754,LT,2.681650503941446,3458.5866552734374,3054.208322753906
2024-04-23,3536.5676450753876,3536.5676450753876,3493.002466597066,3514.56591796875,1434580,LT,-0.07058947172156049,3462.2062109375,3060.2878088378907
2024-04-24,3520.7965326015674,3558.1797406862784,3505.755641757978,3538.612060546875,1501234,LT,0.6841852774815083,3466.882041015625,3066.326776123047
2024-04-25,3520.3588345168127,3568.9375677690264,3515.9779782552305,3555.600341796875,2420380,LT,0.48008317835706027,3473.0502880859376,3072.1903100585937
2024-04-26,3555.3082674974617,3563.972532662482,3490.0821848243154,3509.747314453125,1973113,LT,-1.2896001500713572,3478.5146728515624,3077.928056640625
2024-04-29,3510.623586022925,3553.263730010906,3509.747272167695,3538.076904296875,1396979,LT,0.8071689299992801,3485.032412109375,3083.769909667969
2024-04-30,3542.652444500173,3552.3389569601068,3489.1573692475736,3499.135986328125,1571996,LT,-1.100623842332471,3490.343955078125,3089.373983154297
2024-05-02,3494.9984915873492,3537.9307402802733,3481.369161016263,3504.1982421875,3748847,LT,0.14467159547826292,3496.000126953125,3094.9176977539064
2024-05-03,3514.4201925319253,3526.1024757203973,3396.088351533365,3407.137939453125,4079696,LT,-2.7698291028701916,3499.8844873046874,3100.1650158691405
2024-05-06,3429.5291491495896,3433.6179009292264,3349.9923147722734,3371.6044921875,2614667,LT,-1.0429119072099646,3501.3749609375,3105.285684814453
2024-05-07,3387.27800562745,3403.438592872511,3334.3184155001004,3336.99560546875,3376013,LT,-1.0264812138833013,3503.086416015625,3110.061007080078
2024-05-08,3338.2125681042994,3404.8014901401734,3278.6329687548323,3394.531005859375,4116670,LT,1.7241677003210443,3505.6195263671875,3115.218337402344
2024-05-09,3225.0402605073564,3287.589150926977,3180.1607281083748,3188.727783203125,12120574,LT,-6.062788123042873,3505.21162109375,3119.369755859375
2024-05-10,3194.7151474006923,3218.614961688515,3148.9595381065947,3184.833740234375,4132191,LT,-0.12211901527819924,3503.4144970703123,3123.395339355469
2024-05-13,3180.5503886028555,3227.230798622255,3139.8083300563703,3206.640869140625,3557067,LT,0.6847179691284344,3501.5823291015627,3127.546563720703
2024-05-14,3212.6279608042837,3295.2800214524914,3206.2026098120086,3289.974365234375,2870328,LT,2.598778581527994,3499.8163623046876,3132.086058349609
2024-05-15,3300.2448577349305,3326.919308122069,3264.3704195942023,3320.98095703125,2718682,LT,0.9424569420517726,3497.96375,3136.6869763183595
2024-05-16,3338.163665853629,3376.6665713672146,3289.244105464065,3368.975830078125,3398714,LT,1.4452016939530798,3497.7768408203124,3141.549285888672
2024-05-17,3383.9194670742613,3383.9194670742613,3321.80861097376,3359.38671875,2676919,LT,-0.2846298641419054,3497.2550341796873,3145.8989685058596
2024-05-21,3366.4445719995083,3378.4189596839415,3343.0800058549194,3349.845947265625,2100848,LT,-0.28400336975569207,3493.50599609375,3150.109503173828
2024-05-22,3358.7051358904127,3380.7553503083777,3344.102281924434,3369.21923828125,1409992,LT,0.5783337896908103,3489.931220703125,3154.630354003906
2024-05-23,3369.2675111568005,3506.2909488685273,3363.5238173642315,3490.47119140625,4525637,LT,3.5988145783844683,3489.4016162109374,3159.3466870117186
2024-05-24,3491.05567287108,3562.1228965519467,3487.453683041766,3529.899169921875,2740360,LT,1.1295889968294004,3489.084248046875,3164.193020019531
2024-05-27,3548.39574933101,3597.1693722911887,3504.6846387681408,3555.307861328125,2570708,LT,0.7198135182657994,3488.59845703125,3169.2176538085937
2024-05-28,3555.3081953421342,3587.677855116265,3549.515777444201,3561.343994140625,1440187,LT,0.16977806277078678,3488.9411328125,3174.1194189453126
2024-05-29,3515.3935683440936,3564.897336344772,3514.7608731019805,3538.5634765625,1506146,LT,-0.639660690335031,3489.1971728515623,3178.9780322265624
2024-05-30,3530.0451806620645,3547.4711574555445,3512.229651835461,3538.466064453125,2701849,LT,-0.0027528716107561024,3491.0692529296875,3183.90673828125
2024-05-31,3540.121319807171,3645.6514264910425,3540.121319807171,3572.150390625,6432341,LT,0.9519471307146921,3492.25890625,3189.1209313964846
2024-06-03,3753.3226761151627,3816.114946370256,3700.460536413825,3793.96728515625,5767666,LT,6.209618024857,3499.268271484375,3195.3040234375
2024-06-04,3750.0128970127853,3794.794982491131,3232.098343219742,3313.095458984375,9920882,LT,-12.674643454445889,3496.1919384765624,3199.038947753906
2024-06-05,3350.3817067413465,3350.3817067413465,3090.986372681089,3318.7421875,10372458,LT,0.17043663804834353,3494.38703125,3202.820115966797
2024-06-06,3346.974201804827,3444.52122088405,3295.6695546237215,3390.3447265625,8374602,LT,2.157520380226874,3493.858408203125,3206.86486328125
2024-06-07,3373.308047710879,3454.061783992392,3354.762375320683,3438.97216796875,5879660,LT,1.4342919475198501,3493.32296875,3211.1921765136717
2024-06-10,3427.8253778442504,3490.0821655919312,3427.8253778442504,3449.92431640625,3151257,LT,0.3184715636698199,3491.881181640625,3215.5985876464842
2024-06-11,3475.479110803564,3542.652236474557,3457.1768203317893,3503.419189453125,2548176,LT,1.5506100465009665,3490.490986328125,3220.1683068847656
2024-06-12,3519.2879023389096,3552.3389818532046,3483.267528234749,3534.182861328125,2242274,LT,0.8781042236570613,3489.0092822265624,3224.7402185058595
2024-06-13,3568.450746004489,3617.5162402391384,3538.7582762859956,3605.590576171875,2965500,LT,2.020487270908089,3487.8361865234374,3229.8568139648437
2024-06-14,3619.560765745425,3621.507812956692,3577.6992507031837,3590.160400390625,1746508,LT,-0.42795141198844755,3484.9117236328125,3234.9476123046875
2024-06-18,3609.8254844512553,3611.7725316381225,3577.6992058679516,3591.523193359375,1936792,LT,0.03795911092445703,3482.6103125,3239.946412353516
2024-06-19,3592.3022101835263,3601.063922891291,3480.346992250977,3494.901123046875,2936151,LT,-2.6902811178040387,3478.86224609375,3244.381544189453
2024-06-20,3517.4678877586944,3545.284331357324,3497.501094013525,3526.7890625,2618715,LT,0.9124132079972869,3475.4520947265623,3248.7872509765625
2024-06-21,3536.2087729009913,3542.046724440859,3449.8161449124823,3468.45849609375,4508508,LT,-1.6539284139920118,3471.9413427734376,3253.0446569824217
2024-06-24,3454.084081085913,3499.85585963062,3439.022929073542,3465.122314453125,2330559,LT,-0.09618629268253187,3467.1031494140625,3257.5275451660154
2024-06-25,3489.5535379601647,3524.3361901553935,3461.5900131937187,3520.264404296875,2158039,LT,1.5913461297960785,3463.8078271484374,3262.008931884766
2024-06-26,3533.2161484970234,3556.6661681883425,3524.6308551620195,3535.12939453125,2480187,LT,0.42226914024499074,3461.4338427734374,3266.4497680664062
2024-06-27,3529.7328583391873,3533.5104831538574,3483.1760878347363,3497.304931640625,5519875,LT,-1.0699597856061116,3459.7432080078124,3270.749915771484
2024-06-28,3473.364137386407,3508.6373778217694,3471.499998215413,3481.655029296875,3141514,LT,-0.44748463887615,3459.26703125,3275.0024792480467
2024-07-01,3468.654560018073,3474.737805435941,3447.8536694545537,3460.16748046875,2961120,LT,-0.617164786497082,3459.4777392578126,3279.150526123047
2024-07-02,3468.507315423034,3565.594662068713,3468.507315423034,3558.23583984375,5087748,LT,2.834208457496823,3461.5037841796875,3283.745106201172
2024-07-03,3581.637044479402,3581.784125108127,3537.1406029351588,3546.314697265625,1923801,LT,-0.335029579676438,3463.926142578125,3288.173724365234
2024-07-04,3548.03199452257,3575.4067196370215,3498.6787748249444,3506.03759765625,1851947,LT,-1.135745218562545,3463.7059228515627,3292.413125
2024-07-05,3506.037575430059,3569.5196387433475,3500.8372927532337,3558.873779296875,1635209,LT,1.507005563087671,3464.592080078125,3296.352305908203
2024-07-08,3571.579948072588,3577.0743916296287,3526.3476247913513,3563.63232421875,1706210,LT,0.13370929167415557,3465.0924853515626,3300.0465856933592
2024-07-09,3581.2937847862586,3615.6349580650312,3577.46729272463,3597.0908203125,2425176,LT,0.9388874342160181,3465.922294921875,3303.9441796875
2024-07-10,3615.683945584045,3624.465425981089,3533.216025705983,3581.3427734375,2231438,LT,-0.4377995347260022,3467.3542041015626,3307.520137939453
2024-07-11,3591.1054079867445,3615.242441792854,3535.1783565508854,3552.937744140625,2942924,LT,-0.7931390848022857,3467.6514208984377,3311.13587890625
2024-07-12,3561.6701476838834,3598.660448140635,3544.6957489333035,3580.656005859375,2001185,LT,0.7801505040290202,3469.2818212890625,3314.832529296875
2024-07-15,3600.91707375713,3604.841779014631,3568.538255382747,3582.863525390625,943302,LT,0.061651259647321766,3470.855126953125,3318.5891369628907
2024-07-16,3577.467205933007,3582.863675888749,3552.8395835897063,3568.096923828125,2220953,LT,-0.41214524242561,3474.074306640625,3322.2169079589844
2024-07-18,3571.4817009714675,3609.992870411888,3530.909965500951,3587.376708984375,3240772,LT,0.5403380448411488,3478.3897509765625,3326.086375732422
2024-07-19,3582.2747046563018,3590.0750084049355,3542.0464759817173,3550.386474609375,2432533,LT,-1.031122108875826,3482.657568359375,3329.7253796386717
2024-07-22,3549.7977943876153,3592.920686284693,3500.4448159864874,3582.71630859375,3639057,LT,0.9106004153514702,3486.4212744140623,3333.4328173828126
2024-07-23,3600.524720570956,3644.088853371615,3394.870068030638,3471.450927734375,6957691,LT,-3.1056151611135396,3492.0757373046877,3336.6618103027345
2024-07-24,3482.194735699708,3490.9762157942337,3435.0982726640395,3453.200927734375,3184060,LT,-0.5257167789466832,3497.4430810546874,3339.750633544922
2024-07-25,3472.3832227089542,3562.553236573613,3465.5640947496818,3551.0244140625,4691483,LT,2.8328350529057245,3504.330751953125,3343.0730249023436
2024-07-26,3560.6888367643323,3631.3335312385766,3528.4082319128506,3610.630615234375,2617659,LT,1.6785635417156497,3510.743876953125,3346.4746484375
2024-07-29,3631.3336586429027,3718.6583534873284,3617.2048150703467,3703.8916015625,4159919,LT,2.5829556181855784,3518.40208984375,3350.276619873047
2024-07-30,3703.7935990607602,3723.5642064734407,3668.2259567723117,3713.408935546875,1979989,LT,0.25695498162958685,3525.290751953125,3353.8842578125
2024-07-31,3705.952149876589,3750.0559785335436,3692.264787816845,3743.187744140625,2703636,LT,0.8019264538491999,3532.9667724609376,3357.862265625
2024-08-01,3738.281732709139,3766.6867389108825,3694.9628945378704,3708.15966796875,1998663,LT,-0.9357819742465745,3540.133046875,3361.33267578125
2024-08-02,3660.1314394799247,3678.332069864614,3588.260268966907,3596.6982421875,2512525,LT,-3.005842136304404,3544.682626953125,3364.257216796875
2024-08-05,3529.2912545755607,3539.985980741122,3445.4006784659664,3461.590087890625,2900685,LT,-3.756449532299455,3544.1050048828124,3366.598703613281
2024-08-06,3481.2136873584077,3566.4778162956036,3479.251334659784,3508.8828125,2125532,LT,1.3662138903972165,3543.684677734375,3369.1703247070313
2024-08-07,3561.6701876062925,3586.9354788820124,3542.390167945932,3569.764892578125,1613097,LT,1.7350844508468466,3543.973818359375,3371.9845373535154
2024-08-08,3552.8394749391305,3560.4435914624055,3480.673908283438,3486.6591796875,2038088,LT,-2.3280444340580964,3542.4801220703125,3374.417052001953
2024-08-09,3532.234874417838,3537.680451091567,3508.392241106516,3524.4345703125,848232,LT,1.0834265317663183,3542.1975439453126,3377.0002319335936
2024-08-12,3511.63023194983,3543.0278758230893,3495.9314100132005,3504.712890625,1965035,LT,-0.5595700329812381,3541.52248046875,3379.424931640625
2024-08-13,3512.6115093627222,3539.1032721428323,3478.4665227593546,3484.9423828125,1316218,LT,-0.5641120522421494,3539.7783203125,3381.9240661621093
2024-08-14,3491.957483252983,3511.335715945336,3469.930122354727,3478.46630859375,1584372,LT,-0.18583016610803638,3533.46830078125,3384.491580810547
2024-08-16,3510.648919858987,3513.494235406998,3466.495984869145,3501.1806640625,2808865,LT,0.6529991511670774,3537.2300048828124,3387.1298315429685
2024-08-19,3532.08785281875,3532.1367200012605,3480.232585824866,3488.131103515625,1898535,LT,-0.37271885683651806,3540.617783203125,3389.907518310547
2024-08-20,3494.9501913347194,3512.611365799634,3481.213722306453,3505.44873046875,1285569,LT,0.4964729374899557,3542.91986328125,3393.0348864746093
2024-08-21,3522.4232099822525,3547.2470203460052,3514.4755854732,3528.359375,1714248,LT,0.6535723752601141,3544.707607421875,3396.4822229003908
2024-08-22,3539.151999558256,3544.1558549311926,3516.4867313464474,3538.6123046875,1734927,LT,0.290586320660724,3546.4813671875,3400.231505126953
2024-08-23,3538.612315371432,3553.8205479759677,3519.5284843024815,3530.81201171875,1825180,LT,-0.22043366995636582,3547.0292236328123,3403.760224609375
2024-08-26,3543.0279368370334,3579.3314631906665,3527.0347138046727,3573.34619140625,1606911,LT,1.2046571594955813,3547.812490234375,3407.3826013183593
2024-08-27,3574.081779686039,3666.655860090481,3567.5570530610084,3633.00146484375,3315435,LT,1.6694512717790433,3548.3607080078127,3411.2901110839844
2024-08-28,3635.258357368185,3654.2930826386964,3615.6348304728103,3619.608642578125,1278175,LT,-0.3686434590028709,3548.9496728515624,3415.2949401855467
2024-08-29,3621.031354915697,3640.1642939269036,3582.814583620265,3614.114013671875,2165489,LT,-0.1518017401554328,3549.4014892578125,3419.1613146972654
2024-08-30,3648.3573473216406,3674.5056024529986,3597.3850419212913,3634.9150390625,2592912,LT,0.5755497837626855,3552.201767578125,3423.1650378417967
2024-09-02,3636.2395948078406,3651.8893098608423,3597.336047902118,3613.770751953125,1277813,LT,-0.581699623846732,3553.9414013671876,3426.750537109375
2024-09-03,3624.4162621096075,3644.039788741092,3597.875394431524,3620.687744140625,1211993,LT,0.19140650202456033,3556.985986328125,3430.4394982910158
2024-09-04,3581.2936243039085,3611.710090702106,3562.749487382364,3582.07861328125,1930121,LT,-1.0663479865629433,3559.3251123046875,3433.764317626953
2024-09-05,3598.954854579987,3598.954854579987,3540.476648256813,3555.93017578125,2958770,LT,-0.7299794427472861,3560.038427734375,3436.8201538085937
2024-09-06,3547.050767159477,3555.586953612089,3469.635808359902,3507.460205078125,3096557,LT,-1.363074309873813,3559.4850439453126,3439.5927526855467
2024-09-09,3516.53601662637,3526.3477800656174,3486.9536456750407,3510.943359375,1454589,LT,0.09930702255245283,3559.7578125,3442.3085363769533
2024-09-10,3517.5172547816233,3556.76430922828,3503.7807857252933,3528.457275390625,1203483,LT,0.49883789691049785,3560.693857421875,3445.03181640625
2024-09-11,3527.328916053436,3536.110396322093,3450.208360485282,3470.37158203125,1865165,LT,-1.6462065096974898,3560.897939453125,3447.531842041016
2024-09-12,3491.025513301957,3569.568729378419,3467.4772804972217,3553.82080078125,3751523,LT,2.404619124421137,3560.809638671875,3450.1675219726562
2024-09-13,3553.8205769800456,3566.3305748697467,3532.2838049926586,3544.989990234375,1752455,LT,-0.24848778376596048,3560.78314453125,3452.857373046875
2024-09-16,3551.024192949311,3600.917104783176,3544.9900543819117,3593.31298828125,1045964,LT,1.3631349645554236,3562.52865234375,3455.8567419433593
2024-09-17,3598.954873295229,3635.258398462057,3590.8110616325876,3625.642822265625,1289060,LT,0.8997221808902056,3563.864033203125,3458.9814965820315
2024-09-18,3619.5595364583974,3687.211597532537,3614.8498420937167,3660.229248046875,2249929,LT,0.9539391351196969,3565.7959716796877,3462.4575830078124
2024-09-19,3679.411416757271,3679.803791490386,3604.842012044324,3614.359375,1711564,LT,-1.2531967245317133,3566.1413427734374,3465.662457275391
2024-09-20,3630.352499714604,3738.1836849016377,3610.9742667769383,3722.48486328125,5401701,LT,2.991553331114183,3568.9641845703127,3469.4286462402342
2024-09-23,3728.4701283367426,3766.5398186087614,3678.4301345090653,3716.401611328125,1937874,LT,-0.16341911858743785,3572.2334619140624,3473.00013671875
2024-09-24,3716.401540067454,3759.671512071468,3703.9406485759473,3720.228271484375,2676546,LT,0.10296680920021117,3575.0249072265624,3476.466881103516
2024-09-25,3716.2545761693636,3741.4216540256025,3706.8842940073782,3722.43603515625,2113862,LT,0.05934484420748731,3577.816357421875,3479.548197021484
2024-09-26,3729.4510699902903,3731.364315842534,3666.0669859793516,3691.332275390625,2750597,LT,-0.8355753993317339,3580.281064453125,3481.875762939453
2024-09-27,3667.63714640242,3667.63714640242,3582.27480511376,3635.89599609375,4095425,LT,-1.5017959685303173,3581.2514501953124,3483.9168994140623
2024-09-30,3629.3713305426427,3645.7078210056707,3596.0113345333293,3606.36279296875,1837697,LT,-0.8122675444162675,3582.3709765625,3485.4362927246093
2024-10-01,3597.9736638855506,3653.9007156557923,3570.8442337132515,3584.727783203125,1674100,LT,-0.5999121832059195,3582.4112060546877,3487.026151123047
2024-10-03,3515.0641863391256,3548.914769571142,3419.7918693086954,3431.811279296875,5315877,LT,-4.265777296194351,3581.6184130859374,3487.7402026367185
2024-10-04,3448.8347173640486,3486.6591118888045,3403.2100191115796,3428.180908203125,3445879,LT,-0.10578586053524575,3581.1180126953127,3488.4003259277342
2024-10-07,3439.0230046228585,3446.823308464715,3364.453604237313,3403.06298828125,2304227,LT,-0.7326894523498328,3578.1587841796877,3489.146114501953
2024-10-08,3427.199867646705,3471.892498087252,3403.700742084125,3465.9072265625,2249452,LT,1.8466962997058856,3575.26431640625,3489.9267224121095
2024-10-09,3475.3755505463,3490.730863775683,3415.4746897080636,3421.4599609375,1645791,LT,-1.2824135996589492,3569.61568359375,3490.3230017089845
2024-10-10,3448.8348138799515,3487.9836537870738,3390.454822009153,3395.213623046875,2686116,LT,-0.7671093097764481,3563.25177734375,3490.320817871094
2024-10-11,3404.0932364871355,3431.2720138454197,3382.1149813961556,3416.995849609375,1280465,LT,0.6415568792090376,3556.727939453125,3490.410020751953
2024-10-14,3443.929060119898,3506.5772671882323,3435.3928736063813,3488.131103515625,1974378,LT,2.081806857166124,3552.3273681640626,3490.8191247558593
2024-10-15,3502.7996714731376,3502.7996714731376,3453.887933183721,3485.040283203125,1231552,LT,-0.08860963710294323,3550.094208984375,3491.604373779297
2024-10-16,3483.1758875374667,3514.4753158919875,3447.41205908006,3466.103515625,1961835,LT,-0.5433729896723083,3550.1844775390623,3492.2674365234375
2024-10-17,3483.077852737479,3515.5548859613777,3455.506940841957,3503.093994140625,2968537,LT,1.067206399026288,3550.068701171875,3492.853575439453
2024-10-18,3502.750550500965,3524.827018928877,3473.609660085124,3510.452880859375,2102609,LT,0.21006820630729006,3548.8824609375,3493.417609863281
2024-10-21,3512.6112737459366,3553.7715730251043,3504.0750875539347,3518.10595703125,1750549,LT,0.21800822946813625,3549.511396484375,3493.7573010253905
2024-10-22,3517.51730166589,3524.0420287366096,3434.117309855123,3445.793212890625,1363574,LT,-2.055445316992277,3547.9385693359377,3493.8617431640623
2024-10-23,3435.147533894267,3447.8046130863913,3378.1901984396873,3390.356689453125,2125268,LT,-1.6088174772099895,3545.6514453125,3493.6503051757813
2024-10-24,3379.171363583563,3409.195455837588,3352.434307933838,3377.8466796875,1924421,LT,-0.3689880125162581,3543.50953125,3493.378995361328
2024-10-25,3360.5289959569714,3370.3407594488162,3252.648704273135,3263.784912109375,3236774,LT,-3.376759764261339,3539.2159033203125,3492.962562255859
2024-10-28,3253.5808406321084,3309.5078936827813,3201.137011601489,3277.9140625,2991674,LT,0.432906909343278,3534.7505712890625,3492.605822753906
2024-10-29,3253.580783765879,3320.6931504356885,3253.580783765879,3317.259033203125,2253467,LT,1.2003051316457514,3531.3331298828125,3492.3564880371096
2024-10-30,3316.3270738977785,3373.6767856803704,3289.8844182364055,3344.192626953125,1785128,LT,0.8119231413771466,3528.1080078125,3491.9341870117187
2024-10-31,3463.552369049658,3586.150300889314,3442.3099977883576,3554.114990234375,7637083,LT,6.277221042512404,3528.6231201171877,3492.662744140625
2024-11-01,3556.7150766034893,3573.3459674275714,3551.858301696634,3558.0888671875,212796,LT,0.11181059037324026,3529.0126513671876,3493.144183349609
2024-11-04,3556.71492978336,3556.71492978336,3464.4352521823753,3507.16552734375,1724189,LT,-1.431199212401979,3528.5397216796873,3493.4218713378905
2024-11-05,3489.0631139839893,3517.517228243139,3475.228431577917,3507.50927734375,1251506,LT,0.009801362305816852,3527.2229833984375,3493.8991467285155
2024-11-06,3526.347628742835,3591.007051214807,3490.436480278207,3576.8291015625,1819732,LT,1.976326182984356,3526.0995361328123,3494.411737060547
2024-11-07,3578.693680400606,3594.0489945648405,3551.8584112270605,3577.90869140625,1581009,LT,0.030182874638273738,3525.265537109375,3495.055065917969
2024-11-08,3571.8743489226604,3597.973736090544,3552.496115683558,3591.39990234375,1622142,LT,0.37706973824973566,3524.8112548828126,3495.6176330566404
2024-11-11,3577.36907123832,3592.0867168961845,3538.1220161506803,3560.5419921875,926127,LT,-0.8592167677042073,3523.3237939453124,3496.0383227539064
2024-11-12,3581.2937002087674,3582.274876564989,3512.611355273257,3523.747802734375,1116206,LT,-1.033387319510859,3521.5233349609375,3496.153106689453
2024-11-13,3517.5171821205345,3536.9936283053685,3469.0960338791992,3481.16455078125,1568694,LT,-1.2084648033006462,3518.73287109375,3495.811594238281
2024-11-14,3491.0256418103063,3498.6297589334176,3434.264491079784,3459.873291015625,1291765,LT,-0.6116131385069612,3516.2887646484373,3495.8260498046875
2024-11-18,3454.8200627535784,3501.1315375049285,3444.763005396193,3475.4736328125,1233217,LT,0.4508934427565503,3514.6796337890623,3495.7325634765625
2024-11-19,3492.8895277768793,3539.103028822926,3429.211279660695,3439.906005859375,1826460,LT,-1.023389348068282,3513.3285498046876,3495.4405517578125
2024-11-21,3463.5526809703333,3464.0923758976187,3387.462403483639,3417.927978515625,1510581,LT,-0.6389136013110197,3511.4682421875,3494.481065673828
2024-11-22,3434.117194004093,3545.48070872394,3407.723646245321,3535.6689453125,2534018,LT,3.4448053773212806,3511.6124755859373,3494.4738928222655
2024-11-25,3591.1055764763187,3690.204391564873,3585.218518154227,3682.35498046875,4753829,LT,4.148749145496855,3515.8521435546877,3495.9475744628908
2024-11-26,3684.218894723248,3684.218894723248,3620.540646913955,3632.903564453125,1141534,LT,-1.34292908418433,3517.433798828125,3497.571926269531
2024-11-27,3634.2771868414757,3649.9760083829074,3615.634836261025,3629.076904296875,971816,LT,-0.10533338109198764,3519.115537109375,3499.2839892578127
2024-11-28,3630.3526385374244,3650.466754507699,3579.3314663201418,3597.041748046875,2124283,LT,-0.8827356679068976,3519.1901123046873,3501.0028356933594
2024-11-29,3566.6743185324817,3679.411387631506,3566.6743185324817,3654.685791015625,2094305,LT,1.602540281887177,3519.7709716796876,3502.6083239746094
2024-12-02,3637.073513461759,3647.8664529100997,3603.7623859829273,3634.326171875,1158369,LT,-0.5570826140697371,3519.25291015625,3504.2558520507814
2024-12-03,3650.9571706802785,3727.3418447668805,3631.8242320002823,3715.763916015625,3252670,LT,2.24079348658488,3521.2810009765626,3506.598731689453
2024-12-04,3703.9406271680937,3762.811206672752,3687.309736367028,3718.56005859375,2510166,LT,0.07525081359645025,3521.2025048828127,3509.0088916015625
2024-12-05,3738.281871404723,3810.8889208755763,3689.2230541946874,3759.42626953125,2765170,LT,1.0989794515502416,3522.062998046875,3511.7450732421876
2024-12-06,3759.867537340408,3810.8395976163874,3728.469896110008,3793.914306640625,1856562,LT,0.9173750098223188,3523.53671875,3514.5468505859376
2024-12-09,3794.699635845581,3884.4772742889863,3794.699635845581,3872.99755859375,3332753,LT,2.0844764947564265,3526.54794921875,3517.8048901367188
2024-12-10,3880.5525653326586,3888.8925645249033,3827.8634418741863,3849.302001953125,2349493,LT,-0.6118143965272327,3529.70734375,3520.9868005371095
2024-12-11,3849.3018937465476,3873.3407142719752,3828.5501098048444,3843.0224609375,1237958,LT,-0.1631345374418225,3533.849873046875,3523.7165087890626
2024-12-12,3856.0229883966945,3884.47710205153,3774.536246038242,3787.242431640625,1899867,LT,-1.451462484642041,3537.4674658203126,3526.395606689453
2024-12-13,3786.3595813921,3824.6254595144874,3722.7793052182087,3813.83251953125,2300361,LT,0.7020962711147716,3542.049560546875,3529.1253918457032
2024-12-16,3808.9265222894905,3840.7165396405203,3784.642408063147,3804.854736328125,918660,LT,-0.23540056248271268,3549.5104296875,3532.1040502929686
2024-12-17,3790.3332169161704,3802.4506006965134,3725.526473310008,3735.534423828125,1690180,LT,-1.8218911707230556,3555.6575,3534.408272705078
2024-12-18,3735.534708884533,3747.112638210369,3674.505585257353,3687.407958984375,1318341,LT,-1.28834215893614,3561.3443994140625,3536.3540661621096
2024-12-19,3632.4618797708927,3691.3815667096774,3630.3524464645975,3646.394775390625,1856838,LT,-1.1122496900247025,3564.954150390625,3537.6946765136718
2024-12-20,3646.3949505772566,3654.882030481039,3539.20143062288,3561.523193359375,2796593,LT,-2.327547818026865,3567.7554150390624,3538.4342346191406
2024-12-23,3600.9173598235134,3630.352651593188,3548.9641177590415,3571.97265625,1217612,LT,0.2933987039620778,3571.290595703125,3539.4024914550782
2024-12-24,3579.2821703192803,3609.747743489315,3564.0248303713397,3571.236572265625,627922,LT,-0.020607212182521817,3574.37541015625,3540.3312890625
2024-12-26,3589.1432144579144,3596.1585297889987,3542.3902555550567,3561.1796875,1124705,LT,-0.2816079126128801,3575.8363818359376,3540.4506982421876
2024-12-27,3564.0250117517803,3575.063246103768,3535.669109990014,3540.1826171875,1309122,LT,-0.5896099650967157,3576.939228515625,3540.4118212890626
2024-12-30,3539.9860621495345,3554.8019208726373,3498.8748688467635,3511.5810546875,1591690,LT,-0.8079120653590066,3577.848779296875,3540.384969482422
2024-12-31,3495.489813505843,3552.4471478790047,3483.176002545589,3539.74072265625,1267628,LT,0.8019085286714578,3578.5817138671873,3540.354835205078
2025-01-01,3532.234950153374,3619.559647532166,3532.185843425619,3598.46435546875,1202029,LT,1.6589811913804153,3580.341943359375,3540.449169921875
2025-01-02,3607.393077046229,3653.9989538368345,3581.342796952162,3643.598388671875,1882900,LT,1.2542581708370415,3582.8517919921874,3540.9461108398436
2025-01-03,3638.2017563930235,3649.8776586605363,3582.7161881701013,3591.007080078125,1290107,LT,-1.4433892812462212,3585.7560693359374,3541.2723388671875
2025-01-06,3615.389489506093,3622.748311996437,3518.0077385505383,3535.37451171875,1212012,LT,-1.549219122067691,3588.65642578125,3541.724901123047
2025-01-07,3539.2014334818487,3581.146723932662,3528.0158789679554,3574.719970703125,1453540,LT,1.1129078080400312,3592.5938916015625,3542.0351623535157
2025-01-08,3593.0679428266913,3594.8832149675354,3522.4232426946537,3528.65380859375,1813201,LT,-1.2886649160469554,3597.89126953125,3542.4609362792967
2025-01-09,3532.136640437175,3538.4163127933175,3420.3807501834913,3461.491943359375,2921681,LT,-1.903328262772841,3601.5628271484375,3542.433835449219
2025-01-10,3434.0681338002832,3485.334598319579,3426.5622305068487,3469.586669921875,1794238,LT,0.23385079887385807,3604.6093798828124,3542.7368310546876
2025-01-13,3439.562633790394,3467.967639827642,3383.684691293909,3399.089111328125,2137212,LT,-2.0318719576858824,3605.7073095703126,3542.648397216797
2025-01-14,3400.6102099138716,3426.2187693846085,3383.6849175705347,3397.42138671875,2924491,LT,-0.049063868429255475,3602.5734375,3542.306783447266
2025-01-15,3405.957458707444,3459.774836941175,3405.957458707444,3435.49072265625,1155446,LT,1.1205361833042327,3600.121474609375,3541.874168701172
2025-01-16,3468.45838299686,3476.7492752112885,3418.1730952660005,3441.868408203125,2305460,LT,0.18564118088910675,3598.8155322265625,3541.218865966797
2025-01-17,3457.665425707677,3512.4642201709044,3445.842202889545,3501.474853515625,1600246,LT,1.7318048874395586,3598.69484375,3540.6848999023437
2025-01-20,3507.607068183891,3549.0617669668163,3489.5535200348877,3525.366455078125,1593334,LT,0.6823296628422737,3597.6655908203124,3539.9905053710936
2025-01-21,3544.7450409346275,3574.720027879145,3461.688554449648,3474.44384765625,2576596,LT,-1.444462811760272,3595.5962939453125,3538.680806884766
2025-01-22,3495.931358053237,3514.917216368667,3424.4036974855876,3451.974609375,1626055,LT,-0.6467002854689152,3592.8077880859373,3537.4077111816405
2025-01-23,3426.267674714997,3461.393834523996,3395.4588343972428,3437.305908203125,1993204,LT,-0.42493653145759813,3590.34306640625,3536.182718505859
2025-01-24,3448.344280291684,3454.820140016338,3381.182807077918,3393.10400390625,1206454,LT,-1.2859461880127432,3587.7301904296874,3534.661755371094
2025-01-27,3382.310964343468,3428.1318506048647,3337.1277468724393,3392.564208984375,1552938,LT,-0.015908587572133204,3585.95818359375,3533.4045959472655
2025-01-28,3399.727041435355,3416.603227219977,3339.9734958614013,3349.637939453125,1657689,LT,-1.2653045568767785,3583.7534765625,3531.617625732422
2025-01-29,3366.4159666711275,3389.964198440322,3347.773616520515,3384.763916015625,1238704,LT,1.0486499495594659,3581.9392822265627,3530.1162927246096
2025-01-30,3389.9642782998344,3451.5822007897996,3331.0936974899964,3356.55517578125,2717740,LT,-0.8334034790698497,3580.272265625,3528.6299255371096
2025-01-31,3435.147386229306,3522.422971557076,3415.523859925367,3500.248291015625,3995513,LT,4.280969854783634,3581.918671875,3528.221983642578
2025-02-01,3510.6489825054387,3560.885163747996,3337.961944796954,3382.60546875,4752505,LT,-3.360985064047839,3578.85740234375,3527.6076916503907
2025-02-03,3355.6230688993624,3355.6230688993624,3208.446618509039,3227.28515625,6077580,LT,-4.591735983841971,3569.756005859375,3526.49595703125
2025-02-04,3253.5808242038374,3384.077280663159,3244.995531015724,3374.41259765625,4742516,LT,4.558860908876339,3564.5861865234374,3526.0833520507813
2025-02-05,3379.8091095689065,3385.9905686499983,3315.836457728667,3319.515869140625,2670316,LT,-1.6268528796316795,3558.3949658203123,3525.5549475097655
2025-02-06,3339.9242025552717,3339.9242025552717,3279.7780460632407,3289.638916015625,2874856,LT,-0.9000394727058381,3552.2469091796875,3524.417899169922
2025-02-07,3303.6206611792763,3306.515083407039,3248.773000846423,3274.087158203125,1722789,LT,-0.47274969106141373,3544.6349365234373,3523.215505371094
2025-02-10,3284.782101722402,3285.959465386548,3232.0438750085987,3265.992431640625,1236663,LT,-0.24723613548951473,3537.26826171875,3521.8524072265627
2025-02-11,3297.6847117439966,3297.7338184720784,3170.1808888673863,3178.66796875,2593537,LT,-2.673749701457784,3526.5263427734376,3519.967745361328
2025-02-12,3197.6536043221495,3237.8818331583598,3161.5953748165225,3227.7265625,1632415,LT,1.5433695570692851,3516.7096728515626,3518.5576416015624
2025-02-13,3227.726895364606,3252.501599824765,3191.7177688701327,3202.21630859375,2127644,LT,-0.7903474291357404,3505.5654736328124,3516.878338623047
2025-02-14,3213.4017062314106,3223.949352168714,3160.908770636458,3176.70556640625,1378340,LT,-0.7966589302239591,3493.221298828125,3515.2661865234377
2025-02-17,3153.0593133707102,3178.42257833882,3134.416962685713,3161.203125,1966689,LT,-0.48800372216388777,3478.98541015625,3513.5512109375
2025-02-18,3166.256065891852,3179.9925347243548,3123.0843067039864,3159.534912109375,2428215,LT,-0.052771455191602534,3465.190068359375,3512.313195800781
2025-02-19,3159.5350127175934,3240.6784906837115,3151.146146335195,3214.235595703125,1677978,LT,1.731289101573208,3452.6143310546877,3511.5263513183595
2025-02-20,3198.684167030369,3223.605951743544,3186.6156494153197,3214.1376953125,1236693,LT,-0.0030458374226216556,3441.152236328125,3510.912061767578
2025-02-21,3214.1374761511306,3262.3130903234783,3209.3295683975134,3252.69775390625,1706850,LT,1.199701514032392,3429.929541015625,3510.2028955078126
2025-02-24,3227.7758172868807,3262.901978815365,3188.8231637798635,3196.378173828125,1512844,LT,-1.7314728984729522,3417.760009765625,3510.2411474609376
2025-02-25,3172.142961183161,3187.7926751766895,3146.0435759227034,3165.176513671875,2529084,LT,-0.9761567142376526,3406.3528515625,3510.142861328125
2025-02-27,3177.0489747843317,3197.1630896648376,3124.0654526600715,3149.08544921875,2572065,LT,-0.5083781073068172,3395.5864013671876,3509.855084228516
2025-02-28,3139.568164101987,3139.568164101987,3081.8749462348164,3104.294921875,2494680,LT,-1.422334454432217,3384.744404296875,3508.926687011719
2025-03-03,3106.3552595666883,3166.256124456815,3100.5173081138937,3137.115234375,1352460,LT,1.0572549749936933,3376.2562451171875,3508.0073583984376
2025-03-04,3111.35923233798,3160.3689418475724,3108.1704092827163,3152.51953125,1442098,LT,0.4910338232465117,3367.8671826171876,3506.925076904297
2025-03-05,3152.519713999044,3183.91735820943,3127.84322382045,3178.66796875,1945855,LT,0.8294456938584549,3360.015810546875,3506.0214831542967
2025-03-06,3188.9212846995256,3204.9633739617284,3154.48189971204,3198.53662109375,1854837,LT,0.6250622128225469,3352.76294921875,3505.2649365234374
2025-03-07,3198.5366351008324,3227.088962235665,3179.1095353253827,3183.622802734375,930240,LT,-0.46627005177997116,3345.6317529296875,3504.336954345703
2025-03-10,3184.898425682085,3185.192826495493,3109.39695361073,3117.884033203125,1777752,LT,-2.0649044690466356,3337.7578125,3502.4740185546875
2025-03-11,3110.6235584273086,3144.0815296132955,3101.596783544536,3135.300048828125,1274649,LT,0.5585844579058197,3329.6689990234377,3500.5010229492186
2025-03-12,3144.67013857302,3161.3010294624005,3093.698076123559,3133.53369140625,1360149,LT,-0.056337747404278105,3320.3703857421874,3498.3921520996096
2025-03-13,3141.9720055011107,3172.2902592716723,3118.227585447547,3127.303466796875,1414376,LT,-0.19882424198793824,3310.0444873046877,3496.2219494628907
2025-03-17,3129.9523827877642,3179.0603042887783,3099.535917625877,3113.7138671875,2805790,LT,-0.4345468789216711,3300.498623046875,3494.0977014160158
2025-03-18,3113.7138671875,3113.7138671875,3113.7138671875,3113.7138671875,0,LT,0.0,3292.06541015625,3491.9739404296874
2025-03-19,3213.352511021465,3263.9813059444155,3206.974864816384,3257.06396484375,1616312,LT,4.603830145309162,3285.7122900390623,3490.398508300781
2025-03-20,3272.4685565268173,3295.6732823449274,3215.2168183211816,3287.97119140625,2434722,LT,0.9489290629876468,3280.8986376953126,3487.8685278320313
2025-03-21,3293.8088743272724,3389.964152755653,3270.0153487978005,3351.649169921875,3042073,LT,1.936695147514067,3278.7017822265625,3488.061296386719
2025-03-24,3384.077100222148,3450.797089440793,3381.1335712860314,3416.308837890625,1955564,LT,1.9291896225002825,3277.6362255859376,3488.5491296386717
2025-03-25,3439.0230976614544,3458.646624609594,3370.6842608825614,3404.28955078125,4235900,LT,-0.35182085928731066,3277.740234375,3488.6188537597654
2025-03-26,3407.625423665269,3430.977468430945,3354.1513132161595,3379.956298828125,2315715,LT,-0.7147820886017398,3277.3909326171874,3488.3237744140624
2025-03-27,3394.870223253125,3461.5902160800647,3386.0396359672063,3435.687255859375,3467864,LT,1.648866201334398,3277.39486328125,3488.2525891113282
2025-03-28,3443.8308160982156,3447.853734999173,3407.1840227158823,3426.562255859375,1348143,LT,-0.265594605109587,3277.088740234375,3487.868304443359
2025-04-01,3414.4937040802274,3435.6872090959696,3365.434886492868,3372.10693359375,1935147,LT,-1.5892115245391247,3274.5013818359375,3487.0579248046874
2025-04-02,3368.3784083421438,3392.662522995936,3343.84899960094,3355.52490234375,1338839,LT,-0.4917409671919337,3271.10455078125,3485.8075964355467
2025-04-03,3335.999412946053,3397.8135197153474,3329.131178860576,3355.77001953125,1200631,LT,0.007304883576608745,3268.73107421875,3484.63564453125
2025-04-04,3335.999590821154,3339.728108861073,3176.3622465458607,3198.781982421875,2366979,LT,-4.678152441784544,3263.6672216796874,3482.6719384765624
2025-04-07,2991.655670666104,3032.4235941840825,2909.482154847765,3010.739501953125,4953864,LT,-5.878565075772324,3255.1358935546873,3480.251130371094
2025-04-08,3066.127010634854,3133.779072579321,3034.4840731036807,3101.5966796875,2877816,LT,3.0177694774135677,3249.3057470703125,3478.125168457031
2025-04-09,3099.339917217843,3099.339917217843,2990.625529205188,2996.65966796875,4451381,LT,-3.383322287065471,3241.38765625,3475.7661743164062
2025-04-11,3055.3831407534835,3097.5737236219484,3041.793752546452,3057.29638671875,3979116,LT,2.023476986664341,3235.5408251953127,3473.7270446777343
2025-04-15,3120.140652155829,3210.4088722810916,3116.3141603815607,3196.280029296875,2161492,LT,4.545965617919356,3231.7711474609373,3472.1071228027345
2025-04-16,3208.446678792638,3215.1187259113617,3163.4107799450203,3166.94287109375,1578260,LT,-0.9178531897775732,3227.9789013671875,3470.2661901855467
2025-04-17,3153.598823065942,3188.7247427629723,3102.8718170188463,3186.173828125,3209331,LT,0.6072404149370714,3221.697412109375,3468.7105346679687
2025-04-21,3188.332556518871,3228.0701987835314,3164.3919493428566,3218.7490234375,1643003,LT,1.022392282083051,3218.420283203125,3467.396004638672
2025-04-22,3218.258385130219,3223.1642668148684,3186.8607423484605,3196.476318359375,2060322,LT,-0.6919677463494422,3217.8041064453123,3466.077548828125
2025-04-23,3213.744827462232,3252.599505609687,3205.2086413746097,3238.863037109375,2381699,LT,1.3260451362191006,3215.093115234375,3464.480684814453
2025-04-24,3244.750135843254,3244.750135843254,3218.258374830926,3238.470703125,1993448,LT,-0.012113324332641007,3213.4722119140624,3462.94146484375
2025-04-25,3247.6938131494953,3272.9099981703844,3169.2979163177597,3210.50732421875,2004819,LT,-0.863474814802756,3211.889580078125,3461.4638134765623
2025-04-28,3198.6347554899353,3287.725611926078,3193.5326866110368,3264.66796875,1689485,LT,1.6869808744145898,3211.7011962890624,3459.992784423828
2025-04-29,3272.2230986583695,3312.8437033754367,3252.5995718298336,3259.76220703125,1843861,LT,-0.1502683202613153,3211.576591796875,3458.4734338378908
2025-04-30,3261.4301098683964,3291.846575995328,3241.1198078152197,3278.110107421875,1930714,LT,0.562860086881467,3213.5654345703124,3456.8785302734377
2025-05-02,3262.411449697103,3311.37205503395,3262.411449697103,3272.125,1411889,LT,-0.18257798627093758,3214.4534033203126,3455.33244140625
2025-05-05,3286.940767342896,3286.940767342896,3238.5687254547884,3267.513427734375,1947332,LT,-0.14093508853191272,3215.759345703125,3453.9053198242186
2025-05-06,3283.0160595322345,3289.8842939664023,3240.6292892189426,3271.241943359375,1695516,LT,0.11410865502043954,3217.6500732421873,3452.358249511719
2025-05-07,3269.279715893045,3276.93293960756,3222.2814628541255,3258.879150390625,2422707,LT,-0.37792352821369724,3219.60359375,3450.7383276367186
2025-05-08,3247.7919890181015,3302.6396521287957,3237.6858245265303,3261.33203125,3204333,LT,0.07526762258369679,3221.6395361328123,3449.204503173828
2025-05-09,3268.298288470599,3411.5500297244885,3268.298288470599,3379.072998046875,5637694,LT,3.6102109711211305,3224.9362841796874,3448.162984619141
2025-05-12,3446.87254344212,3534.9822282429814,3424.305487222601,3519.67578125,3147384,LT,4.160986853033188,3231.0470458984373,3448.009431152344
2025-05-13,3519.6756709198476,3538.1218337691867,3478.2700778457474,3499.85595703125,2374439,LT,-0.5631150552086073,3235.9902099609376,3447.5951293945313
2025-05-14,3519.4795640274842,3548.91485449886,3499.8560370465675,3505.84130859375,2440116,LT,0.17101708287381445,3242.17947265625,3447.767081298828
2025-05-15,3526.34786497057,3580.0181643664896,3476.3078702255784,3550.09228515625,3720879,LT,1.2622070615127212,3249.8777880859375,3448.2515380859377
2025-05-16,3573.4443622898734,3573.4443622898734,3532.234954487519,3536.846435546875,1278520,LT,-0.37311282483440955,3257.6330078125,3448.1806481933595
2025-05-19,3536.8464460499713,3551.760279104204,3519.4796720478375,3532.43115234375,1519244,LT,-0.12483672343671648,3266.195732421875,3447.7896508789063
2025-05-20,3561.6702358039292,3565.594941297928,3489.063184164951,3500.64111328125,1532347,LT,-0.8999478741831268,3273.46625,3446.7733984375
2025-05-21,3498.5804378335674,3542.53718590278,3488.0818988739466,3521.44189453125,1563885,LT,0.5941991931444512,3280.844697265625,3445.813563232422
2025-05-22,3517.517181412424,3524.38541579733,3470.322503606713,3484.549560546875,1597159,LT,-1.047648522659661,3286.9623291015623,3444.520372314453
2025-05-23,3502.7993989904503,3563.239955026323,3484.353236599373,3532.136474609375,1119217,LT,1.36565467747376,3293.634326171875,3443.6402563476563
2025-05-26,3547.7374606151934,3603.370111223932,3540.476611967004,3580.01806640625,1678934,LT,1.355598577265349,3301.5622314453126,3443.55685546875
2025-05-27,3580.01811997658,3596.0113424783226,3535.178408444583,3571.48193359375,2013954,LT,-0.23843826076187513,3310.634189453125,3444.1063146972656
2025-05-28,3591.1053980031797,3594.0489270179364,3551.8583444730903,3577.663330078125,1293244,LT,0.17307651555595882,3319.481455078125,3444.450217285156
2025-05-29,3594.9318692177867,3599.8377508808176,3549.895971369164,3586.493896484375,1972248,LT,0.24682496902403983,3328.5406591796873,3444.5338623046873
2025-05-30,3586.4940466109406,3625.741101558025,3585.7090576029964,3605.92138671875,2571304,LT,0.5416847426791493,3338.113017578125,3445.1301733398436
2025-06-02,3605.9213762531426,3627.703443776553,3537.729618480499,3610.336669921875,1954517,LT,0.12244535389449585,3348.0454736328124,3445.5596838378906
2025-06-03,3619.6457221369187,3633.7083192679256,3580.329782758445,3609.54443359375,2472483,LT,-0.02194355819292726,3357.9620849609373,3446.083841552734
2025-06-04,3609.7424388776626,3626.2808538220524,3580.329771064847,3591.42138671875,1086783,LT,-0.502086820329184,3364.6492333984374,3446.6162365722657
2025-06-05,3594.7883746045572,3641.828913569135,3577.0616155800667,3607.36572265625,1466416,LT,0.4439561449531615,3371.0371240234376,3447.260733642578
2025-06-06,3609.742360631415,3631.529557321097,3587.9551639417327,3620.93310546875,1172711,LT,0.37610222682133987,3376.422802734375,3447.859495849609
2025-06-09,3628.5586753109446,3673.024267606258,3626.7760380862514,3643.314453125,898170,LT,0.6181099458161032,3380.9629150390624,3448.6354125976563
2025-06-10,3668.1716786661445,3668.1716786661445,3631.727592034163,3644.205810546875,1454535,LT,0.02446556379755993,3385.761240234375,3449.3291979980468
2025-06-11,3654.2079940176677,3656.2877777101226,3620.7351303210544,3649.157470703125,1265737,LT,0.13587762090492284,3391.145263671875,3449.9331884765625
2025-06-12,3649.157403635138,3672.1329443594564,3550.3227091501217,3569.039794921875,2335718,LT,-2.1955116057464252,3393.812314453125,3450.085325927734
2025-06-13,3467.333312317492,3561.216372952479,3452.1812588153534,3552.699462890625,1981445,LT,-0.4578355235629328,3396.33505859375,3450.1947631835938
2025-06-16,3540.9145008243536,3618.358030699406,3527.3470680834566,3593.599853515625,1322630,LT,1.1512482564939974,3400.7649169921874,3450.2960314941406
2025-06-17,3586.9648163998227,3592.51074496453,3567.1582740674103,3587.261962890625,930603,LT,-0.17636606420716738,3405.399658203125,3450.067333984375
2025-06-18,3586.964791688359,3603.8994819775367,3552.5013599115728,3566.6630859375,743311,LT,-0.5742228241543357,3409.61751953125,3449.802606201172
2025-06-19,3572.110020977579,3607.761798287031,3556.3639160442067,3586.07373046875,1580819,LT,0.5442242248162366,3417.3633544921877,3449.6624047851565
2025-06-20,3579.0421795264283,3634.401368325457,3579.0421795264283,3626.577880859375,2575277,LT,1.1294845961053568,3429.6801220703123,3449.6207189941406
2025-06-23,3609.7422554310338,3624.5971618319845,3540.023324767535,3549.03515625,1867977,LT,-2.1381789432576626,3438.6288916015624,3449.297041015625
2025-06-24,3601.918765795773,3648.365009734674,3562.206552664393,3569.93115234375,2751637,LT,0.5887796309075988,3450.0943212890625,3449.0432580566408
2025-06-25,3604.7906921438557,3606.7713463703085,3573.9914222108846,3584.7861328125,1405262,LT,0.4161139202641939,3460.6441162109377,3449.056795654297
2025-06-26,3585.0832512090933,3633.510149954749,3585.0832512090933,3624.201171875,2578926,LT,1.0995088019819077,3469.2025390625,3449.3981506347654
2025-06-27,3629.5489752059107,3695.306600719016,3629.5489752059107,3643.611572265625,2720600,LT,0.5355773443609158,3478.7359130859377,3450.078907470703
2025-06-30,3646.3844326657727,3681.5410452023384,3617.3677998783687,3634.302490234375,1508882,LT,-0.25549051666508005,3487.698486328125,3450.695703125
2025-07-01,3634.302532674973,3643.314364447488,3609.742371612438,3631.232421875,1054380,LT,-0.08447476146040689,3495.948154296875,3451.209578857422
2025-07-02,3631.1334245333373,3638.659765390575,3549.233180324374,3562.008544921875,1330176,LT,-1.9063466314111932,3503.258798828125,3451.667763671875
2025-07-03,3570.129245852185,3589.9357881315314,3541.4097595471326,3548.242919921875,1229034,LT,-0.3864568213803099,3509.446396484375,3451.6398742675783
2025-07-04,3555.2744765130965,3565.177748035417,3535.567062895315,3559.830078125,696402,LT,0.32656045441725734,3515.873583984375,3451.714074707031
2025-07-07,3565.078620686346,3574.8830045666114,3540.518700719949,3546.757568359375,719539,LT,-0.36722285835930624,3522.5985888671876,3451.4812976074218
2025-07-08,3545.3710857718625,3579.0422078155057,3525.5645433932486,3571.515625,1513912,LT,0.6980476157009363,3528.7355419921873,3451.2106616210935
2025-07-09,3570.1292993238308,3570.2284287483444,3533.6852126281756,3545.073974609375,1008876,LT,-0.7403481649509769,3534.44177734375,3450.6348852539063
2025-07-10,3540.4194609455244,3555.175238350839,3534.4774982138674,3540.122314453125,1063910,LT,-0.13967720255528837,3539.682021484375,3450.263699951172
2025-07-11,3540.419451110438,3551.9073424046946,3501.3015299023646,3506.352294921875,1439747,LT,-0.9539223939630137,3544.3665673828127,3449.183037109375
2025-07-14,3506.35228822281,3514.373792805488,3454.260985141215,3462.08447265625,1358844,LT,-1.2625035519031158,3548.25798828125,3447.9114514160156
2025-07-15,3484.961058312576,3486.941712508832,3448.0218091965844,3460.202880859375,1585193,LT,-0.05434852360581832,3552.03720703125,3446.6113244628905
2025-07-16,3470.1062201927107,3481.9901456043294,3443.367388016568,3469.908203125,1266964,LT,0.2804841970195371,3556.2577880859376,3445.3486853027343
2025-07-17,3480.9998971151767,3480.9998971151767,3433.959357964972,3440.396484375,2217275,LT,-0.850504307964739,3559.8390771484374,3444.0940063476564
2025-07-18,3455.2512679662464,3465.1545390122947,3416.628510886658,3431.285400390625,1818696,LT,-0.2648265694304208,3560.8833251953124,3443.0709533691406
2025-07-21,3434.0585016330883,3474.166750969609,3411.5778820384844,3468.91796875,1521623,LT,1.0967484183942,3559.8681689453124,3442.383729248047
2025-07-22,3468.1255395496387,3473.6714680777977,3420.6889676877618,3431.08740234375,2586522,LT,-1.0905581148660581,3558.4927978515625,3441.61552734375
2025-07-23,3442.575120295206,3456.2416830424227,3425.1455078779727,3451.19091796875,1192261,LT,0.5859225740290741,3557.3997900390623,3441.7124255371095
2025-07-24,3451.1908727811447,3459.608653274326,3427.522151400184,3443.862548828125,1083671,LT,-0.2123431973139911,3555.2751953125,3441.7908337402346
2025-07-25,3436.435129815252,3443.3674197024875,3404.1503687716367,3409.59716796875,1338744,LT,-0.9949694673800136,3552.7302099609374,3441.8235046386717
2025-07-28,3396.9211414026654,3412.7663752777876,3372.162963472787,3389.097412109375,2256080,LT,-0.6012368866316176,3549.86353515625,3441.439455566406
2025-07-29,3384.938115982578,3470.4033952948885,3373.549354035884,3461.78759765625,1241060,LT,2.1448243206922957,3549.08646484375,3441.64109375
2025-07-30,3586.9647545171442,3649.6525082735493,3555.274287332012,3629.64794921875,8760659,LT,4.848950053323531,3551.2505859375,3442.8132653808593
2025-07-31,3589.935701355291,3627.4690013557615,3585.9743929951746,3601.324462890625,1927627,LT,-0.7803370113132146,3553.586083984375,3443.7349084472658
2025-08-01,3600.8294691403003,3600.8294691403003,3543.4896246354265,3552.6005859375,1205945,LT,-1.3529432700439492,3553.9953662109374,3444.057255859375
2025-08-04,3560.4239189093996,3601.621622718892,3542.4000141599004,3595.976806640625,1033049,LT,1.220970938157917,3554.314541015625,3444.6119384765625
2025-08-05,3594.887552678455,3622.3195663637375,3573.397501890162,3617.26904296875,1158433,LT,0.5921127268898152,3555.230283203125,3445.367766113281
2025-08-06,3614.6938963361813,3635.4907653288005,3587.1627547425182,3593.302734375,931383,LT,-0.6625525585478798,3555.5430712890625,3445.8188098144533
2025-08-07,3575.3779577261193,3613.703567928493,3564.385230265241,3606.375244140625,1211790,LT,0.36380207101862627,3555.9406982421874,3446.2984216308596
2025-08-08,3606.375222575065,3626.8749449533707,3565.1775189774735,3572.7041015625,1337067,LT,-0.9336561033916668,3555.2763525390624,3446.571412353516
2025-08-11,3575.0810068518304,3641.3337963890554,3565.177735364706,3632.916015625,1822410,LT,1.6853316801737517,3555.727939453125,3447.5070263671873
2025-08-12,3644.4037321901733,3691.840303623083,3637.570571903948,3650.44482421875,2280103,LT,0.48249969221307865,3556.545947265625,3448.8074670410156
2025-08-13,3660.2489921110528,3680.055534276156,3645.6912319755174,3657.97119140625,1227196,LT,0.20617671406966132,3557.876943359375,3450.2080895996096
2025-08-14,3664.2103853451354,3672.6281659601173,3606.474265241853,3641.432861328125,1769702,LT,-0.4521175595089133,3558.5582861328126,3452.096329345703
2025-08-18,3663.2200390614244,3665.6958568764157,3586.6677038660705,3599.938232421875,1950151,LT,-1.1395137707170488,3558.138388671875,3453.7064501953123
2025-08-19,3613.6046500159473,3618.655415205292,3573.2983832653463,3578.052001953125,1352944,LT,-0.6079612775474197,3556.8331396484373,3455.0104150390625
2025-08-20,3578.547133180976,3584.8851301879954,3545.3711738723932,3557.55224609375,1325096,LT,-0.5729306295208958,3555.100068359375,3456.0772131347658
2025-08-21,3564.187216509058,3612.713244185897,3553.2936184591554,3577.65576171875,1624009,LT,0.5650940375387048,3553.6700341796877,3456.1949169921877
2025-08-22,3575.08090731123,3599.343921779132,3547.3517479193424,3561.018310546875,1060447,LT,-0.4650377867512323,3553.5096044921875,3456.2095642089844
2025-08-25,3581.0229260853794,3582.9044509333585,3549.629604209751,3568.247802734375,980393,LT,0.20301755163931734,3553.8205712890626,3456.5149755859375
2025-08-26,3564.1872355123155,3565.1775626130416,3496.8449926629582,3507.04541015625,1787363,LT,-1.7151945706019966,3552.089482421875,3456.51265625
2025-08-28,3505.7579029732888,3542.3008759282447,3502.9849387620147,3525.66357421875,1695226,LT,0.5308788990465496,3550.8575146484377,3456.2568286132814
2025-08-29,3541.013756545707,3580.0325484674395,3505.9560313355887,3566.16796875,1678055,LT,1.1488445700672312,3550.8476123046876,3456.198125
2025-09-01,3566.1679648058634,3593.501090073076,3547.252620072072,3563.593017578125,1094155,LT,-0.07220498850416535,3550.397998046875,3456.059090576172
2025-09-02,3563.5929997406147,3584.885032747986,3525.5645351739663,3540.3203125,1230950,LT,-0.6530685452386886,3548.6728466796876,3455.9579821777343
2025-09-03,3559.2356978772013,3571.4167699068885,3525.5645755266655,3565.969970703125,1314831,LT,0.7245010603295521,3549.01154296875,3456.1690930175782
2025-09-04,3587.856084029622,3589.836738301471,3537.943693090656,3557.849365234375,1434998,LT,-0.22772500989818312,3548.7699072265623,3456.5525170898436
2025-09-05,3558.047337382281,3574.1897178498575,3514.770090444606,3519.2265625,830812,LT,-1.0855659914042137,3547.4587158203126,3456.8492834472654
2025-09-08,3535.467859637405,3545.272001528127,3490.903138717606,3495.458740234375,1039999,LT,-0.6753706203200704,3544.8838671875,3456.949208984375
2025-09-09,3512.888289742588,3515.6612540170654,3482.386166281497,3490.903076171875,1522116,LT,-0.13033093510909088,3541.829697265625,3457.2041943359377
2025-09-10,3524.5743212890625,3542.796244108677,3506.847562043667,3515.661376953125,1136732,LT,0.7092233797679537,3539.456875,3457.692861328125
2025-09-11,3513.680701137509,3530.2191160593115,3498.825794001922,3505.4609375,1177793,LT,-0.2901428311609777,3536.9414453125,3457.5418212890627
2025-09-12,3521.9992958762114,3560.6220538086504,3513.7797741497543,3545.173095703125,1146873,LT,1.132865517863868,3536.604736328125,3456.8559118652342
2025-09-15,3546.3613337803777,3572.109838298191,3540.914534747763,3551.510986328125,1177076,LT,0.17877520938771596,3536.67009765625,3456.4489489746093
2025-09-16,3569.0397307325097,3638.461756993749,3558.344391500482,3632.32177734375,2928060,LT,2.2753918353825675,3538.119931640625,3456.4651733398437
2025-09-17,3636.4811698717945,3668.1716375830956,3627.2710793373817,3649.8505859375,1610471,LT,0.48257862789260475,3540.1817919921873,3456.729217529297
2025-09-18,3655.2973386419903,3664.210282572572,3636.976287229127,3650.345703125,1270148,LT,0.013565409756988167,3541.7583935546877,3456.707517089844
2025-09-19,3643.413418820417,3669.161923547063,3635.490801981449,3639.84814453125,2227521,LT,-0.2875771076904621,3543.653876953125,3456.735126953125
2025-09-22,3657.872227019285,3657.872227019285,3598.7495064736067,3609.2470703125,839430,LT,-0.8407239259343058,3545.0363720703126,3456.2025427246094
2025-09-23,3611.6237657042916,3637.9665629945675,3578.249791146559,3622.220458984375,1262120,LT,0.35944861682055684,3547.3537353515626,3455.7208447265625
2025-09-24,3622.220664612041,3673.3214002597188,3601.918958126379,3638.263916015625,1745130,LT,0.44291774100764236,3550.87732421875,3455.1150329589846
2025-09-25,3648.364998684974,3668.171540480224,3600.5321518936316,3609.14794921875,1999071,LT,-0.8002708838329875,3553.8562255859374,3454.191201171875
2025-09-26,3628.558621505899,3758.1923467252477,3625.5876401018277,3693.425048828125,5870301,LT,2.3350968371251613,3558.3265625,3453.293338623047
2025-09-29,3701.8427334272105,3703.8233876452027,3644.0077269734734,3652.722412109375,2599630,LT,-1.1020295844818784,3562.5730810546875,3452.310440673828
2025-09-30,3659.2587099286434,3660.8433300329384,3612.7133352691994,3623.60693359375,1676302,LT,-0.7970898204337273,3566.41951171875,3451.2133630371095
2025-10-01,3623.507733402203,3652.3263487550407,3580.032470376755,3634.797607421875,2005028,LT,0.308826923924288,3569.7371044921874,3450.4511389160157
2025-10-03,3654.30703918401,3709.7653573938487,3630.8363350117334,3696.990234375,1959124,LT,1.7110341116692185,3575.0551611328124,3449.8669274902345
2025-10-06,3684.0169776056996,3730.5623533980297,3667.1814161488996,3700.8525390625,1581506,LT,0.10447159561277619,3580.0483935546877,3449.3469165039064
2025-10-07,3711.746081702309,3729.571970034924,3688.968557721745,3693.623046875,1673945,LT,-0.1953466697522499,3585.043603515625,3449.1373596191406
2025-10-08,3693.9201850384043,3723.6299988590886,3679.0652781280623,3693.72216796875,1424633,LT,0.0026835736211427985,3590.726103515625,3449.1689306640624
2025-10-09,3699.36699090069,3759.6778163536533,3694.0193211149704,3732.740966796875,1827249,LT,1.0563544591005947,3597.598974609375,3449.600661621094
2025-10-10,3728.581490385608,3762.252611414323,3723.629854940209,3747.397705078125,1129678,LT,0.39265350613995054,3603.3111767578125,3450.5300341796874
2025-10-13,3743.4365207172705,3747.397829204802,3708.7750714513695,3733.0380859375,1191248,LT,-0.3831890893556955,3605.3789794921877,3451.335361328125
2025-10-14,3738.484780545012,3750.1706886121997,3694.1180783697487,3708.081787109375,1364583,LT,-0.6685251597656205,3607.5141259765624,3452.019587402344
2025-10-15,3710.755608261642,3806.7182066235514,3708.0817734729926,3791.665283203125,2575918,LT,2.2540898742933857,3612.295419921875,3453.172015380859
2025-10-16,3793.250008284209,3848.3120509754262,3792.952861793004,3824.4453125,2330283,LT,0.864528560632416,3616.8647900390624,3454.593328857422
2025-10-17,3822.6627988916825,3832.070906816416,3793.0521138191575,3802.261962890625,1337364,LT,-0.5800409679508234,3620.5646484375,3456.0467333984375
2025-10-20,3824.643294384854,3849.9957650830866,3808.203767666286,3835.23974609375,1223232,LT,0.8673201248357465,3625.403388671875,3457.524228515625
2025-10-21,3854.3531351462984,3857.3241164940473,3839.6962454749205,3850.58984375,260327,LT,0.4002382816324479,3630.2876806640625,3458.784855957031
2025-10-23,3852.3725812636535,3927.8354611063683,3852.3725812636535,3880.794921875,2815778,LT,0.7844273046641703,3636.4494970703126,3459.970838623047
2025-10-24,3891.2922999965385,3901.7896221286937,3859.7998500419208,3867.128173828125,1146636,LT,-0.3521636242574733,3641.133740234375,3461.351444091797
2025-10-27,3874.1597944485043,3909.81157169803,3869.2081587194034,3885.845703125,1057688,LT,0.4840162636333467,3645.8417578125,3463.103800048828
2025-10-28,3884.162046024061,3947.4438514977546,3879.4084275510377,3934.37158203125,3391806,LT,1.2487855312223406,3651.369765625,3464.9020581054688
2025-10-29,3949.424649733679,3977.846990406787,3882.082403950858,3919.81396484375,2563641,LT,-0.3700112428115965,3656.9373876953123,3466.8578588867185
2025-10-30,3941.5019898608934,4023.303107769138,3937.1446471867516,3948.929443359375,4959400,LT,0.7427770495425978,3663.9172119140626,3469.2950463867187
2025-10-31,3962.3978695741725,4006.7643303770587,3941.6998880485453,3991.909423828125,2328183,LT,1.088395755994731,3672.1943603515624,3471.90666015625
2025-11-03,3991.018262368892,4001.911860603646,3936.451141772266,3941.9970703125,1154072,LT,-1.2503378262465836,3679.8832568359376,3474.621199951172
2025-11-04,3946.4536181325493,3951.4052537889265,3878.913356135383,3886.439697265625,2042881,LT,-1.4093712414268933,3686.058935546875,3477.066291503906
2025-11-06,3906.8405995609546,3939.521395450818,3834.6458471704373,3844.053955078125,1749063,LT,-1.0906059398611334,3691.7196484375,3479.1091076660155
2025-11-07,3839.5973985882933,3855.2443737626,3794.0423507725736,3844.945068359375,1577294,LT,0.023181601810584596,3697.25359375,3481.1244909667967
2025-11-10,3857.3242358837683,3905.652248992122,3856.3339087372,3880.596923828125,1397176,LT,0.9272396571315067,3704.7246240234376,3483.0201013183596
2025-11-11,3890.9951479288484,3928.4295603955593,3859.3046809566613,3916.74365234375,1775462,LT,0.9314734105382749,3712.5462255859375,3484.9769873046876
2025-11-12,3931.5985969168373,3935.361888262145,3898.8186731125243,3916.34765625,981350,LT,-0.010110339835822657,3719.5498193359376,3487.186506347656
2025-11-13,3916.3476087646436,3983.9867556218724,3887.628123140424,3963.7841796875,1834962,LT,1.2112439344295067,3727.553642578125,3489.7455541992185
2025-11-14,3963.2890831386517,3972.6971906573467,3933.1832357904595,3965.665771484375,1916910,LT,0.04746958238839305,3736.0605517578124,3492.387353515625
2025-11-17,3965.6658083468374,3991.018279239245,3961.4075951694253,3988.740478515625,1206133,LT,0.5818621225513132,3744.5159619140627,3495.3655358886717
2025-11-18,3981.1149295809723,3987.8492021957804,3940.4123891863123,3960.912353515625,1748928,LT,-0.6976669740708763,3752.5772216796877,3498.2072766113283
2025-11-19,3968.24077569857,3987.5521545670804,3941.799089911349,3980.718994140625,923032,LT,0.500052484307556,3761.8070703125,3501.3626818847656
2025-11-20,3995.9699912742126,4008.844244034204,3968.934012122414,3998.3466796875,1463574,LT,0.4428266745987841,3771.8648291015625,3504.430595703125
2025-11-21,3987.056985840705,4017.757126566254,3976.361404586955,3985.967529296875,1241149,LT,-0.30960672953933566,3781.7661181640624,3507.5776574707033
2025-11-24,3986.0667597125935,3998.941012601106,3964.9727431625206,3974.47998046875,1584741,LT,-0.28819975937314224,3790.942490234375,3509.9488159179687
2025-11-25,3974.182663333758,4016.2715652006113,3943.086489019054,3958.040283203125,1749083,LT,-0.41363140200509907,3799.9940771484376,3512.8259899902346
2025-11-26,3960.318132003266,4035.186958592229,3959.3278048884863,4022.708740234375,2058237,LT,1.6338504008078347,3809.5447900390627,3516.803107910156
2025-11-27,4031.6216040492895,4099.954173609447,4020.331971877068,4041.822021484375,2225064,LT,0.47513460417436537,3819.3510107421876,3520.1401550292967
2025-11-28,4045.486292526487,4064.5007666881884,4015.4793323803274,4030.2353515625,1318133,LT,-0.28666947382358643,3827.3092822265626,3523.693752441406
2025-12-01,4047.46685529645,4063.7081230151744,4010.8247526182095,4033.80029296875,1251770,LT,0.08845491876467992,3834.9882763671876,3527.414559326172
2025-12-02,4027.1652037915483,4049.0515296938343,3984.878284435106,3991.513427734375,1490917,LT,-1.0483133066375272,3841.811630859375,3531.0016906738283
2025-12-03,3992.9989538929285,4007.754731291664,3931.697801783636,3949.424560546875,1123990,LT,-1.0544588650272968,3848.0031591796874,3534.4188513183594
2025-12-04,3951.405135410527,3970.4193674055587,3923.378830079243,3945.067138671875,1026968,LT,-0.11033055089920696,3854.719560546875,3538.250847167969
2025-12-05,3960.318141380168,4008.84417011926,3936.649419992529,3999.138916015625,1073758,LT,1.3706174177292585,3862.2579296875,3542.1079089355467
2025-12-08,4007.853784827241,4008.7449825080844,3938.4317582128697,3958.040283203125,1127841,LT,-1.0276870515277592,3868.65345703125,3545.8870288085936
2025-12-09,3951.405310081496,3981.015995016837,3910.9010265469324,3958.832763671875,1788464,LT,0.020022041516676303,3875.6471533203126,3549.7976647949217
2025-12-10,3961.3084244204233,3991.018237603577,3931.5986112372702,3952.692626953125,957277,LT,-0.1550996742043509,3880.8325048828124,3553.7551123046874
2025-12-11,3954.5742024814103,3976.1633820273128,3946.0575343270825,3965.170654296875,841371,LT,0.31568423152013025,3887.0814697265623,3557.783291015625
2025-12-12,4021.7185122960796,4074.205850673743,4009.4385524816194,4034.69189453125,2207898,LT,1.7532975575474508,3895.3031689453123,3561.8855725097656
2025-12-15,4033.4044410018055,4056.3799823899935,4024.4914967045615,4052.7158203125,1064975,LT,0.44672372147376294,3903.661533203125,3566.0784631347656
2025-12-16,4044.1988683310005,4064.1042986548377,4012.0132364794144,4024.491455078125,2199214,LT,-0.6964308993221868,3910.2115576171873,3569.937431640625
2025-12-17,4039.544262989653,4039.544262989653,4000.9215058784503,4023.104736328125,1087334,LT,-0.03445699327427887,3916.6566015625,3574.071064453125
2025-12-18,4027.6603121627704,4032.413930594411,3984.48195392906,3992.107666015625,1004303,LT,-0.7704763446151563,3922.6262939453127,3578.205720214844
2025-12-19,4001.020583924859,4051.9232997779573,4001.020583924859,4034.097412109375,1327935,LT,1.0518189790121202,3929.433798828125,3582.630780029297
2025-12-22,4041.524966562853,4058.8556911192977,4029.145877593964,4033.008056640625,764774,LT,-0.027003697666794224,3935.439140625,3587.274345703125
2025-12-23,4049.447625827489,4055.389588594661,4014.0929957186345,4019.539794921875,1867147,LT,-0.3339507764328342,3940.881982421875,3591.6864685058595
2025-12-24,4025.679769249292,4041.2278567796284,4008.9433375229637,4014.39013671875,1021436,LT,-0.12811561685820427,3946.5090234375,3595.995821533203
2025-12-26,4012.805367872498,4022.213475225605,3991.216188959028,4008.15087890625,594330,LT,-0.1554223082463002,3952.5104052734373,3600.1432360839844
2025-12-29,4013.7957591696304,4021.817505436967,3994.3852511874034,3999.634033203125,952143,LT,-0.21248815128059872,3956.6697802734375,3604.1487231445312
2025-12-30,3999.931167587476,4024.590215731732,3967.4483902648694,4012.805419921875,1362208,LT,0.3293147975391486,3960.436982421875,3608.2946362304688
2025-12-31,4018.7473912496557,4054.894330574597,4008.8441202017266,4044.000732421875,1160164,LT,0.77739409803248,3965.2717578125,3612.9252197265623
2023-01-02,571.3026768929869,575.2510244474183,567.8188408155474,568.7478637695312,6726084,SBIN,0.0,0.0,0.0
2023-01-03,570.8845802218594,572.8355056585625,566.7039771120167,568.9336547851562,6818062,SBIN,0.03266667489414399,0.0,0.0
2023-01-04,568.4225967132537,571.302601512438,561.1297901679545,562.24462890625,7011191,SBIN,-1.1757128133740302,0.0,0.0
2023-01-05,563.9168383606225,568.1903205500095,559.225284571544,562.1516723632812,8241475,SBIN,-0.016533113557626322,0.0,0.0
2023-01-06,564.2885438654469,564.3349836708002,554.6266828234792,558.0176391601562,7972036,SBIN,-0.7353946285965085,0.0,0.0
2023-01-09,562.0588266606619,565.7749180766002,557.5065919949155,564.5671997070312,8878905,SBIN,1.1737192675006503,0.0,0.0
2023-01-10,565.2640136601837,565.7749649315789,548.6809203213877,552.9080200195312,10622660,SBIN,-2.0651535713640867,0.0,0.0
2023-01-11,554.1157057067913,556.9492141378572,550.2137982871492,554.3479614257812,7419630,SBIN,0.26043055157694006,0.0,0.0
2023-01-12,555.4627887853612,555.4627887853612,548.2163651395716,552.6757202148438,8183715,SBIN,-0.3016591251885359,0.0,0.0
2023-01-13,555.4628476926819,560.1079624694962,551.5145001323897,557.5066528320312,7877610,SBIN,0.874098940932222,0.0,0.0
2023-01-16,560.2008056640625,563.0807539572319,557.9711280349228,560.2008056640625,5483191,SBIN,0.48325034658249777,0.0,0.0
2023-01-17,560.2007424065299,562.9878107767116,544.4537947743928,550.8640747070312,13461999,SBIN,-1.666675746023516,0.0,0.0
2023-01-18,553.6047441160317,554.7660226892714,545.8938090272761,549.4705810546875,11538075,SBIN,-0.252965062767041,0.0,0.0
2023-01-19,549.0524687135959,549.7492358058721,545.8473287485155,547.9840698242188,7475688,SBIN,-0.2705351809036749,0.0,0.0
2023-01-20,551.6537723185195,554.2550250301911,548.8667036910736,550.1673583984375,6750607,SBIN,0.39842190575340997,0.0,0.0
2023-01-23,556.0201811934469,559.0395054856419,550.8641156658481,557.831787109375,6604469,SBIN,1.3931085866760728,0.0,0.0
2023-01-24,560.6653160406374,561.6872185419243,550.9570154661823,552.1647338867188,7609623,SBIN,-1.0159071880830428,0.0,0.0
2023-01-25,553.5582645072653,553.5582645072653,527.1276087360154,528.3353271484375,25686294,SBIN,-4.315633591907386,0.0,0.0
2023-01-27,527.6850280804667,528.1959793550734,494.4724580912472,501.6259460449219,40163464,SBIN,-5.055384285520537,0.0,0.0
2023-01-30,497.95626040713466,515.0038074618653,487.92282470969167,500.0001220703125,40797825,SBIN,-0.3241108215051858,0.0,0.0
2023-01-31,506.3174777560764,517.4657524956598,499.67494137585163,514.2141723632812,21911943,SBIN,2.842809364548504,0.0,0.0
2023-02-01,521.5534386941342,524.8978981961093,463.9075551645127,489.920166015625,38218810,SBIN,-4.724491788315211,0.0,0.0
2023-02-02,483.2776668207723,494.8440118998063,466.8339520930055,490.6169128417969,39287056,SBIN,0.14221640065121832,0.0,0.0
2023-02-03,497.95628057015045,507.2000698803014,482.30226719240557,505.57427978515625,32317232,SBIN,3.0486855531991264,0.0,0.0
2023-02-06,519.1379591275065,519.1379591275065,498.46720063982644,506.6890869140625,25338586,SBIN,0.2205031334624019,0.0,0.0
2023-02-07,509.10457595234817,512.2632766595542,502.64785511744986,508.2684326171875,16195947,SBIN,0.31169917488136356,0.0,0.0
2023-02-08,510.9625718765987,515.1431747374072,506.7819690157902,510.7303161621094,15502847,SBIN,0.4843668004808288,0.0,0.0
2023-02-09,512.8206493861524,512.8206493861524,504.27362722243805,511.705810546875,15061047,SBIN,0.1909998983604444,0.0,0.0
2023-02-10,507.710993148678,517.6979888967993,507.710993148678,513.7960815429688,13824475,SBIN,0.4084907681348726,0.0,0.0
2023-02-13,514.6787012854288,517.3728904535258,495.4479153661014,499.3498229980469,18488732,SBIN,-2.8116716074475856,0.0,0.0
2023-02-14,501.6259495057949,505.94587216970376,493.0789270880096,502.4620361328125,18559909,SBIN,0.623253076586705,0.0,0.0
2023-02-15,501.6723936721992,505.99237307671194,498.69950888760354,503.7626953125,12796579,SBIN,0.25885720435676607,0.0,0.0
2023-02-16,508.0361017308311,508.0361017308311,500.27878393689315,501.76519775390625,12767016,SBIN,-0.39651557711208874,0.0,0.0
2023-02-17,500.2787979901847,501.3471969345237,490.2918024871309,493.3111267089844,14192008,SBIN,-1.6848659657476284,0.0,0.0
2023-02-20,494.24012622880974,496.0517320170632,485.089274392448,487.8763427734375,12570032,SBIN,-1.101694983408108,0.0,0.0
2023-02-21,489.68792700631445,491.4066533197849,485.3215649251401,486.2970275878906,10223218,SBIN,-0.3237121883321703,0.0,0.0
2023-02-22,483.7886509710897,484.8570499338609,476.12421242954093,479.700927734375,14763050,SBIN,-1.3563932081249397,0.0,0.0
2023-02-23,480.2583430611784,486.80794239593325,475.05580976221444,484.0208740234375,15535085,SBIN,0.9005499133523776,0.0,0.0
2023-02-24,486.99379699984996,490.05956111264493,480.86221207120434,484.0673522949219,12253035,SBIN,0.00960253451427473,0.0,0.0
2023-02-27,484.11383686759666,492.19634787828124,482.16291135259667,490.24542236328125,11048799,SBIN,1.2762831533813745,0.0,0.0
2023-02-28,489.8273396469931,490.94217850316005,484.06738614268016,485.69317626953125,15768010,SBIN,-0.9285647322937574,0.0,0.0
2023-03-01,486.111228651769,499.2569252659543,485.9718525366277,498.6065979003906,13510198,SBIN,2.6587611812963097,0.0,0.0
2023-03-02,497.9097672057026,501.57941850464294,494.7046272938927,495.86590576171875,10376913,SBIN,-0.549670251098322,0.0,0.0
2023-03-03,503.53036537022797,524.247562789315,503.2981096666439,521.3676147460938,27656538,SBIN,5.1428639654506725,0.0,0.0
2023-03-06,524.80503782157,527.5921064096759,519.3237802504061,521.8321533203125,16162268,SBIN,0.08910000565436338,0.0,0.0
2023-03-08,520.252859320986,525.3624856178885,516.9548391426886,524.712158203125,12637578,SBIN,0.5519025350369189,0.0,0.0
2023-03-09,524.6657186870224,525.5947416506116,518.394813682795,519.23095703125,8993423,SBIN,-1.0446110474446324,0.0,0.0
2023-03-10,513.8425223260048,515.5612486426553,506.31745982451406,508.5006408691406,11522371,SBIN,-2.0665786615383874,0.0,0.0
2023-03-13,508.17549904877285,513.8890122586054,490.9421365185342,492.3821105957031,14373729,SBIN,-3.169815134527132,0.0,0.0
2023-03-14,490.19897470101824,494.9834087980147,483.09192656172274,488.1086730957031,14750800,SBIN,-0.8679107969275734,520.4283978271484,0.0
2023-03-15,492.1962953100218,494.24015692362525,478.957719678139,480.8157653808594,11282329,SBIN,-1.4941155764740643,518.669755859375,0.0
2023-03-16,481.6054746741917,491.7782296576636,477.79644691553125,487.2724914550781,20040008,SBIN,1.3428690444674318,517.0365325927735,0.0
2023-03-17,491.1279772701672,493.86854945437267,483.1847861369172,492.1963195800781,18787379,SBIN,1.0104876042348776,515.63556640625,0.0
2023-03-20,489.2234291835881,489.2234291835881,478.4467863850695,482.34869384765625,14275315,SBIN,-2.0007515986351643,514.0395068359375,0.0
2023-03-21,484.949984035069,486.2970786646676,479.7939179592165,484.81060791015625,29485180,SBIN,0.5104013121423723,512.5753662109375,0.0
2023-03-22,485.13577844622523,489.5950771058183,483.18479629930033,484.5318908691406,11619538,SBIN,-0.05748988088710716,510.9746600341797,0.0
2023-03-23,482.53450058691243,484.020914495311,475.19519724443677,476.3564758300781,22097792,SBIN,-1.687281104324767,509.4436291503906,0.0
2023-03-24,477.9822736866617,478.4003453249582,467.7165821618938,469.4817199707031,14416984,SBIN,-1.4431956335631546,507.7463043212891,0.0
2023-03-27,471.0145931632608,477.65712933781117,465.9514072018612,473.9410095214844,15674218,SBIN,0.9498324132959812,506.1716101074219,0.0
2023-03-28,475.1487925684998,475.42748810904595,468.08821257551915,472.03656005859375,15833599,SBIN,-0.4018325961734015,504.46220825195314,0.0
2023-03-29,472.87263014609675,481.2338357871869,470.36425711315877,479.8403015136719,24203789,SBIN,1.6532070003453692,502.8549981689453,0.0
2023-03-31,483.69579631566717,487.64414364678476,482.4880211813495,486.57574462890625,17356345,SBIN,1.4036843287208667,501.5692315673828,0.0
2023-04-03,487.50474724319236,490.98858297861295,485.04281397560624,489.36279296875,14210949,SBIN,0.572788177505501,500.36707580566406,0.0
2023-04-05,489.59505881314976,490.1524498611261,482.20931556065125,485.87896728515625,13574801,SBIN,-0.7119106179811707,499.12497375488283,0.0
2023-04-06,486.807957600551,495.8194902936909,484.62477665512847,490.19891357421875,25125879,SBIN,0.8890992572080592,497.92560485839846,0.0
2023-04-10,491.6853922039444,492.7537912687955,487.17965361508993,488.94476318359375,17335453,SBIN,-0.25584519995781596,496.5478643798828,0.0
2023-04-11,493.1717597616434,497.6775546290033,489.73442056152066,494.3330383300781,26414406,SBIN,1.1020212408862973,495.39123046875,0.0
2023-04-12,495.35498352755394,496.09819044978934,488.6660078213281,490.7098693847656,21292441,SBIN,-0.7329408848641861,494.63872131347654,0.0
2023-04-13,491.7318462158536,496.33052125362167,489.73448085407773,495.122802734375,28597560,SBIN,0.8992958212032942,494.50865844726565,0.0
2023-04-17,490.5241214527803,506.3175117268282,490.5241214527803,505.38848876953125,32476990,SBIN,2.0733615940253136,494.61642578125,0.0
2023-04-18,506.6426052589142,509.56905001405534,502.1368669691831,507.10711669921875,22283456,SBIN,0.3400607587782378,494.47428466796873,0.0
2023-04-19,505.3884457950075,508.6400258690563,500.0465642447845,501.9510498046875,21156372,SBIN,-1.0167609021329294,494.71490234375,0.0
2023-04-20,502.78716283495805,506.73550983024813,498.5601203335523,506.1316223144531,25588577,SBIN,0.8328645813953983,495.02519653320314,0.0
2023-04-21,506.31745499760086,507.6181096733121,501.39364521621684,504.5987854003906,22599418,SBIN,-0.3028534172698216,495.0056866455078,0.0
2023-04-24,505.2026478818052,516.1186670908221,504.9239523489952,515.236083984375,23335611,SBIN,2.1080705883078643,495.17662658691404,0.0
2023-04-25,515.6077045098767,527.592122485113,515.6077045098767,521.925048828125,38142390,SBIN,1.2982329948678206,495.4497589111328,0.0
2023-04-26,522.1108120871492,526.7559260736897,516.9547469026996,526.1520385742188,23143882,SBIN,0.8098844375422409,495.758193359375,0.0
2023-04-27,524.8979661864694,527.1276439453,521.2747540041349,524.6657104492188,17845169,SBIN,-0.28249023400682693,496.0173913574219,0.0
2023-04-28,527.499226189582,539.2513893335699,525.3624847187829,537.2539672851562,16183423,SBIN,2.3992909361580717,496.48654907226563,0.0
2023-05-02,538.833215305152,539.6228619911891,532.4694319090614,534.466796875,13667511,SBIN,-0.5187807963969671,497.1888885498047,0.0
2023-05-03,530.1470055278329,534.1882329568019,528.6140948737743,530.0076293945312,9699527,SBIN,-0.8343207672658615,497.73980041503904,0.0
2023-05-04,529.7288993852984,539.5765200104115,528.1495490238584,538.8333129882812,12533761,SBIN,1.6651993488909334,498.4412127685547,0.0
2023-05-05,539.0190608734192,546.4976833637962,534.2345705860378,535.5816650390625,18163461,SBIN,-0.6034608237537542,499.1175421142578,0.0
2023-05-08,536.6500331448386,545.8937644708997,536.3712809475688,542.1776733398438,12990869,SBIN,1.2315597660162991,500.094873046875,0.0
2023-05-09,543.4783797193426,544.8254742233607,531.4939619981551,532.7946166992188,18959065,SBIN,-1.730623945251164,500.9932385253906,0.0
2023-05-10,534.188105504844,534.188105504844,523.2720876967015,531.5868530273438,18561315,SBIN,-0.22668466122224284,501.8990350341797,0.0
2023-05-11,531.5869512756125,538.8333190533032,531.4011353422231,532.7482299804688,16016715,SBIN,0.2184736034217316,502.95998107910157,0.0
2023-05-12,533.9094229370257,539.5299996252273,530.9829783895638,537.1145629882812,11319335,SBIN,0.8195865818216852,504.02185485839846,0.0
2023-05-15,537.6720048826024,542.5493751212783,533.8630336631455,540.5984497070312,11410243,SBIN,0.6486300984592797,505.1524768066406,0.0
2023-05-16,542.5493549355248,548.495123972205,540.6913091994442,544.6860961914062,22178229,SBIN,0.7561335935369895,506.2412902832031,0.0
2023-05-17,544.4074006716053,548.5880035777866,538.3687520293435,544.6860961914062,23739774,SBIN,0.0,507.4211486816406,0.0
2023-05-18,548.4021291522823,551.7466451422207,530.843632841543,533.4448852539062,45656620,SBIN,-2.0637961967639007,508.11791442871095,0.0
2023-05-19,537.9042299383079,544.6396455981572,529.450144687857,534.3275146484375,42293962,SBIN,0.1654584042194207,508.8871466064453,0.0
2023-05-22,536.5106821829805,539.1119347559843,532.7481510771131,536.185546875,21484049,SBIN,0.3477328371878752,509.1835052490234,0.0
2023-05-23,537.8113249003358,542.2706230270803,535.8603429865368,540.3196411132812,16120548,SBIN,0.7710193350745076,509.5532550048828,0.0
2023-05-24,538.647424884356,543.7106106427419,537.2074508400949,541.3416137695312,17616658,SBIN,0.18914223701813615,509.88584411621093,0.0
2023-05-25,540.6912739415322,541.5274171494668,536.046159904234,539.9945068359375,16479436,SBIN,-0.24884599656276318,510.3011151123047,0.0
2023-05-26,539.9944904314373,546.033138496477,539.3441631453613,544.4073486328125,9788076,SBIN,0.8172012383480975,511.0192492675781,0.0
2023-05-29,548.1234407825631,554.0692092621026,546.3118350190275,552.7685546875,18432231,SBIN,1.5358363687935528,512.2269781494141,0.0
2023-05-30,552.7685930459252,553.2331044686529,549.5170130868315,550.7247314453125,15031640,SBIN,-0.36974303709134126,513.4792993164062,0.0
2023-05-31,552.9030719118671,553.8501481082919,546.936503435379,549.162109375,28797643,SBIN,-0.2837392223537072,514.8462261962891,0.0
2023-06-01,551.0088964611522,555.3654814653645,550.251247096706,551.9086303710938,17820226,SBIN,0.5001293696718312,516.1389489746093,0.0
2023-06-02,553.7554783910537,557.7332100831975,552.1454372531686,556.1231689453125,11323908,SBIN,0.7636297644747714,517.417485961914,0.0
2023-06-05,557.354356472538,558.5855439997637,554.9866659182792,556.1231689453125,12920507,SBIN,0.0,518.8929754638672,0.0
2023-06-06,556.8808077766311,557.7331994819402,552.1454267581223,554.3710327148438,11199940,SBIN,-0.3150626207125473,520.284183959961,0.0
2023-06-07,556.8807700208413,559.3431448615423,554.9866177418588,558.0172729492188,11113781,SBIN,0.6577256059932868,521.7538916015625,0.0
2023-06-08,558.7276422332659,562.515947212822,555.3181330686974,557.3543701171875,15971917,SBIN,-0.1187961133403026,523.3738494873047,0.0
2023-06-09,556.8807949778836,557.9225556560352,546.2261879311128,548.072998046875,18870272,SBIN,-1.6652550994371906,524.9456750488281,0.0
2023-06-12,549.3041644401906,550.7247786585704,547.1259008663296,548.025634765625,8786066,SBIN,-0.008641783379004231,526.427367553711,0.0
2023-06-13,548.783285043374,550.6300950913596,543.8584775170594,545.8947143554688,12612098,SBIN,-0.38883590017966263,527.9045306396484,0.0
2023-06-14,546.462938992896,547.9308954655977,544.8055557290528,546.0367431640625,8948696,SBIN,0.02601761930620672,529.2284594726563,0.0
2023-06-15,545.5158387577229,546.1788035949786,535.3347705864633,536.5186157226562,17934877,SBIN,-1.7431294799416852,530.2273168945312,0.0
2023-06-16,538.6495217087493,544.284635958382,537.039480808149,541.0172119140625,12660226,SBIN,0.8384790498549455,531.2604052734375,0.0
2023-06-19,541.0172686527673,542.4378829249408,535.950434203992,538.7442626953125,17903691,SBIN,-0.4201251214741464,532.3177111816407,0.0
2023-06-20,538.7442468937137,539.3125272688809,532.7776786865753,537.3710327148438,14549152,SBIN,-0.25489459017132843,533.2611535644531,0.0
2023-06-21,537.3710020274224,539.3598387145792,535.7136188531458,536.3765258789062,14946871,SBIN,-0.18506893289598203,534.2097888183594,0.0
2023-06-22,536.3765795536382,538.8863545906687,531.3570872845204,533.1565551757812,14979063,SBIN,-0.600319094473567,534.9862591552734,0.0
2023-06-23,532.256799763519,532.3514842571589,524.4907637219954,525.2484130859375,12215712,SBIN,-1.4832682845353773,535.6770300292969,0.0
2023-06-26,526.5743681702502,528.9420586746129,525.1537538676326,527.5687866210938,8360264,SBIN,0.4417668816024678,536.3259497070312,0.0
2023-06-27,528.7052460586985,537.8918960196315,526.2428712590395,536.1397705078125,10694768,SBIN,1.624619216313583,536.9409753417968,0.0
2023-06-28,541.9643300759469,543.6217133483505,538.4601367390198,539.6439819335938,18028934,SBIN,0.6536003517258582,537.5917126464843,0.0
2023-06-30,543.621753554977,543.621753554977,540.0228754582851,542.5325927734375,8718232,SBIN,0.5352808400630238,538.4033435058594,0.0
2023-07-03,544.0952635802307,555.3180931535118,543.5270409961187,554.4657592773438,15421985,SBIN,2.199529883154794,539.3700262451172,0.0
2023-07-04,557.0702178075081,564.4100581652275,551.4351030041416,558.0646362304688,24799250,SBIN,0.6490710910292297,540.4393432617187,0.0
2023-07-05,558.5854903048938,562.279110336461,557.0701916178066,559.3431396484375,13598114,SBIN,0.22909593888704727,541.321484375,0.0
2023-07-06,559.153741476405,562.0896542062237,557.922496326865,561.142578125,11323509,SBIN,0.32170564882469943,542.1058349609375,0.0
2023-07-07,558.7749361423764,563.9838550386189,554.5130934090871,562.1843872070312,11707209,SBIN,0.185658533614097,542.8264819335938,0.0
2023-07-10,563.1787957972151,568.0562027677943,559.0116380586246,561.2372436523438,11417363,SBIN,-0.1684756062673598,543.5579125976562,0.0
2023-07-11,563.5102635613317,564.4099973918707,556.2651084792831,557.401611328125,13221177,SBIN,-0.6834244105501153,543.9608654785156,0.0
2023-07-12,557.8278671866714,563.0367861502142,557.0702178075081,558.0646362304688,16029716,SBIN,0.11894922599235969,544.432822265625,0.0
2023-07-13,563.4156674537284,566.3515806192413,552.4768908483136,554.6552124023438,20024503,SBIN,-0.6109370862763308,544.9257739257813,0.0
2023-07-14,555.6969192600167,560.0061040903931,549.9671202346848,553.4713134765625,12190152,SBIN,-0.21344772379465748,545.2185339355469,0.0
2023-07-17,555.933724407829,570.9448589210546,553.2819226326304,569.2874755859375,19378986,SBIN,2.8576299664074156,545.8926501464844,0.0
2023-07-18,571.1342759530944,572.0813521283934,557.5910982073067,561.0005493164062,25757209,SBIN,-1.4556663592505625,546.2691076660157,0.0
2023-07-19,563.1788513109324,570.5186914159763,560.6690764111024,569.6189575195312,17556585,SBIN,1.5362566424625967,547.0055944824219,0.0
2023-07-20,569.5715597582258,578.4740399478636,567.0617851030194,577.7637329101562,34038351,SBIN,1.4298638209115033,547.9291320800781,0.0
2023-07-21,577.7164436119874,586.7136669141413,576.7693674749186,582.5465087890625,21040281,SBIN,0.8278082556022914,548.92509765625,0.0
2023-07-24,582.4991762065254,588.9866825360349,581.7888690919402,584.9616088867188,11756364,SBIN,0.41457635763306744,549.8820385742188,0.0
2023-07-25,588.8919257906668,588.8919257906668,572.2234090326344,577.3375854492188,18503305,SBIN,-1.303337402262994,550.6168212890625,0.0
2023-07-26,579.610620027468,583.7303782733334,576.9114760463759,582.5939331054688,9999125,SBIN,0.9104461217712245,551.3749780273438,0.0
2023-07-27,583.7777730624562,588.3710693551636,580.6523754641814,583.9197998046875,17444742,SBIN,0.22757990151929253,552.1596520996094,0.0
2023-07-28,583.7778004197922,587.0925671630472,581.1259407812325,583.4462890625,11930586,SBIN,-0.08109174279513631,553.1596801757812,0.0
2023-07-31,584.0145391310097,588.1342973187537,581.9783022582515,587.3766479492188,8605483,SBIN,0.6736453655458385,554.2206628417969,0.0
2023-08-01,587.3766262120196,587.9921910123245,578.2846606992431,579.468505859375,13493453,SBIN,-1.3463494194831283,555.0863220214844,0.0
2023-08-02,577.5743429390312,578.189965532909,562.6578941967817,566.7777099609375,14977497,SBIN,-2.1900751758055503,555.6154833984375,0.0
2023-08-03,567.0145102168711,569.0506892838814,554.0395552258084,559.2484741210938,27774877,SBIN,-1.328428360452405,555.9736206054688,0.0
2023-08-04,563.32081394777,567.0144336055272,541.159269416028,542.9586791992188,52725616,SBIN,-2.912800959801598,556.0329040527344,0.0
2023-08-07,546.46297490863,546.46297490863,536.660759225921,537.8446044921875,32736325,SBIN,-0.9418902216599134,555.9016491699218,0.0
2023-08-08,540.7804504311654,543.858447740975,538.3654179490715,542.769287109375,25038671,SBIN,0.9156329869362878,555.7016638183594,0.0
2023-08-09,544.5687939346745,544.5687939346745,538.270714326323,543.3849487304688,15769111,SBIN,0.11342970866545787,555.5548681640626,0.0
2023-08-10,543.3849066549969,547.0311264796395,539.9280558044107,543.2902221679688,27325801,SBIN,-0.017432680592521788,555.4374304199218,0.0
2023-08-11,544.9950425510931,548.3571516956642,541.7276179100518,543.7638549804688,18221179,SBIN,0.08717860052955828,555.2745349121094,0.0
2023-08-14,542.6272364301581,542.6745786718476,529.0366603790627,531.1202392578125,28084093,SBIN,-2.32520341446939,554.7744763183593,0.0
2023-08-16,529.2261668704698,536.4239806444865,524.6802126897423,535.4295043945312,15725767,SBIN,0.8113539681222637,554.3606030273437,0.0
2023-08-17,535.8083789270145,542.8167661745958,534.1509955189327,541.8696899414062,27910162,SBIN,1.2028073712818,554.110576171875,0.0
2023-08-18,539.8334329901751,544.805583030874,537.3710579967587,542.6273193359375,18253227,SBIN,0.13981763671135905,553.8027770996093,0.0
2023-08-21,542.6272655405768,545.0896402898765,540.543686550049,541.4434204101562,9380810,SBIN,-0.2181790122970817,553.4845581054688,0.0
2023-08-22,542.2010852877467,544.0478953051733,537.4657046302118,538.4127807617188,14073413,SBIN,-0.5597333967308549,553.2913537597656,0.0
2023-08-23,540.7805133977928,547.362704587704,536.0451323697911,546.3682861328125,18579297,SBIN,1.4775847928124364,553.2582067871094,0.0
2023-08-24,547.5520301413071,551.1982497366639,545.089597779111,546.41552734375,24131644,SBIN,0.008646404291123844,553.268623046875,0.0
2023-08-25,543.4322918904455,544.8529061378787,537.1816123237163,539.7860717773438,12271885,SBIN,-1.2132626608606034,553.1436096191406,0.0
2023-08-28,542.4852505231413,544.3794029745524,539.0757992325795,542.5325927734375,9711932,SBIN,0.5088165737678896,553.2638891601563,0.0
2023-08-29,543.290312559334,545.8000299325134,541.5855290696916,544.4267578125,13144855,SBIN,0.34913387035044874,553.332080078125,0.0
2023-08-30,546.1788293829949,547.1259055366658,536.1397874711188,537.3710327148438,15281416,SBIN,-1.295991608863245,553.3046154785156,0.0
2023-08-31,539.1704412789,540.1175174300328,529.7944220656501,531.6411743164062,27898476,SBIN,-1.0662760084944933,553.1900183105469,0.0
2023-09-01,532.9197778538285,540.9699253809107,532.3514974630689,539.4072265625,18121168,SBIN,1.4607695229925444,553.2506323242187,0.0
2023-09-04,541.727551909577,545.8473099953048,538.3654431746227,545.0896606445312,12108655,SBIN,1.05345901986591,553.4892944335937,0.0
2023-09-05,545.1369963939355,547.6467712562122,541.11192284817,542.6746215820312,14444729,SBIN,-0.443053544557126,553.8378186035156,0.0
2023-09-06,543.8585428142632,543.8585428142632,537.9393161837204,540.3070068359375,20609936,SBIN,-0.43628624813734085,554.0925830078126,0.0
2023-09-07,537.9392393188474,550.251228951145,537.9392393188474,548.4044189453125,12390597,SBIN,1.4986687211024474,554.3378759765625,0.0
2023-09-08,550.2512460973644,557.3543172604112,549.0200586567578,552.5715942382812,14032068,SBIN,0.75987266860158,554.5964282226563,0.0
2023-09-11,555.9337399799246,560.9532323744613,554.3710410982075,560.385009765625,10946134,SBIN,1.4140096249635414,554.9534765625,0.0
2023-09-12,562.2317073977355,562.7999298928183,553.7080231418913,557.212158203125,16093060,SBIN,-0.5661913697204368,555.0084045410156,0.0
2023-09-13,557.2596541767706,566.3515624928049,552.5716154680572,564.8836059570312,19377172,SBIN,1.37675527013712,555.1447839355469,0.0
2023-09-14,566.7777593769611,571.749909391221,563.6997617490858,565.6885986328125,13178911,SBIN,0.14250593702704872,555.2716931152344,0.0
2023-09-15,567.6300722204844,568.9086597168509,563.6997408474365,567.1091918945312,11756389,SBIN,0.25112637326474285,555.391025390625,0.0
2023-09-18,567.109228683467,576.2011950737599,565.451845299319,571.9866943359375,19305055,SBIN,0.8600640778034352,555.5870715332031,0.0
2023-09-20,569.0507065380637,574.6858214384503,567.6774923043499,569.2874755859375,21314600,SBIN,-0.47190236708805067,555.748076171875,0.0
2023-09-21,568.2457179919575,574.4963977678915,553.7081214953073,557.0228881835938,23453425,SBIN,-2.1543750615136026,555.7405017089844,0.0
2023-09-22,562.0896643296132,570.1398111649995,560.1008276451988,566.4935913085938,18784139,SBIN,1.700235901595204,555.9090808105469,0.0
2023-09-25,569.6662630363052,569.6662630363052,559.2010838964593,562.6105346679688,9712784,SBIN,-0.6854546459484578,556.0681872558594,0.0
2023-09-26,562.5632240608297,563.5103001956123,559.9587646901778,562.9420776367188,8327427,SBIN,0.05892939223857141,556.2576025390625,0.0
2023-09-27,562.0423402102848,562.8473317978076,557.0701905339704,558.5381469726562,9865347,SBIN,-0.7823061801581099,556.0426159667969,0.0
2023-09-28,559.9587875621745,563.6997500083563,557.6857816238776,558.7276000976562,21960816,SBIN,0.03391946029591697,555.9971569824219,0.0
2023-09-29,561.4740302773386,568.2456473637309,560.0060739159695,566.8723754882812,12189735,SBIN,1.457736361905404,555.9422253417969,0.0
2023-10-03,565.0255828135226,572.8863607525196,558.3960500586644,571.03955078125,15322196,SBIN,0.7351170163088838,555.8077416992187,0.0
2023-10-04,568.2457481010129,568.6719439730779,553.5187240237176,555.2234497070312,24914612,SBIN,-2.7697032635621177,555.2612805175781,0.0
2023-10-05,558.7749204115613,562.8946784824502,556.0283764943421,560.8111572265625,13248028,SBIN,1.0063889633047163,554.778271484375,0.0
2023-10-06,561.9949962079626,567.2512571455039,560.8584932959413,562.7999877929688,8216780,SBIN,0.3546346289260427,554.48751953125,0.0
2023-10-09,556.8807601865917,557.8278363093581,550.7721076337612,554.1342163085938,9189597,SBIN,-1.539760425077119,553.9183251953125,0.0
2023-10-10,555.9337191138808,563.5103285736951,554.7498738857847,560.337646484375,10373508,SBIN,1.119481525090782,553.4466821289062,0.0
2023-10-11,565.3097044901236,565.404388970993,556.5018511818047,557.212158203125,14220119,SBIN,-0.5577865954321748,552.9219995117187,0.0
2023-10-12,559.5326085412145,561.6161877464566,554.0395781309901,555.0339965820312,11983797,SBIN,-0.39090346271657417,552.275146484375,0.0
2023-10-13,547.173196531182,550.5353050008061,544.3793105785601,545.6578979492188,19064577,SBIN,-1.6892836638028874,551.5989343261718,0.0
2023-10-16,545.5159017966484,548.1203613972401,541.2540588138621,545.1844482421875,11290293,SBIN,-0.08676676518577509,551.1670690917969,0.0
2023-10-17,547.1258616987968,549.2567828738186,544.8528559901324,545.9420166015625,10765224,SBIN,0.13895634070590912,550.9009399414062,0.0
2023-10-18,547.173266107088,548.593880385168,539.2178030278637,542.3432006835938,11777454,SBIN,-0.6591937987061369,550.8886303710938,0.0
2023-10-19,539.6439799329851,543.6217113329951,536.9921782679586,540.9699096679688,11441499,SBIN,-0.2532143878440918,550.9511364746094,0.0
2023-10-20,539.7387483748817,539.8334328727063,532.3515077863527,533.298583984375,11110988,SBIN,-1.418068832756736,550.7617224121094,0.0
2023-10-23,533.2985796647226,536.0451237387181,521.8389808834517,523.685791015625,11875035,SBIN,-1.8025161246315369,550.3677392578124,534.9575761413574
2023-10-25,529.0366808435873,531.1202598029354,524.3013003927678,526.7637329101562,12134624,SBIN,0.5877459246243832,550.0372094726563,534.7476554870606
2023-10-26,522.2651596499072,523.6384316419934,514.4517813350399,518.0506591796875,19424825,SBIN,-1.6540762368609796,549.5229455566406,534.4932405090332
2023-10-27,520.8918604785226,532.7303118530344,520.8918604785226,531.4517822265625,10415296,SBIN,2.5868364047823222,549.5295764160156,534.3392762756348
2023-10-30,533.2038356037756,536.7080286776119,527.047841054176,535.2874145507812,8593704,SBIN,0.7217272483590165,549.5267346191406,534.2049549865723
2023-10-31,536.9921072492025,539.3597973164387,533.3458876676318,535.6188354492188,13039696,SBIN,0.06191456952442387,549.4017175292969,534.0929609680176
2023-11-01,536.2818656519717,539.5019476582157,534.0088597881594,536.4239501953125,13575575,SBIN,0.15031486811296624,549.2776501464843,533.952244720459
2023-11-02,540.8751285057469,544.9949441545303,537.5603622114079,541.8222045898438,11148516,SBIN,1.0063410465855904,549.2852258300782,533.8968156433106
2023-11-03,545.5158262786344,548.830592584147,543.1007938170342,547.5520629882812,11371371,SBIN,1.057516349440668,549.4680114746094,533.862836151123
2023-11-06,551.1983420030499,551.6718800975543,542.911425349224,543.9531860351562,16499138,SBIN,-0.6572666229187507,549.4197094726562,533.8192234802247
2023-11-07,544.3793444383654,550.4406547530965,542.2957654048678,549.0673828125,17923281,SBIN,0.9401906098980284,549.4727465820313,533.777027130127
2023-11-08,551.1036132997641,551.766520334941,548.3570694499737,549.5882568359375,15434808,SBIN,0.09486522779216244,549.6687902832032,533.7239643859863
2023-11-09,550.2512299373365,551.0562215235307,545.9893873646721,547.741455078125,12434363,SBIN,-0.3360337006552583,549.7729675292969,533.7083512878418
2023-11-10,547.2206472858747,550.251302855708,544.9476989622101,548.8306884765625,6773038,SBIN,0.19885903985159548,549.8610461425782,533.7051518249511
2023-11-13,550.2512491026093,551.6718633429775,544.758218934174,550.5827026367188,11282362,SBIN,0.3192267117969383,550.1252795410156,533.7181449890137
2023-11-15,556.1704647315032,556.8807718384401,551.7665375465191,553.7554321289062,11397676,SBIN,0.5762493948671787,550.5675646972657,533.7360853576661
2023-11-16,553.7554721323736,556.8808120676829,552.0507465135635,553.7081298828125,8622660,SBIN,-0.00854208254208455,550.8535827636719,533.7154670715332
2023-11-17,544.0952543037619,544.0952543037619,532.3514867895021,533.251220703125,37173221,SBIN,-3.6945293152941483,550.6168139648438,533.6208995056153
2023-11-20,534.1509536100332,536.8027552939175,530.9308715478544,533.9141845703125,12714585,SBIN,0.12432486630098438,550.4416052246094,533.6487937927246
2023-11-21,536.045106882722,536.6607295090693,531.3097260798711,531.7832641601562,14280013,SBIN,-0.3991129046086672,550.2711303710937,533.7995803833007
2023-11-22,533.1565296940364,534.6244861641455,525.7693472920832,529.3682250976562,14909071,SBIN,-0.4541397267012637,549.8904064941406,533.9464208984375
2023-11-23,532.0200331450485,533.6774164258742,528.7526088304325,530.3153076171875,6376210,SBIN,0.1789080784659003,549.4452807617188,534.026926574707
2023-11-24,532.2094483034675,532.6829863733514,529.6523311651066,530.694091796875,6529851,SBIN,0.07142622025930745,548.8514624023437,534.2307962036133
2023-11-28,533.7720990209981,535.2874555553268,531.4044086282419,534.5771484375,8153314,SBIN,0.7316939646863974,548.3987622070313,534.4505973815918
2023-11-29,537.9392847228976,538.8863609283957,535.1927406049756,538.5075073242188,10299034,SBIN,0.7352276277066139,547.871240234375,534.615263519287
2023-11-30,539.5966479405728,540.0228437781268,533.8195064246602,534.8612670898438,19758998,SBIN,-0.6771010960446522,547.2546936035156,534.756124420166
2023-12-01,536.992172021036,543.8111317981642,536.5659761965393,541.4907836914062,10614230,SBIN,1.239483396813057,546.7423254394531,534.9222361755371
2023-12-04,556.880774541967,564.4573837194087,553.6133502732071,563.2261962890625,26077882,SBIN,4.013994928867182,546.5671154785156,535.1847155761719
2023-12-05,563.5576052803208,578.9475914557199,563.5576052803208,576.0590209960938,36430152,SBIN,2.2784495450643316,546.7025463867187,535.506481628418
2023-12-06,581.5047350018984,581.5047350018984,572.554854148129,576.2484741210938,21439069,SBIN,0.03288779762053995,547.0870581054687,535.8187435913086
2023-12-07,577.7164360777733,580.1314686348155,572.981055454185,579.3264770507812,10725706,SBIN,0.5341450898212141,547.3437158203125,536.2186268615723
2023-12-08,577.7164613742833,584.1565677433689,573.3125340795355,581.6468505859375,17722136,SBIN,0.4005295160975031,547.7244421386719,536.6145509338379
2023-12-11,582.4518843244429,587.0925809963234,580.6524163565841,581.7415771484375,11706255,SBIN,0.016285923736125696,548.1004321289063,537.0044453430176
2023-12-12,584.34602945594,585.2457634285711,578.474145313708,579.989501953125,14494836,SBIN,-0.30117757852219373,548.5294592285156,537.3955668640136
2023-12-13,581.9309286579414,587.6607275753272,579.2791271049712,587.0451049804688,13977914,SBIN,1.2165052994207448,549.0958093261719,537.864236755371
2023-12-14,592.8697099849069,594.5270933594653,589.4602587363645,590.6441040039062,15813797,SBIN,0.613070272267624,549.5712438964844,538.3780755615235
2023-12-15,594.7638458710953,615.5995220003375,587.0451518194214,613.942138671875,29813572,SBIN,3.944513203472977,550.4292956542969,539.0163011169434
2023-12-18,612.426765395686,620.9504500480689,608.4016920876163,614.1788330078125,16221796,SBIN,0.038553199239510505,551.6084033203125,539.6886906433106
2023-12-19,614.178896420345,624.6914187883696,606.3655180156144,620.7137451171875,19964008,SBIN,1.0640080312393163,552.806455078125,540.3721549987793
2023-12-20,623.8391081716461,625.4491492821084,600.3989720837247,602.7666625976562,22542056,SBIN,-2.8913621875963025,553.6057885742188,540.9656515502929
2023-12-21,598.6941772244857,614.6050440767264,594.2902502559922,609.6802368164062,19915516,SBIN,1.1469735550661664,554.716708984375,541.5628256225586
2023-12-22,610.6273291849556,615.0312562708087,601.5354215427969,603.0507202148438,14998068,SBIN,-1.0873760048677572,555.5709704589843,542.1496133422852
2023-12-26,605.0395707400135,607.3599188509928,602.0089733268344,604.2819213867188,10153089,SBIN,0.2041621261038129,556.5123657226562,542.6779899597168
2023-12-27,606.8390745327218,615.0786490253292,605.1816911844077,614.2262573242188,14417646,SBIN,1.6456451178747056,557.6962109375,543.2697917175293
2023-12-28,615.8363152935132,618.7248862187143,612.2847794498366,616.9254760742188,16982092,SBIN,0.4394502380537624,559.1215625,543.7475810241699
2023-12-29,611.3376144926107,615.220603329458,605.7025002108935,608.0701904296875,13221898,SBIN,-1.435389846579449,560.37927734375,544.1787712097168
2024-01-01,608.212275921118,612.6635451004371,604.2345447863022,607.4072265625,8295548,SBIN,-0.10902752307575536,561.6085815429688,544.5922465515137
2024-01-02,607.4073203201524,613.7054004061756,600.3042485561921,605.60791015625,15164482,SBIN,-0.29622900873815805,562.8738757324219,545.0241313171387
2024-01-03,605.5131321806922,613.7053642545236,602.1510233047925,609.3961791992188,14571772,SBIN,0.6255316318426907,564.2424011230469,545.5286090087891
2024-01-04,608.4964462867835,612.1900665146259,604.8502261119448,608.7332153320312,13883388,SBIN,-0.10879028944006386,565.75109375,546.1103645324707
2024-01-05,610.8640954983638,617.2568592884629,603.9977936497388,607.9755249023438,15984585,SBIN,-0.12447003229061337,567.4368884277344,546.7096987915039
2024-01-08,606.1287006578947,610.8640811317845,591.9699014799768,593.8167114257812,14739531,SBIN,-2.3288459644550286,568.7779479980469,547.2747035217285
2024-01-09,598.5521321607245,600.777738011181,591.4490609721083,592.3014526367188,13400235,SBIN,-0.25517281004509007,570.2629638671875,547.7998483276367
2024-01-10,591.73317522907,592.2067133106882,585.4824956736869,588.8446044921875,12742464,SBIN,-0.5836298609673496,571.4108203125,548.2830897521973
2024-01-11,592.8696781345247,593.9588388441286,585.7666069108683,587.3766479492188,15533860,SBIN,-0.24929438628968903,572.4526049804688,548.8082295227051
2024-01-12,590.7861088551372,602.8139878885283,588.2289916110394,600.0674438476562,16620797,SBIN,2.1605891113898545,573.7415771484375,549.3845137023926
2024-01-15,605.0869435954805,611.337622735401,602.4350842707261,606.223388671875,16844018,SBIN,1.0258754890527966,575.1375659179688,549.9929711914062
2024-01-16,606.1286616061186,610.769357293514,599.9253251459803,603.1927490234375,15025543,SBIN,-0.49992126748475973,576.3649768066406,550.627152557373
2024-01-17,590.9755375773763,603.0981011461799,590.0284613953612,592.8696899414062,30016308,SBIN,-1.7114030463304064,577.2713293457032,551.2440924072266
2024-01-18,592.6802223057629,599.9253777209321,586.2874585176507,595.0479125976562,14695436,SBIN,0.36740327481832313,578.2932238769531,551.8496269226074
2024-01-19,599.499188239714,601.8668785566165,591.6384679485856,594.5270385742188,11675202,SBIN,-0.0875348039057311,579.2024169921875,552.4620793151855
2024-01-23,593.8166718075666,601.2985955791091,568.8612414971168,573.07568359375,30954343,SBIN,-3.6081378286701438,579.6721655273437,552.928256225586
2024-01-24,577.6691462358584,589.4128565647261,571.1816395100639,585.5772094726562,19221835,SBIN,2.1814790326662115,580.4288806152343,553.4232635498047
2024-01-25,585.7666108260978,590.7861029633766,574.1649277499139,580.3209228515625,22684904,SBIN,-0.8976248624544825,581.0586853027344,553.8780541992187
2024-01-29,586.240116875537,596.1844161117133,583.0200349532757,589.9810791015625,19572140,SBIN,1.6646231196580485,581.8466528320313,554.3985647583008
2024-01-30,592.3488295727046,599.9727815339705,591.1649843052737,593.5800170898438,16966577,SBIN,0.6100090521143242,582.64314453125,554.9154702758789
2024-01-31,593.248543869928,609.1594121757427,589.0813855447404,606.602294921875,23270745,SBIN,2.1938538119722795,583.7010278320313,555.5037579345703
2024-02-01,608.7332050368398,618.3933934805597,599.7359814695897,613.3739013671875,26587707,SBIN,1.1163173139964178,585.3034814453125,556.0989622497559
2024-02-02,617.493672317934,625.5911621347344,612.4741801008781,615.26806640625,27471811,SBIN,0.3088108305293824,586.9305590820312,556.7217532348633
2024-02-05,612.8529386660016,620.1454364049642,604.9448761274464,608.922607421875,28339525,SBIN,-1.0313324111616118,588.4733459472657,557.2907522583008
2024-02-06,610.3432732703525,620.334915694985,603.950508871969,615.8363037109375,14079390,SBIN,1.1353981942523905,590.2027075195313,557.8429913330078
2024-02-07,620.3822334047071,642.0703008129436,620.3348911572103,639.51318359375,41696232,SBIN,3.844671017304302,592.3866650390624,558.5050216674805
2024-02-08,644.3906262816,680.8530575303441,642.591158500595,662.527099609375,74222434,SBIN,3.5986617017491396,595.0233251953125,559.3079019165039
2024-02-09,666.4101818840758,689.8029174512828,657.4603003588977,686.8670043945312,43235061,SBIN,3.673797615147678,598.0691223144531,560.2115788269043
2024-02-12,687.5772971988666,687.5772971988666,667.215159609644,670.4352416992188,22873137,SBIN,-2.392277193428005,600.7076770019531,561.0407611083984
2024-02-13,671.0508318054963,680.0007134812453,664.9895787916939,675.6915283203125,23351472,SBIN,0.7840110862566974,603.5242822265625,561.8430383300781
2024-02-14,668.209531384723,708.8864614766698,668.209531384723,704.056396484375,36782182,SBIN,4.1979019974653475,606.7755944824219,562.7536950683593
2024-02-15,708.1288729039719,723.5662031109259,702.3990735633622,721.387939453125,33941282,SBIN,2.4616696979521846,609.9388293457031,563.7298745727539
2024-02-16,723.0452778952919,733.6051419871368,713.4797743669861,714.7583618164062,27365121,SBIN,-0.9190031152647937,612.7128161621093,564.6803378295898
2024-02-19,718.5466855971592,724.5132537731262,710.3071115422806,719.0675659179688,13979584,SBIN,0.6028896382004545,615.5691979980469,565.5894058227539
2024-02-20,718.878140197099,723.092640626177,714.095417199918,719.87255859375,12528399,SBIN,0.111949518228327,618.3801196289063,566.5164346313477
2024-02-21,720.3934973720231,736.3517073942173,719.3990211695317,730.6692504882812,21465311,SBIN,1.4998060095001042,621.3605676269531,567.5197427368164
2024-02-22,732.0898793051539,732.0898793051539,716.9366605873241,725.3656616210938,18799244,SBIN,-0.7258535737809213,624.2330493164062,568.4524044799805
2024-02-23,725.3656188570327,729.7221458595922,715.0424660921377,718.8781127929688,14143636,SBIN,-0.8943832292289899,627.0108215332032,569.36888671875
2024-02-26,715.0425247498395,725.7918164039028,712.8642610698683,718.7361450195312,11355186,SBIN,-0.019748517990891834,629.6446423339844,570.2516790771484
2024-02-27,718.7360628262059,722.003429070041,702.9198806721752,710.1649780273438,13969393,SBIN,-1.1925331780767157,632.0350598144531,571.138530883789
2024-02-28,710.1649654601358,716.6998134420376,701.7833653922032,703.2039794921875,11263318,SBIN,-0.9801945675344537,633.8202966308594,571.9966165161132
2024-02-29,704.5300165868673,714.0007786982383,698.1372521616919,708.5076904296875,19217113,SBIN,0.7542208366525527,635.7068737792969,572.8754138183593
2024-03-01,712.2012253214909,731.1427472715305,712.1538830776034,728.443603515625,17348526,SBIN,2.813789229845476,637.8614709472656,573.8320590209961
2024-03-04,733.415788130336,735.8781629797205,728.3015538370722,731.1901245117188,9789141,SBIN,0.37703962020374515,640.4299401855469,574.7850173950195
2024-03-05,728.7751257237001,745.3016167439201,728.3962721270127,742.4603881835938,18088847,SBIN,1.541358846907448,643.0855432128906,575.7738888549804
2024-03-06,742.1762558623576,748.4742776430227,731.9951871429561,742.4130249023438,26710525,SBIN,-0.00637923342494684,645.8727893066406,576.7625234985352
2024-03-07,748.1901327438186,751.4102146649448,741.5605999220379,746.3433227539062,15497868,SBIN,0.529395056354165,648.7140173339844,577.8270156860351
2024-03-11,748.1901368545919,750.8419384368862,729.7694947090195,732.7528076171875,16778340,SBIN,-1.8209468380545824,651.0845483398438,578.8191421508789
2024-03-12,729.2486473566764,736.5884876385131,717.2681107424115,719.4937744140625,21529705,SBIN,-1.809482415528585,653.1359143066406,579.7356832885743
2024-03-13,718.4992657346983,723.281988208107,703.67750248633,707.7025756835938,27950252,SBIN,-1.638818729192093,655.1285620117187,580.5725979614258
2024-03-14,710.2124078847078,711.0647417125944,695.2012166495516,701.8307495117188,19730882,SBIN,-0.8297025295129434,657.0170324707032,581.3750436401367
2024-03-15,700.1260254598068,707.0396696118478,684.7360384273795,693.1650390625,29792241,SBIN,-1.234729378165278,658.7681750488281,582.1408963012695
2024-03-18,688.6190419826069,698.8475105936745,683.8836612570906,692.2653198242188,18145126,SBIN,-0.12979870414383532,660.4255578613281,582.8801861572266
2024-03-19,691.3655971347375,695.4853553107556,682.983996236656,685.4937133789062,15205043,SBIN,-0.9781808002503944,661.9607678222657,583.5438119506836
2024-03-20,686.7722682789549,699.8419071119082,681.7053763780509,697.2847900390625,25405455,SBIN,1.7200853093219726,663.746953125,584.2766122436524
2024-03-21,702.730488902024,710.8753205031713,701.3572169516723,704.9087524414062,15161161,SBIN,1.0933785608483904,665.9687939453125,585.0553454589843
2024-03-22,704.4825610232863,709.170599460014,702.1622707327812,707.1817626953125,15535921,SBIN,0.3224545369927334,668.2664001464843,585.8317111206055
2024-03-26,703.7249566183376,708.270910802939,699.4157714829856,700.8837280273438,14678342,SBIN,-0.8905821671595149,670.5071826171875,586.5555139160156
2024-03-27,703.6775556672179,706.3766994815164,691.5549929179226,694.4909057617188,30088789,SBIN,-0.9121088149125378,672.6494677734376,587.2473526000977
2024-03-28,698.7054262433901,719.3516746513696,697.9004346418056,712.53271484375,21705116,SBIN,2.597846700705597,674.8987731933594,588.0381610107422
2024-04-01,718.8781538057333,721.1985019784711,712.2959628767208,718.1678466796875,9949971,SBIN,0.7908593835123989,677.1376623535157,588.8389138793946
2024-04-02,718.0731365019557,728.064778156646,713.4797825681824,725.8391723632812,15713063,SBIN,1.0681800527635232,679.5905908203125,589.681337890625
2024-04-03,724.4185584476019,731.7109984397689,719.9199468084377,730.2430419921875,19136981,SBIN,0.6067280186280888,682.3380578613281,590.5921881103516
2024-04-04,733.9840367300943,734.2681480220336,717.9784262265191,719.1149291992188,15889530,SBIN,-1.5238916570310623,684.8193981933593,591.4476345825195
2024-04-05,717.8363829672766,727.0703754749767,712.7694908570097,724.2764892578125,9939620,SBIN,0.7177656656831566,687.4143872070313,592.3395434570313
2024-04-08,725.507689454445,729.2486518920224,721.4826157264696,727.6386108398438,9797174,SBIN,0.4642041584804968,690.5056457519531,593.2475527954101
2024-04-09,727.7806275520223,731.5689318840728,720.8195836589176,723.7555541992188,7465892,SBIN,-0.5336518132460277,693.2692126464843,594.183737487793
2024-04-10,725.9337872939853,739.3822786717687,723.2346436921654,737.819580078125,14530669,SBIN,1.9432010983966963,696.4191857910156,595.1677493286132
2024-04-12,736.1149412559511,738.2458626040706,724.3238315687016,725.7444458007812,14408722,SBIN,-1.636597157812636,699.134453125,596.1027502441407
2024-04-15,719.58848097137,722.9032476518954,709.1233005838425,717.4102172851562,11356572,SBIN,-1.1483695898532265,701.6110571289063,597.0029461669922
2024-04-16,711.4909794514435,714.9478306266623,705.003530747474,711.9171752929688,13338991,SBIN,-0.765676576641805,703.7173547363282,597.8806494140625
2024-04-18,712.2486264937273,719.7305514049899,702.7305224873335,705.38232421875,14589648,SBIN,-0.9179229411805601,705.5575231933594,598.7417782592773
2024-04-19,695.6274008930026,712.2012327726861,693.3070528688593,710.7332763671875,10886554,SBIN,0.7585889190466988,707.4668273925781,599.6692025756836
2024-04-22,714.2374792815871,728.3015365467629,710.7332860753157,725.5549926757812,17452186,SBIN,2.0854118980263348,709.7994750976562,600.659133605957
2024-04-23,729.580068899774,736.5411130931677,725.0341150661952,732.08984375,12292429,SBIN,0.9006693000786603,712.1245458984375,601.638883972168
2024-04-24,737.2988047972324,737.2988047972324,729.4380840784303,732.1845703125,7842615,SBIN,0.012939199103589871,713.9779736328124,602.6015869140625
2024-04-25,729.8642420676275,771.2988227188599,728.9171659384565,769.6887817382812,36732974,SBIN,5.122234604011711,716.1212072753906,603.7373678588867
2024-04-26,772.7194359962122,773.6665121242601,756.6191418193988,758.89208984375,14964358,SBIN,-1.4027347352195796,717.561708984375,604.7594995117188
2024-04-29,764.2904382833768,787.2570344771462,756.4297179512396,782.7584228515625,27302732,SBIN,3.1448915237377584,719.8081726074219,605.8829684448242
2024-04-30,782.7584365175279,790.666499233327,776.5077570611428,782.5216674804688,27449073,SBIN,-0.030246288533219978,721.944775390625,606.9988610839844
2024-05-02,783.1372892528356,789.7668222833302,781.3378214511536,786.1205444335938,19943724,SBIN,0.4599076425209514,723.5860583496094,608.1237509155274
2024-05-03,790.619154131125,791.9450838558431,776.6024387488413,787.4464721679688,22667634,SBIN,0.16866722842492354,724.9072290039062,609.2500613403321
2024-05-06,790.8085783183144,791.755654460013,760.5021417839598,765.048095703125,35283557,SBIN,-2.8444316225301414,725.9130236816407,610.2691156005859
2024-05-07,769.0258341813609,771.5356091020818,751.2208141135195,759.4603881835938,16725013,SBIN,-0.730373364879211,726.7208801269531,611.2794094848633
2024-05-08,760.1233071452959,778.4966078740321,757.1873941548523,767.8893432617188,27908322,SBIN,1.1098610552005894,727.6812158203124,612.3285330200196
2024-05-09,768.9311579165353,795.2125213733023,761.0230372925254,776.4130249023438,49290254,SBIN,1.1100143159194609,728.5960913085937,613.4373220825196
2024-05-10,783.2319591393382,788.0146820325868,772.4352681404719,774.0926513671875,20543142,SBIN,-0.29885814131571653,729.5706311035157,614.5404287719726
2024-05-13,776.4603581145727,776.4603581145727,756.33498993591,765.9951782226562,15398505,SBIN,-1.0460599425959782,730.5129724121093,615.5239672851562
2024-05-14,769.9728976160259,778.875436405395,765.1428324503737,774.897705078125,10912462,SBIN,1.1622170881186777,731.6362036132813,616.5934530639648
2024-05-15,777.5495004946132,781.6219162809175,774.7556143581575,776.8865356445312,9755062,SBIN,0.2566571759566205,732.970634765625,617.6297909545898
2024-05-16,781.6219595013043,782.4270089369695,755.1511687191949,768.978515625,20536990,SBIN,-1.017911838692187,734.2861254882813,618.5858648681641
2024-05-17,771.3934803092677,778.9227468345998,768.26814075298,774.566162109375,12492509,SBIN,0.7266323272807629,735.607294921875,619.5459631347657
2024-05-21,777.5495346221023,792.0397884444491,776.2236048637419,786.6888427734375,14037801,SBIN,1.5650929845745898,736.7721997070313,620.5545993041992
2024-05-22,795.9331822307055,796.0295133266376,783.414724155801,788.422119140625,19239277,SBIN,0.22032553062236726,737.9168395996094,621.6100219726562
2024-05-23,794.1517316465437,804.5516696610887,791.5517324493296,801.277587890625,17497488,SBIN,1.630531213915254,739.09318359375,622.703440246582
2024-05-24,799.2553916967729,810.0886726083256,796.3665167870256,797.9072265625,12252075,SBIN,-0.4206234367539863,740.2030676269532,623.7733773803711
2024-05-27,801.7590699633794,808.3072335281287,792.5146936444445,802.818359375,12295193,SBIN,0.6155017336611834,741.332568359375,624.8702377319336
2024-05-28,804.7443027300019,809.5590944673188,792.8035957117308,800.3628540039062,13818893,SBIN,-0.30586063988439216,742.6847692871094,625.935168762207
2024-05-29,797.7146835951445,803.5405695871641,788.9517277526038,792.1776733398438,14518232,SBIN,-1.0226837269015188,744.138447265625,626.9987145996093
2024-05-30,790.9739767920537,805.0331445629747,788.9517290829909,795.2590942382812,17818705,SBIN,0.38898103318742994,745.8895776367187,628.1411215209961
2024-05-31,799.9294778988177,804.0701868667423,786.8332096505334,799.5924072265625,22267336,SBIN,0.5448932328691924,747.8448107910157,629.3428411865234
2024-06-03,831.5626306363492,878.2179721623354,825.0145259321062,872.1032104492188,64269020,SBIN,9.068470706739774,751.42357421875,630.9885638427735
2024-06-04,863.7736004371982,863.7736004371982,704.8373437950039,746.4852905273438,122381193,SBIN,-14.404019893146526,752.5079736328125,632.0317672729492
2024-06-05,761.4592351040986,765.5518076607758,716.4890731382206,760.4962768554688,74256082,SBIN,1.8769273160395672,754.0080249023438,633.1204022216797
2024-06-06,770.3666270723245,802.4812623286783,766.5147939369629,786.6887817382812,40555649,SBIN,3.4441332166824434,755.7961047363282,634.3369213867187
2024-06-07,789.5295559574165,800.699849042878,780.4777241722821,799.207275390625,25061284,SBIN,1.5912892039317894,757.6820751953124,635.6165066528321
2024-06-10,803.2516957835098,814.1331129043821,798.4850404060916,800.9887084960938,16725508,SBIN,0.2229000110888668,759.5582141113281,636.9026309204102
2024-06-11,805.0331354685376,808.4997618244676,798.3405635563713,804.5997924804688,14754408,SBIN,0.4508283258018775,761.6325354003907,638.2700286865235
2024-06-12,805.9960606828112,814.2293420209461,802.1442276568479,808.0182495117188,15071442,SBIN,0.4248642695657834,763.9030822753906,639.6329724121093
2024-06-13,813.6997946256373,814.5664806385139,805.1294419180801,812.6405639648438,12523972,SBIN,0.5720556999694315,765.9052392578125,640.9868267822266
2024-06-14,813.6997704563229,818.4182896763856,804.1664596950984,808.1146240234375,12903496,SBIN,-0.5569424099782005,767.7041748046875,642.3142633056641
2024-06-18,810.377569958488,819.9590170862313,809.1257358857379,813.603515625,14929083,SBIN,0.6792219121384502,769.4594616699219,643.6750637817382
2024-06-19,815.4330423267555,828.7218545519676,809.8478961769484,821.0181884765625,32925140,SBIN,0.9113373663173885,771.2749645996093,645.0880908203125
2024-06-20,821.4033966290509,821.4996689454273,811.1478676397271,812.4960327148438,13985352,SBIN,-1.037998412377683,773.1425866699219,646.4187295532226
2024-06-21,813.6034982004232,816.6367816070117,797.9072307555297,805.322021484375,18990090,SBIN,-0.8829595396912637,774.7634973144532,647.7132620239258
2024-06-24,800.699845971808,805.0331584274583,790.6369197366024,801.8554077148438,12715254,SBIN,-0.4304630541632992,776.2478332519531,649.0236087036133
2024-06-25,805.996104620019,814.5182621448073,803.3961054308986,811.0516357421875,20917530,SBIN,1.1468686173173648,777.9937548828125,650.366203918457
2024-06-26,808.7404727237647,817.3589609223837,805.0331069252793,814.0367431640625,16281760,SBIN,0.36805393027083966,779.5180981445312,651.7142538452149
2024-06-27,812.6405440846468,816.0108981811181,807.1998061049042,812.73681640625,20378887,SBIN,-0.15968895369020686,781.2579455566406,653.0910827636719
2024-06-28,815.5294261991826,831.9959899913704,812.736823556385,817.5034790039062,23636388,SBIN,0.5864952222459197,783.2598107910156,654.5203942871094
2024-07-01,817.888612537416,818.9960380974777,808.8368397383734,810.7627563476562,10967797,SBIN,-0.8245497211171848,785.2367224121094,655.8771719360352
2024-07-02,812.7368170641629,814.9516094316318,792.6591597257975,795.5480346679688,21142840,SBIN,-1.8765935608866857,787.0400366210938,657.1294638061523
2024-07-03,798.292447663417,812.5923552125606,794.440614381567,808.8368530273438,23598009,SBIN,1.6703979873347707,789.0021081542968,658.4602749633789
2024-07-04,811.7738338725269,813.6034781228886,803.3960850421123,808.2108764648438,13372587,SBIN,-0.07739219104039297,790.6552258300782,659.7997943115234
2024-07-05,806.9590387546798,829.3478187678616,805.996080474543,827.9033813476562,24873722,SBIN,2.436555292221332,792.5714965820313,661.1972891235351
2024-07-08,827.9033739699761,832.9589048956433,821.8848847727533,824.5330200195312,10359800,SBIN,-0.40709597328117963,794.4184655761719,662.5570962524414
2024-07-09,828.0478287632818,837.7255474919629,824.2922680509901,829.3959350585938,13585081,SBIN,0.5897780829865695,795.6126086425782,663.9021508789062
2024-07-10,828.2403880397673,828.3848552906051,812.2553041995063,817.5515747070312,17343236,SBIN,-1.428070701929074,796.7857983398437,665.2038479614258
2024-07-11,822.7516382126789,826.5071405152041,818.273858372934,824.9664306640625,8501366,SBIN,0.9069588006956453,797.6299584960938,666.5042620849609
2024-07-12,824.9663498407772,831.032975099971,823.6181847723751,827.855224609375,11446064,SBIN,0.350171090354201,798.5366296386719,667.8150952148437
2024-07-15,827.8552953420664,854.4810581363205,827.8552953420664,848.7033081054688,25392820,SBIN,2.5183248080521414,799.7882849121094,669.2230657958985
2024-07-16,849.6180412132858,855.2031872360685,841.9143753130872,848.0773315429688,11893692,SBIN,-0.0737568189638993,801.0009020996093,670.6035189819336
2024-07-18,848.0292886499858,861.7514450438412,844.9959463584611,860.451416015625,19435183,SBIN,1.459075017385869,802.9089685058593,672.059338684082
2024-07-19,861.8476591694113,865.6994922830175,850.581035557251,856.4069213867188,14562742,SBIN,-0.47004334627450683,804.8478991699219,673.5562588500976
2024-07-22,848.7996180509505,861.8476914572568,835.8478169663675,844.3218383789062,14614111,SBIN,-1.4111379422581005,806.3765490722657,674.9454000854493
2024-07-23,850.2921997086647,851.7366371940136,817.647889030057,831.8997192382812,18279212,SBIN,-1.4712540379715144,807.4862829589844,676.2918460083008
2024-07-24,832.1885940113407,835.8478238817672,815.8183025297853,820.4404907226562,19624845,SBIN,-1.3774771466586788,808.4132397460937,677.5793380737305
2024-07-25,816.1071101173486,819.2367244039343,810.0404849474438,817.070068359375,9522375,SBIN,-0.41080643890607504,809.4347375488281,678.8719976806641
2024-07-26,813.362771563015,832.23673119642,812.7368251429314,830.50341796875,12081506,SBIN,1.6440878364750722,810.5468518066406,680.2308767700196
2024-07-29,833.9699855260068,856.1661615632173,831.2255780072089,839.3143920898438,26582781,SBIN,1.0609196699808532,811.7954089355469,681.5930868530273
2024-07-30,842.2996149354311,847.9328973347123,836.8107410128214,840.469970703125,13528447,SBIN,0.13768125796149722,813.2252380371094,682.9402389526367
2024-07-31,841.4810813734941,842.5403707610664,835.8477988655185,840.0848388671875,11636874,SBIN,-0.04582339040802852,814.5356115722657,684.3645458984375
2024-08-01,845.2848286735671,848.7515140014297,827.6145664441017,830.696044921875,11787203,SBIN,-1.117600688755771,815.4157556152344,685.713970336914
2024-08-02,824.9663688604599,826.5070785961769,814.8071707781978,816.4441528320312,12609331,SBIN,-1.7156566685211705,815.9761962890625,686.9821911621094
2024-08-05,799.25534329257,800.5553134135039,770.3665959446458,781.5850830078125,27676951,SBIN,-4.269620855670498,815.5823461914063,688.1194454956054
2024-08-06,792.1776770526977,795.9331791962649,766.1778026885571,768.15185546875,17900930,SBIN,-1.7187159569840738,814.9872387695312,689.1585165405273
2024-08-07,779.0333009734679,780.6703419145541,770.8962912047291,778.6962890625,17692355,SBIN,1.3727017019721233,814.5047973632812,690.2659371948242
2024-08-08,781.9221664085547,787.507312985182,773.06293798995,778.1184692382812,14769069,SBIN,-0.07420349015845318,814.0599096679688,691.3813595581055
2024-08-09,785.7739981345145,799.2072786074854,779.5629051443975,793.7665405273438,15320885,SBIN,2.011013991787247,814.0916870117187,692.6219027709961
2024-08-12,790.2035442003192,792.5146675912324,781.1517715969126,782.4998779296875,16120449,SBIN,-1.4193924815942949,813.8365026855469,693.8084799194336
2024-08-13,783.3665819906377,789.6258109801142,765.5999894887229,768.0073852539062,17585172,SBIN,-1.852076030238503,813.2048022460938,694.9188067626953
2024-08-14,771.2815013387534,779.1777715549281,770.7518860016988,773.2555541992188,11788665,SBIN,0.6833487601916044,811.2278491210938,696.0733685302735
2024-08-16,773.2555353649926,784.7147629479969,773.2555353649926,782.0184326171875,11427335,SBIN,1.13324480766821,811.9385119628906,697.2786111450196
2024-08-19,784.8110381744631,794.8258283062914,782.4999146750221,783.5592041015625,10151482,SBIN,0.19702495748321613,812.3997705078125,698.5299142456055
2024-08-20,787.6517443817361,792.5146719871843,783.2221009869668,789.9146728515625,10347493,SBIN,0.8111025582664411,812.4642883300781,699.8610586547852
2024-08-21,789.9146891751129,790.588771746324,781.1517920723019,785.3406372070312,14607257,SBIN,-0.5790543968526518,812.1869555664063,701.1539431762695
2024-08-22,788.662838830503,793.3813579571615,786.8331945713555,789.9146728515625,7832917,SBIN,0.582426965806615,811.9654748535156,702.5132632446289
2024-08-23,791.0702271868793,791.5517063269808,784.3295192254573,785.1480102539062,5537747,SBIN,-0.6034401893623254,811.5764392089844,703.7817443847656
2024-08-26,787.6998695275697,792.9480038850295,783.6554330147424,784.859130859375,8523795,SBIN,-0.03679298562290212,811.1132568359375,705.0296029663086
2024-08-27,787.5073199593448,789.0962247326166,781.0073511539267,785.677734375,12833290,SBIN,0.1042994192765212,810.5740002441406,706.2798974609375
2024-08-28,784.5702603306938,786.9295198766698,776.625854503473,779.41845703125,10371300,SBIN,-0.7966723594030833,810.0000769042969,707.4948699951171
2024-08-29,779.5628735084862,785.7739662465469,777.0592054590912,784.3295288085938,18247268,SBIN,0.6300943649768964,809.4145971679687,708.707406616211
2024-08-30,786.8814263829273,790.2999167148297,784.1850960274376,785.3887939453125,8911426,SBIN,0.135053583705802,808.7020092773438,709.8965902709961
2024-09-02,787.0257841074723,794.8257813768107,782.9332114506573,791.6961669921875,11813750,SBIN,0.8030892591668559,808.2860119628906,711.1353051757812
2024-09-03,791.6961816359209,795.3554113830713,786.159171468402,794.2479858398438,10548350,SBIN,0.3223230014300915,808.06453125,712.361208190918
2024-09-04,785.2443376942574,788.325815931437,783.5110245528155,786.2554321289062,10789570,SBIN,-1.0063045614759902,807.7525317382813,713.5445440673828
2024-09-05,788.0369123055189,791.6962009160937,784.2332739868236,788.422119140625,8395074,SBIN,0.2755703710500379,807.29994140625,714.7479473876953
2024-09-06,781.4406841241514,782.7888492947188,748.2186217676717,753.514892578125,40220096,SBIN,-4.427479355925312,806.0895043945312,715.7713684082031
2024-09-09,755.9222919924988,759.0037704153561,742.4408753200211,755.2000732421875,21322103,SBIN,0.2236426486936116,804.93876953125,716.7944552612305
2024-09-10,758.8111049121503,759.5814597612606,748.7000432350214,753.6593017578125,12824701,SBIN,-0.20402162803827562,803.6618859863281,717.793974609375
2024-09-11,751.1555836071334,758.811113576376,737.0482802754062,740.1296997070312,20060665,SBIN,-1.795188093509259,802.2492248535157,718.7260824584961
2024-09-12,746.2927156991332,760.6408185171384,744.1260594277486,758.5704345703125,17578964,SBIN,2.491554503295945,801.5096728515625,719.852678527832
2024-09-13,761.7000092457633,765.5518424151477,756.0185318111974,761.5555419921875,12950936,SBIN,0.3935175015838732,800.5640466308594,720.9908853149414
2024-09-16,761.5555716904744,765.5518722692779,755.344537482079,756.451904296875,9553736,SBIN,-0.6701596159305323,799.5288671875,722.114228515625
2024-09-17,756.5000258703583,758.3296701716079,751.637098153009,753.9000854492188,10665630,SBIN,-0.3373405279517683,798.0488012695313,723.2368878173828
2024-09-18,754.7667043250664,765.3111094724715,753.0333911386886,763.3851928710938,18324412,SBIN,1.2581385259060163,796.8258447265625,724.4022372436524
2024-09-19,765.5999675189145,771.6665929182252,755.0074264560737,760.6889038085938,10645478,SBIN,-0.3532016454706466,795.4517041015625,725.5522113037109
2024-09-20,765.4073730812867,765.4073730812867,750.625986843672,752.7445068359375,21372244,SBIN,-1.0443687206268537,794.1555627441406,726.6430480957031
2024-09-23,756.8852061006995,775.1814133728537,755.4407686844768,772.1480712890625,17309545,SBIN,2.5777092063660856,793.0991955566407,727.8112509155274
2024-09-24,769.6444158126969,774.4592072785255,766.9962805064912,768.6814575195312,15180653,SBIN,-0.4489571234366885,791.9157202148438,728.9803518676758
2024-09-25,768.3444760133515,768.4407483367515,759.4852476109977,763.7222290039062,18465571,SBIN,-0.6451604194574911,790.2160986328125,730.0915090942383
2024-09-26,766.5147888755175,773.2554968178902,762.277748944874,772.1480712890625,23198842,SBIN,1.1032600551833749,788.6975134277344,731.1361184692382
2024-09-27,772.1480434176262,778.0702601200948,768.8740206569526,772.91845703125,15193681,SBIN,0.09977176280469013,786.9468542480469,732.1204156494141
2024-09-30,772.1962595176911,772.8702832866289,757.3185425049131,758.71484375,15484573,SBIN,-1.8376599953125128,784.9930126953125,733.0327474975586
2024-10-01,758.811137952777,770.7036494096986,758.811137952777,767.4296264648438,13280535,SBIN,1.148624254109798,783.4551684570313,733.9732632446289
2024-10-03,760.6408027275493,774.2184915699847,755.2482008550121,764.6851806640625,15944135,SBIN,-0.3576153051874642,782.1108776855468,734.8884548950195
2024-10-04,762.6629675013947,779.8517495092212,756.1629990283715,767.1407470703125,20097454,SBIN,0.3211212232617777,781.0448828125,735.815450744629
2024-10-07,770.3666227637009,774.2184558775194,737.0482898388944,742.1038208007812,24267990,SBIN,-3.2636678947307263,779.5455578613281,736.6260223388672
2024-10-08,743.6445559601656,755.3445229531092,743.6445559601656,752.5037841796875,8560960,SBIN,1.401416228754071,777.9855651855469,737.4533157348633
2024-10-09,757.5593104537433,774.5554892758929,753.0815308248506,767.8629760742188,18758697,SBIN,2.041078359662274,776.5565368652344,738.3394100952148
2024-10-10,769.4036799200226,774.6518143977434,765.5518467289336,767.5740356445312,10241015,SBIN,-0.0376291654488603,775.0986181640625,739.1075695800781
2024-10-11,767.6703835690523,772.9666543229133,763.6259468748779,770.1259155273438,14322720,SBIN,0.3324604226183414,773.6994396972656,739.8873049926758
2024-10-14,772.2925246699068,779.273972056262,771.136963002821,775.3258666992188,8967564,SBIN,0.6752079195146088,772.5920361328125,740.6603656005859
2024-10-15,775.6629124338771,777.5888290383062,771.9073515455158,774.8444213867188,6252104,SBIN,-0.062095866161371305,771.7600415039062,741.5207543945312
2024-10-16,773.0628831824524,779.0332361787332,772.3406644838936,775.61474609375,6494240,SBIN,0.09941669395421293,771.640634765625,742.3504269409179
2024-10-17,779.514689677183,789.1442720079697,776.1443358614076,781.0072631835938,18580553,SBIN,0.6952571643334737,771.8977429199218,743.2402096557618
2024-10-18,781.0554274190987,792.1294474976112,773.1592166434322,790.010986328125,11704698,SBIN,1.1528347518600102,772.1240368652344,744.1688549804687
2024-10-21,794.1517285715379,795.8369056109815,779.0332713770955,783.7999267578125,10359618,SBIN,-0.7861991387209333,772.237666015625,745.0167233276367
2024-10-22,783.8480454773676,786.5924530851014,758.329650876446,761.1222534179688,16645356,SBIN,-2.8932987316865333,771.5847802734374,745.7377072143555
2024-10-23,760.7370259136948,763.2406938816622,750.9148399002006,756.8851928710938,13866198,SBIN,-0.55668593683178,771.0724865722656,746.4817822265625
2024-10-24,756.9333844585227,767.4777899396578,755.585278059477,765.1185302734375,5607500,SBIN,1.0877921090135523,771.0147094726562,747.2703387451172
2024-10-25,768.4407046924659,771.0888399529977,743.4037895019845,752.0222778320312,9717125,SBIN,-1.7116632159890233,770.5900439453125,748.002410583496
2024-10-28,754.7667145175037,774.1703480481368,754.5259749390806,762.7111206054688,13757251,SBIN,1.4213465596061736,770.2038977050781,748.7689852905273
2024-10-29,766.5148254883454,803.925732845734,761.2185547092174,801.8554077148438,28274791,SBIN,5.132255981570166,770.5698217773438,749.7345962524414
2024-10-30,797.3294530672716,802.1442444505282,790.6368812896834,791.9850463867188,15977682,SBIN,-1.2309402958638027,770.6112292480469,750.6546438598633
2024-10-31,789.625816992613,797.3294834998579,783.4147241162844,789.8184204101562,13402324,SBIN,-0.27356905113894436,770.7007849121094,751.6346524047851
2024-11-01,791.9369337915391,795.0183533490626,788.566579722976,790.7813720703125,1637141,SBIN,0.12192063837359601,770.7181188964844,752.6270520019531
2024-11-04,792.2258449875555,806.4776167890851,777.2036594878515,799.1109619140625,14498161,SBIN,1.053336628547874,770.9973779296874,753.6783837890625
2024-11-05,799.1109232553587,819.8627216790217,795.6442968785319,817.7442016601562,26254561,SBIN,2.3317462322707483,771.6550793457031,754.8302215576172
2024-11-06,817.7441759391488,829.492278606691,814.8553011245552,823.13671875,15002433,SBIN,0.6594381322296172,772.4042590332032,755.9455679321289
2024-11-07,829.1070762299017,830.4552413269911,815.3367846280997,827.7589111328125,15283847,SBIN,0.5615339806285924,773.3710681152344,757.0532455444336
2024-11-08,827.7588901564618,831.5144508501054,803.2997858129482,811.9182739257812,26139105,SBIN,-1.9136776413983703,773.9228430175781,758.0968731689453
2024-11-11,814.662743202751,822.3664098051412,810.810909901556,816.2516479492188,12621337,SBIN,0.5337204694857878,774.5401000976562,759.2137829589843
2024-11-12,820.9218861125494,821.7885720240326,793.766452435842,796.0775756835938,11350729,SBIN,-2.4715505709925534,774.6277282714843,760.2189312744141
2024-11-13,792.8517297121596,800.940603318519,774.8444556831504,778.6962890625,13756706,SBIN,-2.183365937191284,774.3166943359375,761.1397775268555
2024-11-14,778.6962686314655,787.6999054097373,771.3777501381329,774.459228515625,9461484,SBIN,-0.5441223499313419,774.0807702636719,762.1466952514648
2024-11-18,780.9592121300385,786.4480864115857,769.6444516583641,784.136962890625,9322451,SBIN,1.2496118605945128,773.9950671386719,763.1394940185547
2024-11-19,788.6628877822667,789.9147218810267,770.462951477566,773.2555541992188,13677029,SBIN,-1.3876923555922294,774.3898803710938,764.104167175293
2024-11-21,768.9221597525542,768.9221597525542,733.3408407931131,751.8296508789062,29486577,SBIN,-2.7708696308688108,774.3224719238282,764.9134100341797
2024-11-22,756.8851983330345,789.5776432728918,755.0074179563543,785.8220825195312,20665405,SBIN,4.52129436513804,774.9657275390625,765.8746203613281
2024-11-25,796.3664717835007,818.1293046973657,795.0665016573014,813.1701049804688,23434605,SBIN,3.4801799375824727,776.4265356445312,766.9074594116211
2024-11-26,812.7367744440559,815.3367735105277,804.5997653621181,808.3071899414062,8893744,SBIN,-0.5980194069209244,777.4212707519531,767.8821258544922
2024-11-27,807.4405312232043,811.292364407334,801.2775746188726,803.2034912109375,8375108,SBIN,-0.6314058310972981,778.2542297363282,768.8218029785156
2024-11-28,803.2034750413964,814.4700986330259,799.7368487551913,807.7775268554688,13505677,SBIN,0.5694740740774584,779.2807421875,769.8160775756836
2024-11-29,809.9442265086632,812.7849653323096,800.7479862272926,807.8739013671875,10822949,SBIN,0.011930823588746087,780.3602185058594,770.7762655639649
2024-12-02,807.873928059787,810.8109393035892,801.8554383084241,805.4183959960938,6651119,SBIN,-0.3039466143092695,781.2008825683594,771.6057916259765
2024-12-03,806.9590409400479,824.8700414893754,805.8998103387524,822.3182373046875,12186182,SBIN,2.0982686008423013,782.4334692382813,772.4047473144532
2024-12-04,822.3182146362292,831.9959333561703,818.8033934913788,827.855224609375,10749716,SBIN,0.6733387456948625,783.93568359375,773.1096884155273
2024-12-05,828.1441384564639,839.1700227524034,823.9070984244045,833.3922729492188,14716036,SBIN,0.6688425917051433,785.1605676269531,773.9244735717773
2024-12-06,833.199706421366,843.0218932764863,825.2553000902753,831.6589965820312,14520568,SBIN,-0.2079784542582508,786.4201184082032,774.7043109130859
2024-12-09,827.1811795615839,834.7403787055949,825.2071268017763,826.266357421875,9630346,SBIN,-0.6484195063504394,787.6710009765625,775.3153607177734
2024-12-10,829.8774588919769,836.7626343106416,826.2663652334417,835.3663330078125,7379849,SBIN,1.1013368152046343,788.9353662109374,775.8852526855469
2024-12-11,835.3662917047014,837.6292201091063,829.0589268478445,829.684814453125,7006973,SBIN,-0.6801229987604018,790.070693359375,776.4598849487305
2024-12-12,829.588577653526,832.2848491458258,819.6219827317773,822.0775146484375,8845103,SBIN,-0.9168903265635575,791.3379467773437,776.9749346923828
2024-12-13,821.0182301359672,830.9367477307743,804.0701874198363,829.63671875,9379370,SBIN,0.91952449335575,792.5820886230468,777.5237554931641
2024-12-16,827.9515344064523,834.3070944496669,826.025617806868,829.0589599609375,6432713,SBIN,-0.06963997325636351,793.8695642089843,778.0157040405273
2024-12-17,826.7478560331779,830.6478254844673,815.6738353243519,819.044189453125,8791216,SBIN,-1.2079684306511074,794.9076330566406,778.4840966796875
2024-12-18,819.4775061625006,820.4404644541135,805.9960900799213,807.103515625,8295338,SBIN,-1.4578790719579793,796.207626953125,778.9252236938477
2024-12-19,794.0553903446263,806.9590550690585,789.8184090909501,801.95166015625,9453398,SBIN,-0.638314090945391,797.1965844726562,779.3413012695313
2024-12-20,803.9738871433539,805.0331177359144,779.9962025910175,781.922119140625,10244198,SBIN,-2.4975995450551847,797.4777673339844,779.7000869750976
2024-12-23,787.025851437494,793.4776841679945,782.114787338898,790.7332763671875,4933200,SBIN,1.1268586743966802,797.9409521484375,780.1377334594727
2024-12-24,793.7183788955526,795.5961593356999,779.2258682332135,781.9702758789062,10602771,SBIN,-1.1082119281156988,798.1778393554688,780.5050463867187
2024-12-26,782.8850840507691,792.3701996282533,778.0702926359427,782.35546875,8318714,SBIN,0.049259272759538675,798.3184313964844,780.7746057128907
2024-12-27,786.0628842447148,787.9888009322062,767.6704033888981,770.0296630859375,10649800,SBIN,-1.5754738295312154,798.2221362304688,780.9688034057617
2024-12-30,772.292577441985,778.0221912364731,755.9222859001974,759.1000366210938,21515438,SBIN,-1.419377329055438,797.8918420410156,781.0520016479492
2024-12-31,757.8000566357981,769.5962959772957,756.8852344830239,765.5037231445312,9086044,SBIN,0.8435892786860633,797.5817712402344,781.1674551391602
2025-01-01,766.0814709969738,769.0666770195652,760.2555849821816,763.8185424804688,7273098,SBIN,-0.2201401003172343,797.0579223632812,781.2548312377929
2025-01-02,765.5518634653022,772.6777785343264,757.848196914708,771.522216796875,11398319,SBIN,1.0085738808315536,796.8123681640625,781.4486782836914
2025-01-03,771.5222327205842,779.5147751769242,762.8074715102198,764.0111694335938,13336514,SBIN,-0.973536108197226,796.870146484375,781.671265258789
2025-01-06,767.8629313364202,768.055475966793,744.5111937959167,747.6408081054688,11419367,SBIN,-2.142686125945159,796.6852587890625,781.8709564208984
2025-01-07,750.9629781385199,754.8148111917903,746.1481868219319,749.9037475585938,9669152,SBIN,0.3026773590461662,796.3809631347656,782.1113214111328
2025-01-08,751.9741707073787,754.911181809416,731.9445907621887,742.5853271484375,15641490,SBIN,-0.9759146335756141,796.1922241210938,782.3584228515625
2025-01-09,742.5852812864381,742.7778259178452,699.3484321602015,732.2816162109375,15351029,SBIN,-1.387545721791561,795.5836340332031,782.5585043334961
2025-01-10,732.1853132713054,735.1223830791824,714.5631882955921,715.71875,11779296,SBIN,-2.261816471187561,793.8609008789062,782.7096295166016
2025-01-13,714.0335881192036,716.3928477377098,695.7373801970662,702.4780883789062,10414733,SBIN,-1.8499811023665047,792.07076171875,782.7355960083008
2025-01-14,705.800278346691,728.9594130704888,705.800278346691,720.437255859375,11960975,SBIN,2.556544862760446,790.6831384277343,782.8132385253906
2025-01-15,725.252061939764,730.7890721249498,722.2187198068513,725.7816772460938,7792299,SBIN,0.7418302347986794,789.38314453125,782.9062380981445
2025-01-16,732.2334984141427,747.929706597395,732.2334984141427,737.9149169921875,11816079,SBIN,1.671747872188245,788.1592236328125,783.0913940429688
2025-01-17,737.9149066564445,739.5038113032925,731.2705298930534,735.79638671875,5766573,SBIN,-0.2870968216868164,786.5202673339844,783.2979214477539
2025-01-20,740.5149313492541,755.9222641211501,739.4075057965499,750.38525390625,9198929,SBIN,1.9827315614525443,785.0652380371093,783.4871841430664
2025-01-21,755.7296474236301,755.8259785163474,728.044596835733,730.9334716796875,13751780,SBIN,-2.5922394030670426,783.1287292480469,783.5510122680664
2025-01-22,733.7742364327505,734.7371947482791,710.6632368600655,725.5409545898438,9908339,SBIN,-0.7377575796948754,781.4011828613282,783.5495211791992
2025-01-23,722.2187354602709,727.6594734437961,715.5742995843119,718.2706298828125,10986405,SBIN,-1.0020557297335864,779.4415625,783.4896591186523
2025-01-24,722.1224594960153,725.7816893156935,711.6261904172143,716.58544921875,10579213,SBIN,-0.23461639581969784,777.8517199707031,783.47701171875
2025-01-27,712.5891362148737,727.3705224901476,708.6410307266503,721.4483642578125,11433353,SBIN,0.6786231906277473,776.7067614746094,783.46287109375
2025-01-28,728.9594308479976,731.6075661648166,717.7891381122306,724.5298461914062,14140860,SBIN,0.42712439119101386,775.708173828125,783.4473272705078
2025-01-29,725.1075785552505,732.6186413192878,722.0261003310969,730.355712890625,9251973,SBIN,0.8040892628293106,774.632548828125,783.4803280639649
2025-01-30,730.4520203133268,736.6631132188579,726.7927904600431,734.3519897460938,11085824,SBIN,0.5471685625148437,773.8544775390625,783.4629901123047
2025-01-31,736.5668412651819,748.7482287285419,731.3668428360176,744.2705078125,10083763,SBIN,1.3506490354626255,773.7032946777343,783.5556204223633
2025-02-01,746.1000586507049,749.9037555863902,724.2890890176571,737.6260375976562,9363077,SBIN,-0.8927493626440519,772.7393737792969,783.6566995239258
2025-02-03,734.5445718854385,734.5445718854385,725.2520596511663,732.7631225585938,7862190,SBIN,-0.6592656429130872,771.1312341308594,783.7609292602539
2025-02-04,738.5889944967314,752.3111498703669,737.2890243394788,750.3370971679688,12020807,SBIN,2.3983159179752134,769.9718322753906,783.985703125
2025-02-05,751.107474382643,753.0333909836241,736.6630998752845,737.6741943359375,13419162,SBIN,-1.6876285178788808,768.6612463378906,784.1204077148437
2025-02-06,740.5149273858113,742.2963767183029,722.2668559769037,724.3853759765625,32745391,SBIN,-1.8014481815156524,766.9934033203125,784.1145596313477
2025-02-07,731.6557177630287,731.75204885935,704.6447487163948,709.8928833007812,37240692,SBIN,-2.0006605815645506,765.0337829589844,784.0035748291016
2025-02-10,712.5891688607044,716.3447298819926,706.233667350861,709.5076904296875,12667049,SBIN,-0.054260703291275636,763.1155688476563,783.8901904296876
2025-02-11,710.1335578124041,712.7335567858637,699.6372896053772,704.0187377929688,13017060,SBIN,-0.7736283497356555,760.7495788574219,783.5618402099609
2025-02-12,705.992919921875,711.3373268740813,690.5855867123075,705.992919921875,12697743,SBIN,0.2804161342488065,758.3123327636719,783.2973443603515
2025-02-13,707.1965624268578,710.1817094926294,699.2521568630419,700.6965942382812,12370571,SBIN,-0.7501952971681103,755.6584191894531,782.8870352172852
2025-02-14,703.8744122850989,705.7521928080495,689.6707767316124,695.400390625,10417539,SBIN,-0.7558483453225073,752.9332470703125,782.4514288330079
2025-02-17,692.4151383583221,701.7558454140641,685.1929512700127,700.7447509765625,9093600,SBIN,0.768529961100417,750.4228149414063,782.0245498657226
2025-02-18,700.7447443190354,701.2743596122846,690.7780909672726,698.9151000976562,8562003,SBIN,-0.26110090391064933,747.6937902832032,781.5818930053711
2025-02-19,695.3040270429543,707.6298814976512,695.3040270429543,700.3595581054688,6766606,SBIN,0.2066714551754112,745.10728515625,781.2584503173828
2025-02-20,698.0485270359545,704.4040285962709,696.5558945833883,702.6707153320312,7423268,SBIN,0.3299958142663817,742.7191491699218,780.974501953125
2025-02-21,700.359526366243,704.5965661934869,693.3299428670359,695.255859375,6571602,SBIN,-1.055239075037806,740.0315319824218,780.6113345336914
2025-02-24,684.1818648659195,693.089229046088,684.1818648659195,689.8633422851562,6912148,SBIN,-0.7756162018816126,737.2476196289062,780.1785861206055
2025-02-25,692.318880181649,692.318880181649,683.7003916586949,684.5670776367188,8599635,SBIN,-0.7677266385678228,734.5580773925781,779.7309582519531
2025-02-27,689.4781266274379,691.1151674539011,675.1300247842662,677.8263549804688,12033139,SBIN,-0.9846694175712489,731.9725341796875,779.2901141357422
2025-02-28,674.9374748612561,675.3707590632506,657.3152915031974,663.28564453125,15780609,SBIN,-2.1451969729972653,729.1992138671875,778.7320538330079
2025-03-03,664.5857216898627,671.5671696530677,654.8116710316503,669.544921875,10598479,SBIN,0.9436774933028191,726.951669921875,778.1953457641602
2025-03-04,667.3300691464701,691.8373684334783,666.4633832092842,689.5262451171875,14386214,SBIN,2.984314060097959,724.927529296875,777.7980844116211
2025-03-05,690.970715357852,704.2113919626877,690.4411000485206,703.2965698242188,10409805,SBIN,1.997070424011338,723.3540551757812,777.4417364501953
2025-03-06,708.7372906926826,709.4595093992308,700.0706662141035,704.93359375,10928847,SBIN,0.23276438362132001,721.8056176757813,777.0329602050781
2025-03-07,704.9336444546556,707.6299160648454,701.0336749136387,705.6077270507812,7246729,SBIN,0.09563075256424636,720.5171789550782,776.6188882446289
2025-03-10,705.6076955415114,711.1447057760574,699.6854784765769,701.9003295898438,7400109,SBIN,-0.5254190563407368,719.3731848144531,776.122001953125
2025-03-11,698.0484671027334,706.8594999287487,695.9299471730827,702.8150634765625,5538789,SBIN,0.13032247573572242,718.1194116210937,775.6465411376953
2025-03-12,703.5373526546633,709.7003096539208,692.4151953776362,696.2670288085938,5547762,SBIN,-0.9316867278823082,716.7683813476563,775.1137844848632
2025-03-13,699.0114385308547,704.3558452266985,697.663273429962,700.88916015625,5908337,SBIN,0.6638446395437203,715.3557202148437,774.616416015625
2025-03-17,701.9003527020252,704.1632812757161,695.5447924372056,696.3633422851562,5149563,SBIN,-0.6457251914246731,714.002763671875,774.1373443603516
2025-03-18,696.3633422851562,696.3633422851562,696.3633422851562,696.3633422851562,0,SBIN,0.0,712.9772143554687,773.642865600586
2025-03-19,712.2039126231394,721.5446195922909,711.7224334883822,717.5001831054688,7604850,SBIN,3.0353178487182886,712.3291430664062,773.2324044799805
2025-03-20,720.292765833536,724.8186813309343,716.6335362646441,721.7853393554688,6963197,SBIN,0.5972341681437676,711.9131433105468,772.4808151245118
2025-03-21,722.1705565633118,727.611235450561,719.3298179504133,725.3001708984375,9577327,SBIN,0.48696355430375426,711.7735144042969,772.3748895263672
2025-03-24,729.9223707530908,753.9481914133478,727.1297682523594,751.8778076171875,12095064,SBIN,3.664363774494639,712.4966955566406,772.3317971801757
2025-03-25,754.8630261504609,756.8852150473521,740.7075275492936,744.2222900390625,15190143,SBIN,-1.0181863995143647,713.3315795898437,772.1194647216797
2025-03-26,743.4038006048552,747.3037699282959,733.2446023903115,735.7001342773438,7711852,SBIN,-1.1451089111119583,713.6368371582031,771.8019290161133
2025-03-27,735.5075423870684,747.063042059369,732.3297917320479,743.6926879882812,15648616,SBIN,1.086387420438406,713.9950573730468,771.5154489135742
2025-03-28,743.5001147786132,749.7593440220716,738.5890507280865,742.92236328125,7628185,SBIN,-0.10358105161891729,714.0952062988281,771.2070617675781
2025-04-01,738.3964100364205,753.7556066211873,734.92978367858,743.1149291992188,7011125,SBIN,0.025920059414863417,714.2415771484375,770.8825451660156
2025-04-02,743.6926981564776,748.2186140115384,735.9890316029483,747.20751953125,5458436,SBIN,0.5507345056896318,714.1780224609375,770.5553799438477
2025-04-03,741.4778693122336,755.6333676630561,741.4297331535035,750.3370971679688,7956680,SBIN,0.4188364751310347,714.5660949707031,770.2664923095704
2025-04-04,750.2408294522949,753.9001182138272,736.6631401821917,739.0223999023438,8231194,SBIN,-1.507948535175796,714.8357238769531,769.893586730957
2025-04-07,702.9595626780941,725.7816862623683,702.9595626780941,719.2335815429688,14923235,SBIN,-2.677702105103974,714.8549829101562,769.3846636962891
2025-04-08,731.8482821294997,745.3296978529378,730.0668328471972,740.1296997070312,12911288,SBIN,2.9053312721069258,715.3258679199218,769.02283203125
2025-04-09,738.5889950046072,739.5038171183404,713.5520799197053,714.7076416015625,11319387,SBIN,-3.4348112385615193,715.1910534667969,768.5697601318359
2025-04-11,730.8853451496299,731.5594277102952,718.3668873275676,725.9260864257812,9360327,SBIN,1.5696550828923295,715.2189782714844,768.1901135253906
2025-04-15,741.4778565892068,742.1519391227857,729.0556715859763,735.2186279296875,7859090,SBIN,1.280094720064362,715.3162365722657,767.8109484863281
2025-04-16,735.2186797710156,746.0519609071307,732.3298048013849,743.1630859375,12536694,SBIN,1.0805572255675022,715.4924584960937,767.4565802001953
2025-04-17,743.4038315336337,771.329623132695,738.7335071379982,767.9111328125,27034818,SBIN,3.33009636017918,715.9652709960938,767.2324517822266
2025-04-21,773.255458543513,793.8145932403959,771.7147488855273,786.447998046875,16398507,SBIN,2.4139336496507235,716.9417102050782,767.0771743774415
2025-04-22,790.7332527762891,804.5516812424216,783.8480772367818,791.9369506835938,25117557,SBIN,0.6979422225436904,718.1251867675782,766.9830453491211
2025-04-23,795.4035350043313,800.2183263784495,780.0924749249118,783.3184204101562,12104382,SBIN,-1.0882849027309627,718.7848132324219,766.921897277832
2025-04-24,782.6443782863423,788.6628678148439,781.1036684767707,783.2703247070312,12713521,SBIN,-0.006139993886500328,719.6967358398438,766.7940646362305
2025-04-25,784.811056973124,788.6628903815811,757.8482231139246,769.0667114257812,13131038,SBIN,-1.813373088858261,720.5903625488281,766.5983438110352
2025-04-28,769.066700695532,792.3221093100369,767.8630027721836,787.073974609375,11317611,SBIN,2.3414435855908966,722.133984375,766.3941967773437
2025-04-29,789.6257719721119,798.2923962986351,779.0332311285836,782.4517211914062,11283059,SBIN,-0.5872705193006533,723.5928649902344,766.1837902832032
2025-04-30,781.4407087956405,781.4407087956405,755.440833087098,759.4371337890625,25635764,SBIN,-2.9413428048059465,724.7012329101562,765.8339962768555
2025-05-02,761.0740226752047,773.6406747464794,759.7740525588761,767.1888427734375,14720184,SBIN,1.0207176656873873,725.9251513671875,765.5821826171875
2025-05-05,753.0333941109573,769.4036852872824,753.0333941109573,760.737060546875,23986447,SBIN,-0.8409640321721645,727.1259606933594,765.2610357666016
2025-05-06,764.5407210502615,769.5481157490566,742.5370895801225,745.4259643554688,18869468,SBIN,-2.012666003204766,728.1264721679687,764.848889465332
2025-05-07,736.9519304230361,753.4185516163304,736.2297117419523,747.3518676757812,15586266,SBIN,0.25836279019040287,729.0586145019531,764.3421322631835
2025-05-08,750.1445368852355,757.3667243392013,735.7001619773041,740.5149536132812,14491673,SBIN,-0.9148186226873856,729.8906115722656,763.8043203735351
2025-05-09,728.4779526212103,752.7445134918086,727.5149943229668,750.38525390625,13578216,SBIN,1.332896823326446,730.8911254882812,763.2539895629883
2025-05-12,769.4036424963954,774.1221614356956,763.6258929907904,771.9555053710938,15096824,SBIN,2.8745569495877366,732.2768212890625,762.8317324829102
2025-05-13,769.018476685771,777.7332963407931,767.6703703271746,772.0518188476562,13909596,SBIN,0.012476558025986684,733.8127404785156,762.4703823852539
2025-05-14,775.9036380329437,777.5888150314639,766.8036704860727,771.0407104492188,9281719,SBIN,-0.13096379980642725,735.4362878417969,762.1660873413086
2025-05-15,774.6518391145711,779.4666307570579,765.0703919911599,777.82958984375,17058854,SBIN,0.8804826129836796,737.3015380859375,761.9530328369141
2025-05-16,789.7644580739088,789.7644580739088,776.9946347468432,778.0751342773438,14733924,SBIN,0.03156789569334073,739.306513671875,761.7580581665039
2025-05-19,778.0750903727592,787.2104729702169,778.0750903727592,780.9237670898438,10666184,SBIN,0.3661128195731056,741.6592761230469,761.5101599121094
2025-05-20,784.0180560729261,785.2459236919375,769.9220998339915,771.7393798828125,11324667,SBIN,-1.176092673073248,743.7031652832031,761.1722848510742
2025-05-21,773.0654298291093,776.9946060925355,765.3052827270537,773.1636352539062,8206040,SBIN,0.18455134054582434,745.3759130859376,760.8357531738282
2025-05-22,774.0477442991881,774.2442151084329,766.4840678018166,771.346435546875,7355826,SBIN,-0.2350342959979601,746.7369104003906,760.4920611572265
2025-05-23,773.9495383488706,780.874699700136,772.2796264031289,776.5034790039062,5534158,SBIN,0.6685768183235297,748.1683081054688,760.2210983276367
2025-05-26,777.9769427872259,783.4286631605596,775.2265312430146,780.33447265625,4965466,SBIN,0.49336464754261566,749.6628430175781,760.0405499267578
2025-05-27,780.3344684569088,787.1613645883718,776.0614530866071,779.6468505859375,11995043,SBIN,-0.0881188893234297,751.2177734375,760.0308587646484
2025-05-28,780.4326591919574,784.7547771957036,778.6154390963333,782.4463500976562,6873519,SBIN,0.3590727660369275,752.8103991699219,760.102331237793
2025-05-29,784.8529869834019,786.2282227070898,777.3384131262393,783.232177734375,14034127,SBIN,0.1004321429348698,754.5497021484375,760.1250106811524
2025-05-30,783.8706869171444,800.0785394661832,778.5662748283969,797.91748046875,22037314,SBIN,1.8749616208126874,756.4902685546875,760.2240057373047
2025-06-02,798.4577080916993,807.9859725290632,794.8723707211232,799.2435913085938,26891575,SBIN,0.16619648927413966,758.5478735351562,760.2513909912109
2025-06-03,801.7484370268255,803.9094959854718,790.8940994751483,795.4617309570312,14247597,SBIN,-0.47317994072001435,760.5298413085937,760.3162002563477
2025-06-04,802.5342413659282,802.5342413659282,790.9922862422444,792.2201538085938,9607927,SBIN,-0.4075088746931299,762.0242407226563,760.4372640991211
2025-06-05,794.3812098308251,797.3280919793597,788.6347536685006,791.72900390625,13595507,SBIN,-0.06199664322884546,763.4231140136719,760.5296313476563
2025-06-06,792.3675287830383,801.9939985959651,788.88033690073,798.6541748046875,17163935,SBIN,0.8746895546670519,764.8901940917968,760.6128100585937
2025-06-09,802.9272300169949,809.9014942207324,801.2573180380161,805.5302734375,12793040,SBIN,0.8609607073667425,765.9632434082031,760.7226654052735
2025-06-10,806.4634476687678,807.4948444720902,800.1767415127031,802.5833740234375,6560513,SBIN,-0.3658334778017691,767.1304650878906,760.7860089111329
2025-06-11,802.5342598525855,806.0704945433416,798.6541862626485,800.6187744140625,7197825,SBIN,-0.24478448880971282,768.428837890625,760.862399597168
2025-06-12,801.5519752269744,802.0431222706184,787.0140347260071,791.679931640625,13448521,SBIN,-1.1164917759990622,769.3885827636718,760.8712258911132
2025-06-13,772.3287088939938,782.2007522600275,772.3287088939938,778.3206787109375,11377117,SBIN,-1.6874563059850023,770.0965490722656,760.8370892333984
2025-06-16,778.4680786132812,781.3167555010375,772.2305350251097,778.4680786132812,8085001,SBIN,0.018938196860940337,770.8036120605469,760.8051339721679
2025-06-17,779.9415184126576,784.7056208342702,776.5525917636725,778.2716064453125,7753156,SBIN,-0.025238307564101614,771.4248937988282,760.7681033325196
2025-06-18,778.4680756237817,781.4149579289822,774.3915311197982,777.8787231445312,5710169,SBIN,-0.0504815153896887,771.9757263183594,760.760404663086
2025-06-19,778.320667516001,779.2047561439027,767.8592718430074,771.1990356445312,11824333,SBIN,-0.8587055155587442,772.6192590332031,760.6947521972656
2025-06-20,773.5565989033221,785.2950253156704,772.181363190149,782.053466796875,11367669,SBIN,1.4074746791238102,773.8756567382812,760.6780755615234
2025-06-23,776.0123304607985,780.874698193188,774.5388893270122,776.2088012695312,5549253,SBIN,-0.74734858618839,774.5972387695313,760.6006387329102
2025-06-24,784.8529460243278,792.3675194893278,779.5976968381185,781.3167114257812,11402190,SBIN,0.658058778500803,775.9294201660156,760.5359823608399
2025-06-25,785.3440886452789,789.567941046098,782.0042649119035,785.8843383789062,6528324,SBIN,0.5846063301000903,777.1285852050781,760.5341268920898
2025-06-26,787.7998677833231,789.1259408358321,777.3875743106198,782.9375,24704402,SBIN,-0.37497100209235024,778.0829626464844,760.5067037963868
2025-06-27,790.7467068374075,795.1179273319369,788.4383398116579,791.1396484375,19375990,SBIN,1.047612157739275,779.0424938964844,760.6948275756836
2025-06-30,794.6759369772839,806.4634663267615,792.7604514670988,805.824951171875,19652607,SBIN,1.8562213085108858,779.8007702636719,760.947951965332
2025-07-01,805.4811416394373,810.2944065895595,798.8506566320394,805.7758178710938,11456405,SBIN,-0.006097267242688442,780.1873266601563,761.2085345458985
2025-07-02,806.4634551919074,809.4594402026391,794.6759260051804,798.5068969726562,6661200,SBIN,-0.9021021402258467,780.3187255859375,761.5004205322266
2025-07-03,799.0962152227779,800.0785092795976,791.5325389943724,792.8095092773438,7020403,SBIN,-0.7135051327562425,780.5085473632812,761.6716159057618
2025-07-04,794.4303152499558,799.4399909377498,789.8626239223718,797.4754028320312,4319538,SBIN,0.5885264366897625,780.7926489257812,761.851215209961
2025-07-07,796.8369801203829,798.2613185459272,790.8941128494637,792.56396484375,4461783,SBIN,-0.6158732884850804,781.2625939941406,762.0317755126953
2025-07-08,793.5953947208753,799.1453201848503,791.0904969053553,798.2612915039062,5935770,SBIN,0.7188475521063387,781.4863403320312,762.2535815429687
2025-07-09,795.6581782931005,798.0648106998194,794.675884245825,796.5913696289062,4099112,SBIN,-0.20919489555280002,781.7691333007813,762.4196124267578
2025-07-10,796.9351619351286,801.0608089938022,792.613104027281,793.693603515625,12178137,SBIN,-0.3637707140401458,782.4542626953125,762.584635925293
2025-07-11,793.2515938303184,798.1630643635436,790.3047115103832,794.3321533203125,6202372,SBIN,0.08045293572469525,782.99712890625,762.7925741577149
2025-07-14,795.4617558456557,801.0608442463658,793.6936384439774,794.528564453125,6938635,SBIN,0.024726574644051702,783.672958984375,762.9044766235352
2025-07-15,796.6405037947652,806.4634446553665,796.1493567517351,801.9940185546875,9297645,SBIN,0.9396080185865907,784.8043200683594,763.071039428711
2025-07-16,801.5519699633943,819.4297342255312,800.8643521159136,816.9739990234375,16458920,SBIN,1.8678419192883933,786.1967626953125,763.3372982788086
2025-07-17,823.5553655077234,827.5827471798666,811.7186740978348,814.32177734375,23073718,SBIN,-0.3246396681972463,787.6728991699218,763.548166809082
2025-07-18,817.2686571434967,817.9071722636787,805.7267019494631,808.7717895507812,15387801,SBIN,-0.6815472639172593,788.8406298828126,763.7274334716797
2025-07-21,808.4280466091758,812.7010019745913,803.4674733809013,809.6068115234375,8852594,SBIN,0.10324568480808427,789.5936560058594,763.9818933105469
2025-07-22,812.848378561757,813.3886283330482,799.5874080353719,800.5697021484375,7851163,SBIN,-1.1162343555379484,790.164013671875,764.1475936889649
2025-07-23,798.113968917551,810.5891161764496,797.1316748019602,806.1196899414062,15470390,SBIN,0.6932547881932871,790.8655932617188,764.3547662353516
2025-07-24,805.4811769361788,807.3966624575928,796.29675091266,801.25732421875,10118309,SBIN,-0.6031816097941567,791.3341479492187,764.5253491210938
2025-07-25,800.569684169264,804.6953313423805,791.2378903047143,792.269287109375,6734439,SBIN,-1.121741647496155,791.6180310058594,764.7761764526367
2025-07-28,792.269295178368,794.6268250025805,781.906104403612,783.0357666015625,7734158,SBIN,-1.1654522847277526,791.6602709960938,764.9288363647461
2025-07-29,782.1025562450097,785.8352617474154,779.057408633055,785.0494384765625,7833759,SBIN,0.2571621835027349,791.9264721679688,765.0147686767579
2025-07-30,784.8038487430033,789.1750692870572,782.1025400865564,787.4560546875,8743723,SBIN,0.30655600691946727,792.2123205566406,765.1141787719727
2025-07-31,781.0220116677076,789.5679822929258,778.5171737140591,782.4463500976562,11359112,SBIN,-0.6361884653781513,792.4343188476563,765.1757809448242
2025-08-01,781.6114403088707,786.8175871342196,777.9769400877676,779.9415283203125,15468391,SBIN,-0.32012696807022234,792.5030798339844,765.1988592529297
2025-08-04,780.4326243068729,783.0848302381428,772.62337460265,781.6113891601562,8820724,SBIN,0.2141007728412525,792.5286181640626,765.2326940917969
2025-08-05,783.8706809392065,789.8135481709712,782.2007690014489,786.4246215820312,7381537,SBIN,0.6158088902781689,792.6641735839844,765.2867434692383
2025-08-06,786.7684568691343,795.8546771264834,784.8529714185823,790.8941040039062,7409396,SBIN,0.5683294112643456,792.8331286621094,765.3361776733399
2025-08-07,786.915765008732,792.3675451267196,779.3521485418682,790.8941040039062,7091392,SBIN,0.0,792.9863671875,765.3405932617187
2025-08-08,790.7467609363763,793.4971724617818,776.0123492419096,790.0591430664062,15708181,SBIN,-0.10557177418228925,792.8292004394531,765.3718893432617
2025-08-11,793.6936009259229,810.392599955305,793.6936009259229,808.8700561523438,15236297,SBIN,2.380949989759995,793.0217297363281,765.6106283569336
2025-08-12,810.3435108131079,810.8837605645641,805.481143141057,806.0704956054688,7986728,SBIN,-0.34610757631355904,793.2339050292969,765.8565548706055
2025-08-13,808.0842230461906,810.3434873670307,806.1196349490305,807.29833984375,4447508,SBIN,0.15232467197041633,793.53546875,766.067453918457
2025-08-14,807.4457350525524,813.3394995419872,804.5970582342032,811.9151611328125,7087573,SBIN,0.5718853936892865,793.9391918945313,766.3669183349609
2025-08-18,821.1978592084581,823.1624473883827,810.5399923141568,812.9957275390625,6138124,SBIN,0.13308858584957228,794.2260229492188,766.6183413696289
2025-08-19,812.8483446933888,816.2863739458684,811.1784327798614,815.697021484375,5076681,SBIN,0.33226422400636224,794.4293579101562,766.6875494384766
2025-08-20,814.0271315534591,817.1704846600775,812.7501612160911,814.272705078125,4493888,SBIN,-0.17461341266860053,794.66314453125,766.7989877319336
2025-08-21,814.272717098252,818.4965697939625,809.4594519619582,811.0802612304688,4402511,SBIN,-0.3920607712559865,794.8723742675782,766.9052969360351
2025-08-22,809.4103255407733,811.3749137095616,801.2572966311966,801.7975463867188,5097647,SBIN,-1.1444878253685342,795.0747265625,766.9603778076172
2025-08-25,802.9763126407477,805.9722976123364,799.7838568610522,801.9940185546875,5672898,SBIN,0.024503962235122856,795.548193359375,766.9747930908203
2025-08-26,800.4223233479629,801.404617447895,792.4657651203016,793.5462646484375,6997817,SBIN,-1.0533437545424684,795.8497570800781,766.8538034057617
2025-08-28,792.9568789424643,796.6404816628535,786.4737621363677,787.750732421875,7898436,SBIN,-0.7303332502144766,796.0393395996093,766.6768734741211
2025-08-29,786.5228982350536,792.4166628378574,784.3618392231308,788.291015625,6861440,SBIN,0.06858555389266385,796.2475854492187,766.4795339965821
2025-09-01,788.8803576581267,793.9882989038185,788.4383732823478,791.7781372070312,5619805,SBIN,0.4423647501889283,796.6591674804688,766.3788333129883
2025-09-02,792.0237296591938,796.1493769160325,788.4383921269514,789.666259765625,5075460,SBIN,-0.26672590996965617,796.8114233398437,766.2459063720703
2025-09-03,790.0590972888992,798.8997437933355,788.7821270069304,797.7701416015625,4261589,SBIN,1.0262413691503935,797.2426501464844,766.2543692016602
2025-09-04,800.2258915459101,802.2886851199853,793.6936119705517,795.06884765625,4471950,SBIN,-0.3386055461902293,797.5176928710938,766.3362319946289
2025-09-05,797.1316242177459,798.1139182710025,789.4206398814698,792.318359375,5194842,SBIN,-0.34594340972584625,797.6463732910156,766.4255276489258
2025-09-08,793.6936078879036,799.4400042107487,792.5148430140074,794.4794311523438,4614227,SBIN,0.272752959940048,797.8772119140625,766.4772399902344
2025-09-09,797.6228148719179,797.966593827573,791.3361086054234,794.528564453125,4567272,SBIN,0.006184338933734601,797.944990234375,766.5836050415039
2025-09-10,797.622777526262,809.9996587129843,796.0511310104619,803.7130126953125,7285853,SBIN,1.1559619947093092,797.9027514648437,766.843021850586
2025-09-11,804.5970423736838,811.0802191569468,804.4988369492515,809.0665283203125,7425055,SBIN,0.6660979156037916,797.9685656738282,766.9592440795899
2025-09-12,809.5085114612542,811.1784233553801,805.2846589910332,808.96826171875,5078018,SBIN,-0.012145676297659058,798.17779296875,766.9382348632812
2025-09-15,808.9682688172991,813.1430186120108,806.561636356512,810.1470336914062,3852494,SBIN,0.1457130061137235,798.5245434570312,766.9474340820312
2025-09-16,810.4908511172532,818.2509986153229,807.1019843806856,816.82666015625,9467531,SBIN,0.8244955776000706,798.9115686035157,767.0155499267578
2025-09-17,819.5279331306582,842.9556827448961,816.2863746805828,841.973388671875,17243938,SBIN,3.0785881193954534,799.8997570800781,767.1865292358399
2025-09-18,843.4468127830675,845.5587090248177,836.0304447176452,839.222900390625,10400847,SBIN,-0.32667164048837405,800.7189892578125,767.343274230957
2025-09-19,836.9145788068039,849.1441524246292,834.262372728141,847.081298828125,15206426,SBIN,0.9363898952045036,801.7287878417969,767.5515887451172
2025-09-22,846.7374795324375,852.8277146939828,838.8791270541783,840.1069946289062,6594034,SBIN,-0.8233335110652495,802.6570556640625,767.6405325317382
2025-09-23,839.4684757773939,858.7705779481222,836.1287119616596,855.1851806640625,14357863,SBIN,1.7947935360086653,803.8741162109375,767.7771823120117
2025-09-24,860.4896293435494,864.9099527819579,849.1441445091953,850.8631591796875,12840160,SBIN,-0.5053901286056983,805.0008081054688,767.8645367431641
2025-09-25,851.2069400560208,854.7432347874252,844.7238229801568,845.902587890625,8678821,SBIN,-0.5830045919305027,805.8789794921875,767.935754699707
2025-09-26,846.7374895737396,849.0458566598143,837.8968429308584,841.7769165039062,6959545,SBIN,-0.4877241712910041,806.3750378417968,768.0133074951171
2025-09-29,842.8574336077328,858.0338893192718,840.8437427101278,855.3325805664062,22641712,SBIN,1.6103630067215269,807.19525390625,768.1131387329101
2025-09-30,854.5467671830805,862.0612811008727,852.2383400675699,857.0025024414062,12831593,SBIN,0.19523655627546876,808.1598681640625,768.2497271728515
2025-10-01,856.8551164386336,860.9316608640574,847.5233226519999,848.80029296875,10832384,SBIN,-0.9570811577900851,808.9437377929687,768.3833410644531
2025-10-03,849.8317681995126,857.5427529354124,848.5056351862063,851.9436645507812,8019442,SBIN,0.37033111417021924,809.9712170410156,768.494875793457
2025-10-06,852.6312903204407,859.8020253564342,847.5233489405293,858.5741577148438,7820352,SBIN,0.7782783580600583,811.0203063964843,768.6424517822265
2025-10-07,858.67240059065,861.4719147583033,847.7197975329713,849.3897094726562,9242580,SBIN,-1.0697326677793995,811.9829541015625,768.7941793823243
2025-10-08,851.4524964349083,852.434790514772,842.0715999631051,843.0538940429688,7156112,SBIN,-0.7459256168315331,812.9986462402344,768.9739312744141
2025-10-09,846.3445463246103,850.4701934075276,842.906517081258,846.835693359375,7020501,SBIN,0.44858334006028233,814.2746447753906,769.1983514404296
2025-10-10,846.8357087276893,868.1023997007326,846.0498854486992,865.0573120117188,13713015,SBIN,2.1517301166249947,815.8748022460937,769.6140274047851
2025-10-13,863.4365156616575,872.3753680081057,860.4896333556451,867.3165893554688,11923143,SBIN,0.26117082791843327,817.4720129394532,769.9969439697265
2025-10-14,867.3656576175208,868.4953197717444,856.6586283491738,861.4227905273438,7681973,SBIN,-0.6795441134712865,819.0515417480469,770.3942065429687
2025-10-15,862.552413904726,871.7860023052981,861.5210171041608,870.4107666015625,8269225,SBIN,1.0433873091187262,820.8609265136719,770.8344830322266
2025-10-16,872.5718005367993,876.0589324550273,866.8254042739779,871.2457275390625,8493686,SBIN,0.09592722993996272,822.65361328125,771.3405633544921
2025-10-17,871.7859901135612,878.9076221454748,867.3656667834078,873.4067993164062,8511854,SBIN,0.2480438880828606,824.3932568359374,771.9120971679688
2025-10-20,878.7602670499772,897.4730173879747,875.273135028841,891.431884765625,13546463,SBIN,2.0637674750559,826.4040124511719,772.5417379760743
2025-10-21,891.9230028558147,893.8875909678319,890.3513563479894,891.775634765625,1783576,SBIN,0.038561555389104996,828.4216430664062,773.1815234375
2025-10-23,895.8522005767054,901.7459650541837,888.7796712128369,895.41015625,13382769,SBIN,0.4075600793163936,830.5286633300781,773.8009631347657
2025-10-24,894.8207940870866,897.9149844315482,884.9978533977383,888.4849853515625,5313227,SBIN,-0.7734076780455901,832.1209619140625,774.4233322143555
2025-10-27,890.8916307113675,911.5689091709564,889.9584393414725,906.411865234375,9150761,SBIN,2.0176908083279654,834.1277893066406,775.2171875
2025-10-28,910.6848024520077,919.2798755091706,901.4512742261386,913.779052734375,22066289,SBIN,0.8127858628698581,836.2574035644532,776.0365640258789
2025-10-29,917.3644435934705,925.3701041834124,913.7790463044942,923.11083984375,12314222,SBIN,1.0212301410774005,838.4813171386719,776.9391915893555
2025-10-30,922.8161933430813,928.1697081157838,916.5294871954993,917.8064575195312,13044473,SBIN,-0.574620305088891,840.5775317382812,777.8668157958984
2025-10-31,918.3467523280527,929.9378103922294,913.7790609093079,920.4095458984375,12078252,SBIN,0.28362062149152045,842.6717822265625,778.8902697753906
2025-11-03,922.1285723673408,936.5192046955284,920.9007047609928,932.8847045898438,11744735,SBIN,1.3553921454855011,845.0440222167969,780.0423028564453
2025-11-04,934.1616585246089,942.314687296863,924.8298648800413,940.644775390625,19154518,SBIN,0.8318359988754631,847.6353125,781.1433404541016
2025-11-06,952.4814547462262,954.2004693430785,938.3854990793552,943.739013671875,23088096,SBIN,0.3289486490758442,850.4741418457031,782.2331271362305
2025-11-07,941.7744580906816,947.7664280534589,927.2856202739019,938.92578125,13371323,SBIN,-0.5100173196345703,853.2127770996094,783.2381814575195
2025-11-10,939.0731232147145,946.1456524515773,932.2952702055394,934.3090209960938,7343249,SBIN,-0.4917066232604572,856.0280322265625,784.2307446289062
2025-11-11,936.7156357136287,938.041768729716,928.3170330963064,936.4209594726562,8648917,SBIN,0.22604282192533187,859.0014367675781,785.1609231567382
2025-11-12,940.7430695871906,944.5248778824666,934.5546287610688,940.2028198242188,7043323,SBIN,0.4038632746635962,862.0396728515625,786.207269897461
2025-11-13,937.3541550706268,946.8824199346525,935.586037662384,937.1085815429688,8894441,SBIN,-0.3291032760174506,864.9462817382813,787.2651080322265
2025-11-14,936.0771717973782,951.8920827784771,935.1439804142634,950.7133178710938,11032927,SBIN,1.4517780112230483,868.1672229003906,788.4273214721679
2025-11-17,953.8075386869531,958.7190090200476,951.3518035204058,956.1159057617188,7415026,SBIN,0.5682667728609259,871.3341381835937,789.6249737548828
2025-11-18,958.3260628811324,959.4066223219879,951.6955779628004,955.2318725585938,6594686,SBIN,-0.09246088238860084,874.5373986816406,790.7938912963867
2025-11-19,955.2318704792619,967.0193991973044,951.6464731790688,965.3494873046875,8291226,SBIN,1.0591789320213651,877.9980212402344,791.9979895019532
2025-11-20,968.5419358569656,969.131288306733,962.0096564254319,964.1707153320312,6440857,SBIN,-0.12210831291239455,881.3918469238281,793.1670645141602
2025-11-21,962.3535354628224,963.2375641743527,953.8566675716402,955.3792114257812,5377241,SBIN,-0.911820258222884,884.6088598632813,794.2722006225586
2025-11-24,958.2769795122267,960.3889357698928,950.9097738987026,953.4146118164062,9901946,SBIN,-0.20563558280100036,887.6028918457031,795.3179211425781
2025-11-25,958.276992765206,971.4397576251993,954.1513455736803,966.1844482421875,9140201,SBIN,1.3393791397273258,890.7452502441406,796.4607131958007
2025-11-26,969.1313331127609,981.3118039098479,964.760172340205,966.4791870117188,13943490,SBIN,0.030505435071681575,893.89546875,797.6292935180664
2025-11-27,969.2295646138847,971.0467846498851,951.7447422714566,955.624755859375,11909168,SBIN,-1.1230900052700443,896.8050231933594,798.6557318115234
2025-11-28,959.5048346119848,965.5950698307025,955.8212318532206,961.6658935546875,8117842,SBIN,0.6321663035905534,899.7018078613281,799.7756903076172
2025-12-01,968.0017293926574,973.6499204475664,952.6779055144807,955.870361328125,8808306,SBIN,-0.6026554820552033,901.9797473144531,800.933115234375
2025-12-02,958.7190050026365,963.0902255716678,947.8155648906452,950.1730346679688,13444314,SBIN,-0.5960354971400239,904.19875,802.134515991211
2025-12-03,953.2672831530164,955.3300766986022,930.7727251822406,934.2107543945312,14051968,SBIN,-1.6799340426468135,905.9413391113281,803.2580313110352
2025-12-04,934.2107677926339,935.6842089047472,927.7276508811245,931.31298828125,13622724,SBIN,-0.31018333921443153,907.765458984375,804.3945025634765
2025-12-05,932.049720989894,956.0668234213827,929.9378246743456,954.2987060546875,17347847,SBIN,2.468098057545398,909.7477294921875,805.6360314941406
2025-12-08,953.6601656790195,955.2809748623741,934.8492703729215,939.466064453125,15386438,SBIN,-1.5542975702947714,911.5197875976562,806.8298788452148
2025-12-09,937.8944043562335,946.9315221602762,933.6214489589805,942.3638305664062,9580294,SBIN,0.30844819445055016,913.4490124511718,808.0646960449219
2025-12-10,943.1005538600858,946.8824221676225,938.3364513940754,942.7567749023438,6989178,SBIN,0.04169773108770869,915.4686096191406,809.2747561645508
2025-12-11,945.0651010209991,949.3872189119578,941.479763637212,946.1947631835938,5979035,SBIN,0.36467394059365166,917.2858532714844,810.5111544799805
2025-12-12,948.8960717352387,949.8783658053579,941.0377191742843,946.0965576171875,5681930,SBIN,-0.010379001261417997,919.067734375,811.739839477539
2025-12-15,940.3010214625418,951.6956089709226,940.3010214625418,950.1239624023438,4416952,SBIN,0.4256864431786411,921.0942077636719,812.9771057128906
2025-12-16,948.9451629202439,951.8429423827886,941.0868104547513,944.1319580078125,4764786,SBIN,-0.6306550125712795,922.9379736328125,814.2214862060547
2025-12-17,948.4540382267455,961.1747585707222,947.2261706250966,958.5716552734375,8013382,SBIN,1.5294151567640801,924.9379235839843,815.565027770996
2025-12-18,960.5854160531443,964.072548087051,956.2632980687841,960.2415771484375,4926879,SBIN,0.17420939434347193,927.1549609375,816.9434002685547
2025-12-19,962.5990921488027,964.6127830145067,959.7504153454842,962.94287109375,5376584,SBIN,0.2813139953108834,929.5527404785156,818.368982849121
2025-12-22,963.7287212154426,965.595103994373,955.3301186192043,957.0491333007812,5959037,SBIN,-0.6120547718759695,931.7570092773437,819.8378002929687
2025-12-23,959.0137084154704,960.2415760284049,953.5128854913131,954.691650390625,5123287,SBIN,-0.24632830521725824,933.5496960449219,821.2635339355469
2025-12-24,955.9686342202896,959.9960160658125,950.3695458353262,951.7938842773438,4105643,SBIN,-0.3035290098217125,935.2392419433594,822.5748721313477
2025-12-26,951.7938380949545,953.8075289200087,947.6681910665071,949.1907348632812,3286321,SBIN,-0.2734992793149704,936.9946008300781,823.804342956543
2025-12-29,949.7801706470483,951.7447588085237,944.4266559161334,947.962890625,5267233,SBIN,-0.12935695568689898,938.5456433105469,825.0194894409179
2025-12-30,945.9491873630989,958.915481049936,942.5111581255383,956.2141723632812,15030644,SBIN,0.8704224416254513,940.2450122070312,826.2725216674804
2025-12-31,957.9823092348453,968.1981917309051,956.2632945810017,964.8092651367188,5807630,SBIN,0.8988669088845214,942.0730615234374,827.5870663452148
