TCS.NS,TCS.NS,TCS.NS,TCS.NS,TCS.NS,ICICIBANK.NS,ICICIBANK.NS,ICICIBANK.NS,ICICIBANK.NS,ICICIBANK.NS,INFY.NS,INFY.NS,INFY.NS,INFY.NS,INFY.NS,HDFCBANK.NS,HDFCBANK.NS,HDFCBANK.NS,HDFCBANK.NS,HDFCBANK.NS,RELIANCE.NS,RELIANCE.NS,RELIANCE.NS,RELIANCE.NS,RELIANCE.NS,LT.NS,LT.NS,LT.NS,LT.NS,LT.NS,ITC.NS,ITC.NS,ITC.NS,ITC.NS,ITC.NS,SBIN.NS,SBIN.NS,SBIN.NS,SBIN.NS,SBIN.NS
Open,High,Low,Close,Volume,Open,High,Low,Close,Volume,Open,High,Low,Close,Volume,Open,High,Low,Close,Volume,Open,High,Low,Close,Volume,Open,High,Low,Close,Volume,Open,High,Low,Close,Volume,Open,High,Low,Close,Volume
2877.3842299429016,2882.546136946802,2854.6192334296225,2877.78125,709547,865.108226635378,877.6881001770557,865.108226635378,873.28515625,4315403,1359.1202737002234,1370.341544123772,1350.1881862761663,1368.0972900390625,3801140,770.1225318929031,776.1576039774972,766.1228405647803,770.9271850585938,4381378,1158.7090222381169,1171.8865462707408,1157.8911210447166,1170.4779052734375,5316175,2014.5654530114318,2019.0897262881256,1997.3836956834186,2011.24462890625,807344,273.31073020002987,275.8711930957798,272.27827830640354,274.9213562011719,6181118,571.3026768929869,575.2510244474183,567.8188408155474,568.7478637695312,6726084
2869.4429764459805,2929.443629089992,2863.531190519576,2921.811279296875,1245178,869.4627704497066,876.6720172537239,867.7693259886192,872.2206420898438,5846855,1364.3717941574034,1375.862418801588,1360.107711434535,1366.795654296875,4551130,767.8504260872918,777.6958994173672,767.8504260872918,775.9682006835938,8378030,1165.5476587645308,1169.160125804233,1157.7093889350726,1161.9124755859375,7658932,2009.849031928258,2018.3197070327258,1990.549428850039,2010.763427734375,1260225,273.80621144888335,275.3342481936164,272.7737598488454,273.475830078125,6228015,570.8845802218594,572.8355056585625,566.7039771120167,568.9336547851562,6818062
2917.708161297688,2935.9290769595705,2899.6197292688294,2924.722900390625,1231668,869.9466513618287,878.5590500671148,865.8823726575065,870.0433959960938,12454582,1365.4042617792377,1365.4042617792377,1338.5629595029297,1341.884521484375,7059590,773.9092723546631,778.9976666530196,760.6557802287117,762.0994873046875,10351600,1161.8896870062515,1163.7300547153022,1142.3506838068283,1144.418212890625,9264891,2012.6887317958124,2022.7957320480239,1980.9720494334788,1993.0523681640625,1015547,274.0953268419764,274.6321933273518,269.263449942248,270.08941650390625,6947412,568.4225967132537,571.302601512438,561.1297901679545,562.24462890625,7011191
2938.4438163122472,2944.708676788832,2895.8698218927307,2921.5908203125,1826057,871.7851926344346,873.8173022704675,843.8191446066974,850.7380981445312,16547196,1351.8489350836053,1351.8489350836053,1318.948147732721,1324.2894287109375,9868404,764.4424266422033,765.8861335942461,752.3249607233827,757.2003173828125,10941436,1146.6674842652508,1152.5292093307505,1137.8067482537933,1142.3734130859375,13637099,2002.1485169336402,2020.6298408586247,1991.0789458063628,2009.2235107421875,1881403,271.45223693585825,275.7885284616498,271.08054807381785,275.4168395996094,8486143,563.9168383606225,568.1903205500095,559.225284571544,562.1516723632812,8241475
2911.7963885995287,2913.1640936237372,2823.560134399543,2833.75146484375,2488376,850.5445554510902,850.5445554510902,832.6908012981177,841.9805297851562,14804613,1319.6216334381472,1324.1101423954199,1298.525641338966,1300.321044921875,6443714,758.2890762614053,761.649771597572,747.0235849749788,754.6917114257812,9092462,1148.0988183662998,1157.7774553339088,1144.3046224842542,1152.75634765625,6349597,2011.9666606926087,2042.2876593015144,1994.303616790358,2008.453369140625,1877917,276.44927275918127,278.8032758845486,275.12774735183467,276.7383728027344,8603181,564.2885438654469,564.3349836708002,554.6266828234792,558.0176391601562,7972036
2849.148585709542,2935.6201129314486,2842.221953738348,2929.3994140625,2885060,845.9964872549142,850.35105882214,834.4326687249722,845.1255493164062,16811853,1300.051455589557,1336.9918995481128,1300.051455589557,1332.5931396484375,11498717,755.4489881345364,762.8094321524873,752.6089543445569,756.1589965820312,10729340,1156.57338165,1182.3376907366148,1155.6873320113693,1179.9747314453125,10722753,2029.1004170884403,2047.678091247347,2022.1217747621163,2042.28759765625,1844365,278.30772271006634,281.9006628614671,277.64695993055625,279.2162780761719,11027747,562.0588266606619,565.7749180766002,557.5065919949155,564.5671997070312,8878905
2898.5611652366442,2910.031879132558,2850.119544259817,2899.79638671875,3864655,847.1093541990182,850.0124019391619,828.9168744439911,833.5133666992188,13470142,1330.3939407278556,1332.0995959017448,1305.3032216437111,1319.3970947265625,7158624,757.3424088115413,757.3424088115413,740.7755436187888,742.3375854492188,16371766,1184.155127696438,1184.155127696438,1156.891435377878,1162.52587890625,8047142,2052.1058306610507,2052.1058306610507,2018.7046507814632,2027.8009033203125,1425414,279.09242114332676,279.50541757160306,274.67353998290116,275.3756103515625,7217255,565.2640136601837,565.7749649315789,548.6809203213877,552.9080200195312,10622660
2903.0608113950348,2955.4730552710416,2886.3398704670703,2937.119873046875,2720512,835.0132596375089,842.7062883246897,827.2233681992996,838.3033447265625,15558460,1319.6214032298747,1341.166242466281,1314.2351934207732,1320.7435302734375,6173092,742.1718091980973,756.3956682495882,738.4087875277582,753.0349731445312,15195798,1159.8449086559888,1162.344044167369,1145.5767715508584,1147.87158203125,11509553,2027.27164865881,2059.902723976771,2018.6085063617113,2045.8011474609375,1455621,276.779739173355,276.779739173355,273.6410763974821,274.0540466308594,4760847,554.1157057067913,556.9492141378572,550.2137982871492,554.3479614257812,7419630
2937.3849869866353,2955.914600902742,2925.5172535387624,2942.105712890625,2250391,837.5292352113945,841.2547893512822,827.3201962654273,832.8359985351562,16659001,1330.3488381302957,1333.0868718348268,1306.1558239189717,1329.136962890625,6591385,751.5676897826115,759.1884361515325,749.8399908708047,757.0584106445312,9250070,1147.280880250268,1150.7569299071174,1120.0852177263125,1123.084228515625,17688773,2038.8225695435297,2083.6300800619115,2038.8225695435297,2078.91357421875,2726901,275.3755672187192,275.5407448224612,270.9979680628125,272.4433898925781,6894087,555.4627887853612,555.4627887853612,548.2163651395716,552.6757202148438,8183715
2949.6495136518442,2981.502886054615,2916.208061086269,2977.576416015625,1742837,836.755068178072,846.6254414742714,830.5618765632579,845.2222900390625,11223103,1331.7403914839063,1363.9679024832087,1317.8260159746374,1349.8291015625,11610426,756.750729788885,762.0284712196939,750.7156575106625,757.6500854492188,9244546,1117.0862332620186,1123.6749947373953,1106.2716693328798,1121.2667236328125,20618583,2080.982881764188,2083.8226552136975,2037.9559899531828,2072.801025390625,2180210,272.4434064814698,274.4257210868893,269.5938439608081,271.53485107421875,14967746,555.4628476926819,560.1079624694962,551.5145001323897,557.5066528320312,7877610
2993.323916583658,3025.8110015993384,2976.2231200624447,3008.710205078125,1843607,848.8995444918602,849.0930928206624,833.2230748614112,837.287353515625,8319812,1355.5294722785563,1371.6881017494266,1348.6172135046606,1369.44384765625,6073063,764.4425457184223,767.4246047675382,748.0177042260798,750.3843994140625,14748094,1123.584175159578,1126.7421991055548,1102.8182596793808,1110.5885009765625,13623855,2066.6407661163144,2080.116765522755,2052.4910137401075,2057.20751953125,1009649,272.8564097297577,274.38442049284765,270.5437136614806,272.7325134277344,8571826,560.2008056640625,563.0807539572319,557.9711280349228,560.2008056640625,5483191
3005.0549468178974,3051.800290054043,2996.9331766913624,3048.73193359375,1688475,838.9324296350084,839.9001122208812,830.3684033124389,837.1906127929688,12624859,1370.7902057346644,1384.435224853231,1368.0971012047337,1382.011474609375,5922644,752.5143515673539,762.5491150718101,746.6922588614403,761.5551147460938,10786354,1116.9046027544262,1128.2644751675343,1113.5421334042796,1126.3560791015625,10751000,2059.8064316719865,2134.7908842536053,2056.437431793555,2130.266845703125,4645453,272.7325057046308,275.45817191772255,271.82395030026686,274.42572021484375,14240647,560.2007424065299,562.9878107767116,544.4537947743928,550.8640747070312,13461999
3050.1762493662427,3076.3012356043387,3043.1825020489086,3059.200439453125,2421189,836.5131783943544,843.8191697140958,830.9006315092457,841.3999633789062,11313898,1386.7246995181722,1393.0983596644714,1382.1015138518171,1387.3082275390625,5843098,759.7091126719464,777.0333089188046,757.200392801334,774.9979858398438,19090642,1123.947732620178,1131.9450149571076,1117.9724269094495,1124.492919921875,13448286,2137.8709722452018,2189.657357970111,2117.656973858372,2181.66796875,4090049,275.87115782063177,277.97736883807625,274.54963213079003,276.4080505371094,13039078,553.6047441160317,554.7660226892714,545.8938090272761,549.4705810546875,11538075
3050.176310188505,3056.4932433752856,3033.030348681528,3043.94970703125,1585044,839.9484532522791,842.416031941814,834.1423579533002,838.1582641601562,6694679,1382.3708462159693,1391.0336893900567,1370.0274480510775,1381.47314453125,6165284,774.855979303361,781.0093865916589,772.9626232146538,778.2166748046875,11172162,1123.674992689111,1127.4237562572607,1116.2910462380278,1123.288818359375,11940054,2175.2669259020613,2198.32046238007,2157.122362232024,2188.02099609375,2176835,275.8711504141537,277.2340097387525,273.9301432486104,274.3431396484375,8667564,549.0524687135959,549.7492358058721,545.8473287485155,547.9840698242188,7475688
3036.6398008661617,3063.3964349074176,3028.157150767711,3034.92529296875,1529349,845.2706967636465,848.1737443770304,837.5776087756478,842.2224731445312,8127162,1380.6652340912512,1386.9491460799632,1368.0974101138277,1369.4888916015625,6496429,778.2166322807672,790.002784845069,777.8853180956044,786.1923828125,18843404,1124.6291897175156,1124.6291897175156,1107.4758620574123,1109.9295654296875,14930286,2197.0211204027964,2211.6521591848536,2154.667977347857,2165.737548828125,1962410,274.21923750517345,276.8623149347169,271.9478489744216,276.3667297363281,13608325,551.6537723185195,554.2550250301911,548.8667036910736,550.1673583984375,6750607
3057.395670541336,3085.3706604429835,3028.1573821258276,3081.670654296875,1067916,853.4959878330195,854.7539633041429,836.6582882575105,843.5288696289062,16882379,1377.9719689342094,1394.3999522014951,1371.7778059195255,1389.64208984375,4855020,788.7011815871622,796.4402633957444,786.4054987812821,791.9435424804688,15444400,1112.8150268033937,1120.6305800710875,1101.9094778576764,1104.3177490234375,10954118,2170.5986063598334,2188.213710786727,2143.646605926097,2149.9033203125,1466706,277.5230839015149,279.29891345037254,275.0864915248994,278.968505859375,7399204,556.0201811934469,559.0395054856419,550.8641156658481,557.831787109375,6604469
3090.78528655422,3115.1054362054274,3083.8367038420397,3100.982666015625,1387863,850.5929389316187,853.2056935599804,839.9484311634187,842.6095581054688,11504090,1400.414672506807,1408.3144914155778,1391.2132299470666,1393.143310546875,5200802,792.8664450305238,805.8122539809278,792.8427549703604,802.5462036132812,24983940,1108.7253859560433,1110.3839043654414,1084.8014472016187,1097.7972412109375,16488755,2160.684075597296,2167.9997125804357,2117.6571790062285,2124.87646484375,1036962,279.00979290572695,281.4463851037806,278.84461529945156,279.95965576171875,12776694,560.6653160406374,561.6872185419243,550.9570154661823,552.1647338867188,7609623
3091.055568934269,3099.8089883897333,3072.7364208055433,3095.0712890625,874110,845.077098119616,848.4639868002098,820.5947431838545,827.6588134765625,14918485,1388.7446156153799,1396.8239314140474,1381.3385761332681,1385.15380859375,4158617,800.6056037705797,801.3392445591735,778.7846872191718,780.370361328125,14704142,1096.2068953996695,1097.2292417944516,1081.4617181061994,1082.620361328125,12385018,2118.6196296386524,2122.4699151991044,2074.3413456934554,2093.303955078125,2134447,279.91838889505897,281.652911075375,276.90362228328684,280.2074890136719,12978859,553.5582645072653,553.5582645072653,527.1276087360154,528.3353271484375,25686294
3091.6878990980385,3109.736281462884,3052.2522276942846,3078.19677734375,1785879,812.030804097546,815.7563581461058,786.8226273934423,790.7901611328125,39718683,1387.8467984858346,1392.2903779726057,1353.1955355242728,1363.7435302734375,6209955,772.4892972035035,774.8559923542496,752.5853678734721,764.8212280273438,35179948,1083.4611595770739,1084.8015319770323,1050.403768536496,1062.081787109375,25830975,2093.303808767432,2112.844053621524,2047.4855548021733,2079.009765625,1647900,282.3136705252089,288.1367185517315,282.0658779057245,285.78271484375,21850457,527.6850280804667,528.1959793550734,494.4724580912472,501.6259460449219,40163464
3086.272889450756,3120.9708549193124,3055.1845998762938,3098.5908203125,1953798,774.1460562765634,799.5477237481382,770.2753259951805,796.8865966796875,36301441,1372.4062845546568,1386.0513053859913,1364.5064664421677,1381.38330078125,6964719,754.9757076943356,769.3179025577755,748.8223006723755,764.0401611328125,18512822,1059.5144571522903,1077.781116815708,1045.564464693845,1072.26025390625,21772103,2049.6993216744104,2091.908169022645,2005.8062094804284,2033.81689453125,3441304,286.52605636311534,290.5319667310704,282.3549422107496,284.7915344238281,14634225,497.95626040713466,515.0038074618653,487.92282470969167,500.0001220703125,40797825
3112.4428172521584,3112.4428172521584,3024.005764167,3030.954345703125,2820375,799.3057254481892,811.2082080945121,787.7902803548072,805.0150756835938,27291226,1390.4500549143277,1390.4500549143277,1358.2225449839548,1376.849853515625,9448126,766.6671531399184,768.0871701361255,754.975702983403,758.9990844726562,18596244,1082.3705756526113,1084.9379802131518,1063.7403362487162,1069.579345703125,22691594,2040.603322747009,2052.9242844544106,1995.0736456188238,2044.88671875,4516463,285.7826797040602,293.2163264889536,281.694180516648,291.02752685546875,17794183,506.3174777560764,517.4657524956598,499.67494137585163,514.2141723632812,21911943
3034.83473656795,3085.3701945661082,3027.615385425356,3075.759521484375,2205161,816.191876185139,846.915797809219,796.5479318096759,820.5464477539062,39237711,1384.4353606189748,1395.9709138195835,1371.7329706732953,1392.4249267578125,6194199,768.7024970580272,788.1093950748863,760.18239548965,770.3828735351562,17302790,1081.4391134749721,1081.4391134749721,1047.382090519888,1063.2406005859375,19347800,2053.164799099881,2133.0100498420975,2002.4373332487905,2065.2451171875,6868872,291.5644403392269,302.05413539091774,271.8239609151385,298.50250244140625,67003785,521.5534386941342,524.8978981961093,463.9075551645127,489.920166015625,38218810
3092.5897637316407,3130.491359902265,3086.363161059032,3122.73046875,1813847,801.6282311010465,832.7875613023073,799.402514032967,830.1748657226562,16798190,1393.2329580209157,1424.607586792744,1393.2329580209157,1421.7349853515625,6916834,761.1764609144216,768.9392323415261,752.0173625008308,758.9281005859375,17497106,1053.2891691648742,1066.9210156997124,1050.1084290116537,1057.3560791015625,13662663,2055.6676583883864,2085.8441319884814,2028.9563009657668,2064.619384765625,3488506,298.66772105292637,317.7474385902798,297.6765767540571,312.7090759277344,57892084,483.2776668207723,494.8440118998063,466.8339520930055,490.6169128417969,39287056
3162.076591434319,3162.076591434319,3115.9628863490348,3142.494140625,1804469,836.7066597640203,844.4481194171882,824.5621976829931,835.8840942382812,14914366,1434.0782806205177,1440.4968688634683,1412.0845918097493,1435.783935546875,7040194,762.5491759812612,785.9794579248195,760.65581986461,785.1748046875,14411100,1067.3753725425988,1067.3753725425988,1041.929212987467,1058.2874755859375,24699575,2095.469877625793,2100.186618747211,2051.2879419338315,2085.459228515625,2045634,315.4347038656046,315.7237777677234,307.257679322767,314.4022521972656,23153980,497.95628057015045,507.2000698803014,482.30226719240557,505.57427978515625,32317232
3134.236594271582,3134.236594271582,3101.4789594399563,3122.32470703125,1138714,833.6585076979579,839.7548958836825,822.1914932310632,826.110595703125,8463833,1434.5272821728975,1434.5272821728975,1401.8509191605494,1409.2569580078125,4570612,785.7427543408033,790.1921525781385,779.2106529093284,781.8377075195312,11167672,1051.9259524136774,1054.6523697762398,1047.7455820077842,1050.3128662109375,14837879,2083.2450088525175,2099.945715492456,2062.1166150794484,2075.400146484375,1332484,315.9302934201292,320.6382741400663,313.5349824805341,316.67364501953125,26783409,519.1379591275065,519.1379591275065,498.46720063982644,506.6890869140625,25338586
3130.4011068970385,3152.149492409252,3123.632964557196,3133.695068359375,1455647,827.3685698899242,828.3362524278072,819.8206579069681,825.1912841796875,9337066,1408.494023406654,1414.822864476851,1396.0159473630506,1402.5692138671875,4336238,785.4586505805794,788.06201475717,772.773143844212,782.9972534179688,10264588,1050.5629876609778,1057.5606408068884,1041.9294117901225,1047.7911376953125,15135435,2081.3199696608517,2090.705040630533,2069.576645807037,2084.255859375,1089248,317.08657905374054,317.08657905374054,304.32549760645486,308.29010009765625,21438758,509.10457595234817,512.2632766595542,502.64785511744986,508.2684326171875,16195947
3138.658461421749,3194.4729446376878,3138.658461421749,3176.605224609375,1986946,824.9493177646199,832.8843259474374,824.3687318991716,831.3359985351562,8082983,1405.3518929839772,1439.0157038986365,1405.3518929839772,1427.79443359375,7983338,783.0210447115362,789.6241006826871,781.0093539513584,782.9027099609375,8444826,1051.0170660088015,1072.3282868457381,1048.2907691504893,1068.7158203125,21160332,2079.6837839198993,2093.833537170533,2045.9937833218214,2051.095458984375,1452145,309.5290913583647,311.63530234613074,306.8860138388054,310.18988037109375,10821785,510.9625718765987,515.1431747374072,506.7819690157902,510.7303161621094,15502847
3172.0029459457633,3201.421894965321,3163.249525265047,3195.33056640625,1655427,830.7554211776821,836.9486127649296,824.0783883433888,832.9810791015625,6299265,1432.9112588662606,1454.0521755088755,1423.7996752366064,1451.58349609375,6904911,785.7427448206556,786.5237657315753,774.1696293119086,781.2697143554688,11777336,1069.3976200283605,1077.3040386110727,1060.559599329042,1070.5789794921875,13172763,2069.5284142909927,2071.4053814336326,2055.7635969070147,2067.025634765625,1563181,308.90960377475056,313.86537687881804,307.38156697190806,309.1160888671875,12318006,512.8206493861524,512.8206493861524,504.27362722243805,511.705810546875,15061047
3176.5150407476153,3196.6841945451315,3165.821286929602,3192.3525390625,1187821,827.9007483266255,834.0455676189112,824.465487275508,826.2556762695312,8656405,1447.9478465069383,1450.955234729636,1433.1357691390035,1443.998046875,4786762,780.441377066591,785.0327423176034,777.3172933990301,784.3700561523438,8172116,1070.0563840638993,1070.0563840638993,1054.7886158361225,1061.763671875,10790445,2060.0951540175965,2088.7316516487945,2057.5444339439928,2082.860107421875,1454665,307.42289549933633,311.3461910554725,305.8535510997639,306.7208251953125,10674456,507.710993148678,517.6979888967993,507.710993148678,513.7960815429688,13824475
3202.6849319015614,3202.6849319015614,3134.461969485681,3142.583740234375,1087939,825.8202454510565,831.5295365997953,821.9010841882861,823.1591186523438,9394365,1433.6296691341104,1433.6296691341104,1405.8009153813505,1407.1025390625,4001199,783.3760568391949,786.5710951374816,778.429687326696,784.9617309570312,5736944,1063.3766320218756,1067.8297155368534,1051.2670092584597,1055.7200927734375,10352493,2091.6677780588575,2127.6678565839243,2079.34681639693,2120.833740234375,2978938,308.08365437884055,309.8594576851963,305.6057546003046,309.0747985839844,10282470,514.6787012854288,517.3728904535258,495.4479153661014,499.3498229980469,18488732
3162.9786498154,3180.8917554026953,3153.954459659008,3158.556884765625,1579818,826.3042080284051,839.2711196232543,824.5623320724267,837.3357543945312,13402934,1422.5876690783793,1432.7317409015575,1416.7077894001222,1430.2630615234375,5043736,788.1093910341734,794.0261282040997,784.7723281580804,792.2274169921875,10908592,1058.7193818882063,1082.3251778031881,1055.8566674193971,1080.5985107421875,14321920,2132.0955195712418,2133.058090911906,2100.4749570293147,2109.619384765625,1874906,309.7355973927891,320.18401098988426,308.7031194861325,319.1928405761719,30246745,501.6259495057949,505.94587216970376,493.0789270880096,502.4620361328125,18559909
3146.7350075745903,3181.929348066534,3122.504969647513,3177.101318359375,1429449,838.4001911703535,845.0287930620101,832.7875850885544,842.657958984375,12070288,1421.9595093920875,1435.4250350492096,1414.7778957082892,1433.674560546875,3465747,794.262851292887,794.262851292887,784.204397425203,790.6181640625,11438712,1079.6440602664363,1107.4531801088635,1078.2809718116707,1105.0675048828125,33503591,2104.181223829148,2105.962075041651,2076.507294192786,2093.64111328125,1946344,320.4781768449944,321.4016217851001,317.79178430847446,320.85595703125,12679568,501.6723936721992,505.99237307671194,498.69950888760354,503.7626953125,12796579
3183.0123357780853,3226.148009166878,3182.8318960368056,3210.85205078125,1618931,847.6415602493975,849.4317493814649,836.9002482690221,841.3516235351562,10715685,1436.3225698383455,1449.2943142141119,1434.3924894685822,1437.9384765625,4290289,791.9907552742181,796.1088390532639,786.2160428519792,787.75439453125,8062500,1113.019527781497,1119.5401413378127,1101.9322491792432,1104.2042236328125,17264487,2104.950898758003,2119.870753432523,2090.415978590112,2096.76904296875,2464602,320.6880273125074,323.41640413620297,319.84852470474647,321.1497497558594,10151755,508.0361017308311,508.0361017308311,500.27878393689315,501.76519775390625,12767016
3182.0646250812088,3193.570467173406,3149.442266805479,3159.504150390625,1061369,839.5129712878102,839.5129712878102,827.5137432933884,834.7713623046875,9990618,1430.9364201598676,1431.8341218036317,1414.328939750233,1421.7799072265625,2857734,786.2160191131189,789.6004042614547,777.6722277016523,783.802001953125,8956270,1099.6375221146495,1112.1334412904273,1095.3661670147737,1108.8162841796875,11809520,2088.587534754324,2164.8231449710665,2079.1542877445545,2143.02099609375,3753179,319.89055601879267,322.8288022734232,318.3794617458562,321.8633728027344,7967611,500.2787979901847,501.3471969345237,490.2918024871309,493.3111267089844,14192008
3160.271129596154,3178.319508405955,3135.9509832133717,3147.005615234375,1296082,834.7713537474057,838.5452801570017,822.7720668133345,824.562255859375,9013430,1422.8121596263827,1439.0157179378093,1420.6128344582553,1429.544921875,2417716,785.7427119293137,790.2157422072587,773.8145926677021,776.4415893554688,8086706,1110.9974583087273,1113.1558521216361,1095.1390690194628,1097.093017578125,8836937,2150.095675146679,2167.7107786522693,2132.095637084714,2142.20263671875,1779752,322.9547184901907,325.30531541730335,320.1004146198072,322.4090270996094,8105569,494.24012622880974,496.0517320170632,485.089274392448,487.8763427734375,12570032
3153.05231202799,3166.498268391457,3108.6081716824324,3114.248291015625,1139541,826.7880307529291,831.6748160330891,819.4819799285804,826.594482421875,11704445,1435.1556281819492,1437.80391388057,1414.7778439330089,1417.9197998046875,2723288,776.275896847954,786.8550110811879,773.4358630789981,779.3526000976562,12389296,1101.4551746278107,1111.8152960708703,1096.161352929149,1106.0445556640625,13311592,2155.1974872060105,2177.336630665474,2139.507525492875,2146.0048828125,1882604,323.20655768511017,323.9620914605294,320.4361962256067,320.8979187011719,8577674,489.68792700631445,491.4066533197849,485.3215649251401,486.2970275878906,10223218
3081.7158621873755,3110.638436535389,3063.712646370074,3069.62353515625,1218430,823.7397538390513,826.4976254250806,807.7729920906293,812.1275634765625,13880984,1403.1077157532914,1413.8801358358503,1396.1954567000723,1402.030517578125,3656244,775.8026119130404,777.1989388344294,761.6261321413451,764.0637817382812,10359102,1102.34116225432,1104.181409716533,1079.2124090771258,1080.9617919921875,11024335,2145.5715850680604,2157.1224415152637,2100.3789062189317,2112.603515625,2103097,320.6880408252716,323.12257986608466,319.0090621451135,322.2411193847656,9306194,483.7886509710897,484.8570499338609,476.12421242954093,479.700927734375,14763050
3087.175351151494,3115.5112191854573,3075.443904333321,3080.677978515625,1441570,809.514854112909,817.1595701542185,806.611806359904,812.6114501953125,11743574,1409.2568030673553,1409.2568030673553,1389.7767226196806,1392.0657958984375,4766854,763.4957310605046,766.2647523789618,753.6029353883428,758.8806762695312,27882010,1080.5528460297141,1088.1639533747034,1072.987170955967,1075.7816162109375,9851910,2121.507607861619,2125.5503612027173,2072.8977466107062,2078.336181640625,2000556,322.74481324821056,330.7620059629958,321.6114727530318,325.38922119140625,19555814,480.2583430611784,486.80794239593325,475.05580976221444,484.0208740234375,15535085
3088.5289980581183,3098.861651446193,3052.2517986673643,3068.630615234375,977592,816.6756388111917,818.2722794616959,808.5470823740111,812.56298828125,8246139,1400.4146068720393,1408.4939219116857,1386.9490818059621,1392.0211181640625,2790986,765.8151364213195,765.8151364213195,750.336917326773,752.1119384765625,17061740,1077.8265267799054,1088.800224148405,1076.0089953829322,1083.1429443359375,9434053,2079.153970755751,2090.9936445342164,2039.4479053420125,2054.17529296875,1479060,326.5645385687466,326.5645385687466,319.84854390951875,323.2904968261719,13407431,486.99379699984996,490.05956111264493,480.86221207120434,484.0673522949219,12253035
3059.1999337888974,3059.1999337888974,2992.420938184066,3006.724365234375,1128022,806.6117467803197,830.5618889735571,806.6117467803197,828.7233276367188,14422574,1382.4606439922532,1382.4606439922532,1348.3479787508859,1354.9012451171875,4920268,750.6683165199346,756.8690457387776,746.5976127581428,753.981689453125,14312972,1082.3705449963543,1085.8467152410444,1068.6024012348664,1075.9407958984375,11199715,2054.175580550692,2059.806482341488,2004.17004241129,2034.587158203125,1398112,323.29049611026613,324.71764796537934,317.41400412221884,320.85595703125,8455904,484.11383686759666,492.19634787828124,482.16291135259667,490.24542236328125,11048799
3003.700890693009,3061.0044828693667,2977.891625617454,2989.578125,4116217,827.2718200485879,830.2716122720615,822.5301520177766,827.223388671875,19600146,1360.5566878842833,1368.0974041544362,1329.7655850233577,1335.376220703125,9679811,753.5556504719998,759.8510819707354,751.9936087375356,757.1530151367188,18993992,1070.601498241021,1075.5544571553608,1051.3124942776465,1055.3565673828125,21994038,2035.8385342162671,2058.2664950925873,2006.9613918869584,2030.2073974609375,2108587,321.1077823154553,322.5768918805146,314.8115528547274,316.2386779785156,16997837,489.8273396469931,490.94217850316005,484.06738614268016,485.69317626953125,15768010
2998.738199575175,3058.297850845702,2991.5188479060203,3055.31982421875,1669307,836.0777546418046,836.0777546418046,824.3203875920912,828.6265869140625,11015843,1339.7299588712954,1347.3154939495362,1329.9449890099597,1343.006591796875,5125043,763.0224281514963,763.4957671267764,755.330669803195,756.4193725585938,14137256,1065.1034156724897,1065.7850199744744,1055.6746563210354,1065.0579833984375,11551145,2021.399687613577,2050.276826008057,2021.399687613577,2036.1270751953125,1389077,314.1819602445149,319.3448765254144,313.6362954673701,317.917724609375,8065784,486.111228651769,499.2569252659543,485.9718525366277,498.6065979003906,13510198
3033.0300687433623,3041.0615092127086,2994.22605417747,2997.33935546875,1556538,825.4331963782566,833.9971631259353,823.5945759500078,826.40087890625,12327141,1333.0870811609395,1336.318785501753,1317.1978042286796,1321.5516357421875,4644499,754.5023440243442,760.1587217973406,748.8222761897821,749.98193359375,17391814,1061.9228195758383,1068.57973034707,1054.925046511839,1056.9471435546875,9333535,2050.2289808707806,2068.5660137071327,2028.6674747290217,2042.191650390625,1727640,318.58931513515984,318.7991841560192,314.5597394738751,315.2733154296875,5212922,497.9097672057026,501.57941850464294,494.7046272938927,495.86590576171875,10376913
3026.7127943672813,3030.322469733253,3006.047491023933,3016.01904296875,1043190,829.0620097836149,844.7868509379583,822.3849766837857,840.4806518554688,12823098,1334.6579262232572,1337.3959600849184,1322.3145285534606,1327.9700927734375,4615015,755.4490722648835,766.8092086899194,751.662360123205,764.8685302734375,14986234,1067.443561368033,1087.5733043694927,1063.9902277008234,1083.9154052734375,14643807,2059.902434508702,2079.0575080060735,2052.4425074678406,2071.50146484375,1821066,316.4905708533101,323.54236149901516,315.7350370590492,323.1645812988281,8495772,503.53036537022797,524.247562789315,503.2981096666439,521.3676147460938,27656538
3033.841801236338,3072.690976248651,3031.2248747347967,3042.821044921875,1334132,843.5772732157969,848.5124306557193,837.3840811954593,839.70654296875,13904231,1341.660213441557,1364.8657820936621,1340.4034090570754,1353.240478515625,6561742,766.8091287857136,776.0155486085717,765.8861409096147,770.2645263671875,27004710,1090.5495987349282,1101.7277412564927,1090.5495987349282,1094.5028076171875,10171916,2077.4698314167945,2103.074325981187,2059.7104351695184,2061.009765625,1821012,323.9620778799033,329.50277396052957,323.41641314241326,325.8509521484375,11126980,524.80503782157,527.5921064096759,519.3237802504061,521.8321533203125,16162268
3035.7372636633854,3064.6146692630373,3005.8221644268447,3059.56103515625,1844590,838.6420711240055,845.4158486956811,833.6584825712115,843.9158935546875,16144568,1338.0692966126087,1342.961726985448,1329.585949900398,1339.999267578125,4137080,766.8091679963849,776.039278351897,766.8091679963849,771.8029174804688,20099774,1094.5028585607813,1099.1832244435238,1083.7337262043,1098.4334716796875,15782657,2071.4534174232144,2107.6461919517856,2060.4801987112014,2089.5498046875,2965342,325.725043388781,330.0484569017967,323.29050424848003,329.4188232421875,9261146,520.252859320986,525.3624856178885,516.9548391426886,524.712158203125,12637578
3054.6884491786423,3054.6884491786423,3005.82254630904,3011.237060546875,1648500,839.1742698444524,841.6902207014982,826.546025121793,828.287841796875,10624440,1342.064064731897,1345.071343562409,1323.7509278183406,1328.9576416015625,5104656,771.5188361022016,779.0922596719008,770.1225092437928,771.8738403320312,20700166,1097.8201071650074,1098.2289976932168,1070.1474010143947,1072.0330810546875,16235128,2093.544644009375,2116.6945334517304,2090.2238196409426,2111.111572265625,1873933,329.1669887938517,330.42622947791915,323.7522192644157,325.3052978515625,10005328,524.6657186870224,525.5947416506116,518.394813682795,519.23095703125,8993423
2989.623405611254,3011.597393364564,2968.958101481584,3005.957275390625,1024404,817.4014620248957,818.0304202449772,809.2245326625901,815.417724609375,17273189,1310.6444413069564,1323.481619051477,1308.5348642940003,1321.012939453125,3699580,762.2887256418968,763.8507673644085,750.2422718962587,751.969970703125,27387000,1063.967514713159,1065.1034417835135,1051.9486346812796,1055.4248046875,13334091,2090.2237219459203,2100.330721292193,2053.1647243429184,2077.084716796875,1900535,324.84354568707505,327.5718958188082,321.9472577905193,325.7250061035156,8684320,513.8425223260048,515.5612486426553,506.31745982451406,508.5006408691406,11522371
3007.762131470913,3040.971190367257,2952.714579709819,2961.693603515625,1901233,814.2565421172523,827.6589226097481,797.3220964813469,801.6282958984375,16413159,1314.4145977317767,1327.0722775616289,1281.9178446623562,1288.29150390625,8798403,751.6149691826986,759.1410704335563,740.7518050492812,742.4558715820312,26443550,1058.287501818403,1065.1034247048499,1033.750107312473,1038.06689453125,12771592,2083.052764685979,2097.394985092345,2028.138017219187,2053.983154296875,2334468,326.732420792291,328.15957264032426,321.1078088957629,322.0732116699219,9130473,508.17549904877285,513.8890122586054,490.9421365185342,492.3821105957031,14373729
2959.934582962972,2981.9535203922965,2896.223707775991,2901.232177734375,2670334,800.2734239830573,807.4826703889056,791.806202145268,803.51513671875,15456802,1293.5881864305952,1300.1862721963982,1266.6571346659055,1274.7364501953125,7402784,743.2605460585534,749.5796099935142,738.0775072511518,740.4678344726562,33185612,1036.0221323528851,1047.3592882483779,1031.0465769110588,1034.181884765625,16027522,2064.0900833528385,2089.7425172581875,2054.512309884596,2063.945556640625,2871343,323.7941602979254,324.42376725249073,316.6584285700909,318.7571716308594,10623744,490.19897470101824,494.9834087980147,483.09192656172274,488.1086730957031,14750800
2932.8617458363906,2942.2018705999863,2880.521443910695,2886.748046875,1780522,809.4180845479008,816.6757037068646,795.6286081458696,799.2090454101562,12914488,1290.8950455008883,1295.2488768323813,1271.9086326160925,1274.4222412109375,7556182,746.9289573593102,749.248330063132,727.3327108002192,729.8414306640625,37264754,1037.8851067638673,1044.3374508988734,1012.1208019221261,1016.5057373046875,21728555,2083.1969414773384,2129.6410107380625,2079.154188666598,2095.180908203125,3044201,319.8485234584673,322.61888471389494,317.3300422511081,318.5053405761719,8748113,492.1962953100218,494.24015692362525,478.957719678139,480.8157653808594,11282329
2894.960227384223,2905.608815924938,2862.4731425382656,2874.20458984375,1901060,802.886228653789,804.4344971185735,784.1131634393323,797.273681640625,14987868,1272.7613459697632,1272.7613459697632,1255.6151580984792,1260.4627685546875,7323117,728.4686837227395,737.982785579755,725.1790009533352,734.5747680664062,21753342,1019.2095111682803,1024.2077825786946,1000.6701381392561,1011.4392700195312,18363159,2103.1219851118653,2105.143478886936,2052.2020562354587,2092.2451171875,2946792,319.5127424430228,320.9818787200227,316.364627485881,320.226318359375,16315136,481.6054746741917,491.7782296576636,477.79644691553125,487.2724914550781,20040008
2843.0710795687405,2907.0524989935184,2837.2053560273353,2869.060791015625,6739966,804.91834909519,811.3050894882914,792.1933587502203,809.2245483398438,11104490,1283.7134156369266,1295.2937893448818,1267.016186133299,1275.36474609375,9090018,737.2254484326775,747.4968810064513,728.9420164278159,744.3965454101562,22950876,1020.0047033408911,1023.2763079373278,1005.4413153341551,1010.1670532226562,34014213,2104.8546007609266,2145.47506235119,2104.8546007609266,2113.56591796875,3286473,323.20656662463193,323.20656662463193,310.32026818561775,315.2733154296875,50787703,491.1279772701672,493.86854945437267,483.1847861369172,492.1963195800781,18787379
2860.3523392948427,2860.3523392948427,2793.0320130478685,2836.57373046875,2289468,809.9503044168963,810.7244386539869,798.3381136725679,809.4180908203125,14838651,1274.4670058884406,1274.4670058884406,1243.1821248798633,1260.0589599609375,8221829,742.1718613024195,742.2428737084866,731.4981015299404,739.2371826171875,26503114,1006.4864851819102,1008.7584596340857,990.5826039210764,1000.238525390625,19524589,2109.0902525291035,2122.4699007595373,2071.4536174306236,2096.04736328125,1996773,313.38439325220804,318.46333984958386,312.29303726156525,318.0016174316406,10512002,489.2234291835881,489.2234291835881,478.4467863850695,482.34869384765625,14275315
2836.5736038648693,2848.7110949967246,2795.197605797223,2803.003662109375,1815297,815.7563608240233,826.8847097557864,811.9340030740609,824.8526000976562,18755854,1255.8845609971513,1261.2707706940655,1247.80524645178,1248.43359375,8536755,744.0651919987587,749.0589413869266,736.6101030086518,747.615234375,33050494,1008.2811925498517,1033.2957451749278,1007.3951430408976,1031.341796875,21400360,2101.004557815971,2143.646518040229,2100.330804833309,2125.790771484375,3178680,318.0015951454463,318.0015951454463,314.0139782120643,316.4485168457031,12057999,484.949984035069,486.2970786646676,479.7939179592165,484.81060791015625,29485180
2824.616398697249,2836.753889168361,2803.003509518878,2825.293212890625,1123939,829.9329340902065,834.6745429845437,823.4978217289552,832.4005126953125,17431520,1259.4753551088436,1263.2905869400715,1240.758298512187,1247.1319580078125,8356487,749.7689910429613,750.7393591246861,740.9175746776272,745.8876342773438,14177324,1038.2942074878824,1041.2250703817986,1031.4782836063534,1034.477294921875,10920094,2136.427034598067,2162.1758172858335,2125.261113337968,2131.084716796875,1956033,316.44856016486983,318.0436231202378,314.139947920916,317.12017822265625,4958761,485.13577844622523,489.5950771058183,483.18479629930033,484.5318908691406,11619538
2810.9445796742175,2839.3258306983194,2798.4010449295647,2819.7431640625,1372218,829.3039121932823,839.4162062490099,825.2396338332466,827.8040161132812,17920621,1242.3740984776875,1242.3740984776875,1229.851204859829,1233.935791015625,7607718,742.0772502845497,752.7747006046328,737.7225544029504,739.89990234375,28364178,1030.5694484887376,1031.4327819622354,1019.2322922558061,1021.3906860351562,16249370,2131.133099325348,2158.0850987748104,2118.186560876074,2124.05810546875,2455799,316.49051520301776,321.3176348514374,314.3078298848084,319.5546875,10127917,482.53450058691243,484.020914495311,475.19519724443677,476.3564758300781,22097792
2841.6271470449155,2860.668276380488,2802.9134594440998,2815.99853515625,1329577,824.9493447241754,832.2069635927165,821.7076319212885,824.8526000976562,17295696,1246.0099507660507,1255.8397404782686,1236.584082982878,1239.411865234375,7559127,738.4088098056723,744.9882331927605,736.0184248411618,738.7164916992188,31477748,1020.231887763167,1022.3902814688943,998.7617116838695,1001.1699829101562,12375945,2123.432539461598,2136.282961840687,2072.4644300865925,2085.073974609375,1449544,320.26832150494266,321.5275622401073,317.3300753854831,317.917724609375,10317108,477.9822736866617,478.4003453249582,467.7165821618938,469.4817199707031,14416984
2829.083234491425,2845.1011698701245,2802.913086548761,2817.62255859375,1524217,827.3201714323708,828.7233228804927,816.7724084776924,821.2721557617188,17047675,1244.4389202610448,1252.9670859905164,1233.5318232273341,1246.8626708984375,4170193,739.4500901227714,747.6151870715003,737.8881062444385,741.9351196289062,31872006,1007.6224783212151,1024.2078438429432,999.7614322476102,1016.7330322265625,14054323,2093.6408357753894,2108.031230278334,2069.5283767572687,2073.378662109375,1540581,317.288036319744,322.7028051367832,315.9448535284185,319.1769104003906,11232922,471.0145931632608,477.65712933781117,465.9514072018612,473.9410095214844,15674218
2821.864106617975,2842.2136983642395,2806.6582589143677,2811.84716796875,1303530,827.9007821657716,831.1425541001529,820.7883391486262,827.1266479492188,24469018,1249.6903792948028,1254.9868406676687,1235.102728249846,1236.6737060546875,6633366,741.1067998011212,749.2482647269658,740.3494690077168,747.97021484375,39276302,1020.1183586375283,1025.3439120336418,1016.4831753805086,1021.4815673828125,12576424,2086.614150927096,2088.587469296307,2043.0096195362742,2053.742431640625,1627243,319.1769745492156,320.9819067196904,317.45601127465636,318.7991943359375,9523719,475.1487925684998,475.42748810904595,468.08821257551915,472.03656005859375,15833599
2823.6686802623394,2842.619476774167,2801.1985382394446,2832.6025390625,1740616,829.352331482036,834.2391166284191,820.5948160711663,823.4978637695312,34881515,1237.9306721291487,1247.7156427956638,1224.9589261056296,1242.0152587890625,8813966,749.7688548962433,758.2889555200643,748.7748547129236,751.5675659179688,39763612,1017.391938716083,1020.0274916428302,1004.71434981678,1015.4381103515625,18804065,2057.6404845489214,2078.4802945916326,2041.6137661004404,2067.07373046875,2372385,319.1769298348087,322.36702906761235,316.61646420259467,321.3176574707031,10551626,472.87263014609675,481.2338357871869,470.36425711315877,479.8403015136719,24203789
2878.6711597054764,2899.47195965751,2844.4244061128143,2893.064697265625,2382581,834.0939446257819,852.5282844810888,830.7554281804934,848.8994750976562,25739021,1260.3730158390927,1283.6683279611534,1251.3062518154823,1281.8729248046875,8711975,755.2596794028502,763.4720993070749,753.7450177500838,761.86279296875,34711228,1024.6622202928697,1064.8535577563764,1024.5259234682055,1059.218994140625,28171201,2075.7850252742296,2095.469561518221,2070.057772993362,2083.19677734375,1489542,320.68805542360855,322.7867988239288,319.0090766670201,321.9472961425781,9877493,483.69579631566717,487.64414364678476,482.4880211813495,486.57574462890625,17356345
2910.256278083939,2910.256278083939,2864.052466678619,2887.740966796875,1521830,851.7542203344012,858.4311947113953,840.7709875930993,855.2378540039062,26416933,1288.2017312639566,1288.2017312639566,1261.4053617670984,1266.522216796875,5242764,760.916103659407,764.7737701383646,758.6440534334533,762.3361206054688,40025398,1065.5579119993613,1067.3754434349298,1051.9259454677697,1059.4007568359375,10293043,2098.405739090874,2101.774739130699,2074.3414530921254,2088.92431640625,1231654,322.3670883838042,322.3670883838042,317.74983654415394,318.08563232421875,7331070,487.50474724319236,490.98858297861295,485.04281397560624,489.36279296875,14210949
2874.6555889687143,2945.8114118907883,2874.6555889687143,2923.656982421875,2655065,857.9473279969231,859.0601865581069,845.7545514523069,856.011962890625,21068934,1256.7824202977913,1281.469217839355,1256.7824202977913,1277.92333984375,7506334,766.1464855665928,783.8493755314626,764.9158157360166,782.7843627929688,43365392,1066.9210129823457,1066.9210129823457,1048.995215362799,1056.856201171875,16262928,2088.779964064749,2177.817819675804,2083.967107004692,2173.24560546875,2763363,318.08557963436516,324.9275006639533,318.08557963436516,324.3818359375,12055499,489.59505881314976,490.1524498611261,482.20931556065125,485.87896728515625,13574801
2910.301588759904,2939.4949346840967,2901.277397787005,2906.421142578125,1703464,853.4960068359375,861.3342118450829,844.4965709573414,846.7222290039062,26042745,1271.1454333092524,1282.2769547830226,1266.0733974815537,1276.44189453125,6948465,780.3230137466818,790.0974176490104,779.6366375439686,788.7484130859375,44637344,1053.3572991214214,1069.6474143387793,1053.3572991214214,1063.9447021484375,18435046,2173.2452597750716,2205.876331450586,2170.0687276201616,2189.127685546875,2389899,324.59173310392913,327.65587933261986,322.53494752985904,325.17938232421875,13394394,486.807957600551,495.8194902936909,484.62477665512847,490.19891357421875,25125879
2905.7894456494955,2952.715237939487,2901.277350236996,2944.954345703125,2203187,851.6090049377871,854.2701319147354,836.4648086702014,840.3839111328125,30906205,1278.2823267500144,1287.3042729141996,1270.2479401489488,1281.5589599609375,4993788,787.2810834915474,790.9494607030667,782.902697787476,785.009033203125,31813286,1067.8297504290695,1068.0114795112463,1054.9021060177815,1056.401611328125,12961408,2199.3791603346162,2233.0691572280252,2192.7856876585674,2223.2509765625,1955914,325.1793499002608,327.4040198262392,322.9966378104752,326.1867370605469,7044256,491.6853922039444,492.7537912687955,487.17965361508993,488.94476318359375,17335453
2945.4957273871946,2953.572333679193,2880.6568316583844,2900.1943359375,2348779,845.4642225461083,856.9796090013051,837.0453728791858,853.3992309570312,39504022,1282.7259356078043,1286.7206641982061,1246.907617130072,1262.30322265625,6942255,785.2694286862951,790.1921660159843,781.5300388983272,787.3048095703125,42361542,1060.559540630498,1063.7402807994256,1056.0383079017138,1061.6273193359375,10542367,2233.165725817402,2242.7914401528215,2201.689686941137,2215.358154296875,1342440,326.18673389143686,334.2039264718616,325.7250114550278,332.44097900390625,18939829,493.1717597616434,497.6775546290033,489.73442056152066,494.3330383300781,26414406
2912.9635630873936,2942.7433920921726,2886.838575342086,2925.32666015625,2417727,854.8991446182802,863.1728184534817,851.8509210177381,861.3826293945312,22686032,1268.4974270475386,1285.059979527605,1256.7823760661174,1282.1873779296875,5831169,789.5294292037479,799.0908536154229,789.4347845187364,797.5288696289062,26955504,1061.6273731304518,1075.9181086673711,1058.7647789480902,1066.3077392578125,18179087,2217.764583788508,2226.1389082631927,2196.5398366696613,2202.8447265625,1165839,333.91014204558877,333.95212649086005,329.16699058054064,330.3842468261719,10122932,495.35498352755394,496.09819044978934,488.6660078213281,490.7098693847656,21292441
2896.7647832987404,2914.8131620108825,2869.6922152305283,2877.6787109375,4174070,862.3018181294501,872.5109153520875,857.8505024300003,869.946533203125,34439635,1265.5348481010121,1266.7019040302373,1241.5213299689306,1247.0870361328125,11267238,799.1381676210906,803.279883408837,794.333765751178,801.1024780273438,35330086,1069.1929322468407,1075.0092249147228,1064.1946609026813,1070.3289794921875,12378208,2208.908751517709,2209.1012187845877,2158.518048016221,2174.2080078125,1956668,332.02125181138524,332.9446967142466,330.51015773342004,332.1051940917969,6292395,491.7318462158536,496.33052125362167,489.73448085407773,495.122802734375,28597560
2828.2715566379666,2854.7122578378658,2770.6520137188445,2833.14453125,5505048,887.6551614909503,887.6551614909503,864.2856641308982,872.1722412109375,29957514,1122.396511196189,1132.1365530010617,1064.0458990402255,1129.578125,53171705,814.1430655398879,814.1430655398879,782.571377912893,788.8904418945312,32405148,1101.8867990924884,1101.8867990924884,1067.3981721567704,1075.759033203125,17929479,2174.2081263265636,2188.69487274105,2118.7639202827686,2131.133056640625,4125850,329.83856600767695,337.4779786716556,329.83856600767695,335.9249267578125,11466474,490.5241214527803,506.3175117268282,490.5241214527803,505.38848876953125,32476990
2847.086786804494,2848.801515098883,2807.064636248936,2825.248291015625,2617302,878.6074008266793,878.6074008266793,865.2049618009515,867.8660888671875,26699379,1140.0362461201344,1140.0362461201344,1124.909994178881,1130.5206298828125,12430884,790.4761429987975,793.9078508052294,784.0387440490672,785.5534057617188,29637226,1080.0985197030036,1080.0985197030036,1056.9243329412964,1063.4449462890625,10405576,2136.908146251749,2146.5338586222524,2106.105866666138,2133.635498046875,2848601,335.7989704940616,337.47794898377504,333.2804628503284,334.5397033691406,9860308,506.6426052589142,509.56905001405534,502.1368669691831,507.10711669921875,22283456
2825.2479750497077,2833.595349886156,2771.7796551513784,2788.113525390625,3298034,866.9468411334407,867.9145237068399,858.5763632484744,863.0761108398438,24377956,1126.0320630409092,1126.0320630409092,1103.6344503031144,1106.14794921875,11307230,788.1094206815565,790.6181404482337,784.3937211551915,788.4407348632812,24741168,1062.8543275704733,1071.4196347028246,1059.7417355351329,1068.73876953125,12273475,2125.4541099800313,2151.3471879502154,2125.4541099800313,2136.523681640625,1970015,332.4829793344839,336.93231935583754,332.4409948905821,334.7496337890625,10119480,505.3884457950075,508.6400258690563,500.0465642447845,501.9510498046875,21156372
2788.4744781128575,2809.230113386837,2777.6454510133904,2801.830322265625,2419999,863.4147591759163,870.236909372004,860.4633391974846,865.4953002929688,16999919,1104.801324932899,1111.2199133454824,1096.452765729637,1098.2481689453125,8621249,791.280785812552,794.0024850715804,788.7721237726142,791.37548828125,32922716,1069.692688687604,1071.91923046536,1059.6960269180327,1066.0347900390625,7007330,2141.7212244831903,2167.1811893422237,2139.074153306863,2149.18115234375,1898996,335.7990193411143,338.0236894439417,333.8681605394353,336.0508728027344,6924577,502.78716283495805,506.73550983024813,498.5601203335523,506.1316223144531,25588577
2806.5227991505576,2855.659464544931,2798.2205892743714,2852.410888671875,1929184,865.6404154507798,871.5916867731976,853.8831078765245,857.028076171875,29578071,1102.4674657463806,1107.0906515432816,1095.1961036957662,1101.794189453125,8691352,790.0027556575246,793.7657774269219,787.2810565292857,792.6534423828125,20128618,1068.1251189073266,1072.828080314349,1061.6499382780762,1067.3753662109375,7647317,2156.3041950026736,2159.0476174521755,2119.582190650776,2132.2880859375,1009316,336.0508698714704,343.3544871641832,335.00149819461507,342.724853515625,14801099,506.31745499760086,507.6181096733121,501.39364521621684,504.5987854003906,22599418
2843.612712906917,2870.5497889454005,2821.097181701511,2865.0,1640676,875.7527238646078,877.204247716317,866.0758981865458,875.5108032226562,30881665,1102.3777336910266,1104.1731371660935,1093.4007163156925,1100.8516845703125,8313774,798.5229093249309,800.6292448057368,792.4168245439707,799.0672607421875,35675852,1079.1897769115358,1081.8706418346944,1066.9210188410907,1071.465087890625,12936186,2136.9083070031525,2149.1329156327533,2104.7103437022383,2145.47509765625,1239073,344.1939561128873,344.1939561128873,339.32485178856473,343.10260009765625,6212135,505.2026478818052,516.1186670908221,504.9239523489952,515.236083984375,23335611
2872.3999413939505,2879.7997338116465,2840.3640639451646,2866.0830078125,2024090,877.0106726906066,886.3972051250955,873.9140767553679,883.9296264648438,41383839,1100.5373696805075,1109.1104648607622,1090.707579769993,1099.5948486328125,6808576,798.8541289397548,798.8541289397548,786.6420186043182,787.70703125,50353068,1075.1000833366595,1081.7342770992536,1068.0569991057368,1079.666748046875,9236126,2147.5448937701212,2169.635859626007,2135.079641577173,2163.812255859375,1350118,343.1026275249201,347.17418742929436,342.0112714224472,345.4952087402344,9180650,515.6077045098767,527.592122485113,515.6077045098767,521.925048828125,38142390
2870.5946482272543,2895.3208390571563,2870.5946482272543,2886.071044921875,2000029,881.9942756119498,887.316529658685,876.4784732418931,885.3811645507812,30371555,1102.3777989258251,1106.8663078791062,1095.6899644185316,1101.973876953125,5680192,785.7427625625156,792.8428477663938,783.3760674945562,791.3281860351562,27392750,1081.0073822687018,1084.2336751201349,1069.6702254865136,1073.328125,8617834,2163.7162046283606,2201.6895991671618,2160.0583863261677,2190.956787109375,1894812,345.87295960977156,346.71246225078784,343.3964627370243,346.0828552246094,7914219,522.1108120871492,526.7559260736897,516.9547469026996,526.1520385742188,23143882
2874.2048510615423,2887.0191582964057,2861.255048770553,2876.866943359375,2434446,880.1072975279017,890.1712198822554,879.1879872737524,888.6712646484375,25835108,1104.1730895812436,1120.1522236538028,1100.043683683095,1118.7607421875,8020704,790.7128018135829,797.6945520840111,788.5117639010149,795.682861328125,47790392,1079.1898559504257,1083.2793621459462,1074.1914637637067,1080.121337890625,9167125,2190.5718375499196,2223.5399076086187,2182.245689039856,2219.3046875,1252989,346.0408275190746,350.40622474293883,345.0334404394636,349.2309265136719,13100076,524.8979661864694,527.1276439453,521.2747540041349,524.6657104492188,17845169
2888.101618768192,2912.331656535757,2884.3566681237626,2905.1123046875,2931312,885.5262587849612,890.7033957534178,880.8330221437257,887.993896484375,20381002,1127.2438790677813,1130.2063382433646,1117.5935866641942,1124.595703125,10118277,797.4341901096315,800.4162489215953,790.4761299225689,798.806884765625,27916272,1082.3705544049471,1101.4098041424304,1082.256973708253,1099.86474609375,15565210,2225.7537390339317,2280.33148658352,2225.7537390339317,2275.903564453125,2884961,350.90995450060126,359.51479684583404,347.30011703160113,357.2481689453125,13208557,527.499226189582,539.2513893335699,525.3624847187829,537.2539672851562,16183423
2919.3251374002,2919.3251374002,2896.7646649318835,2905.247314453125,2321159,894.1386692839658,895.880486047962,889.0099636211668,892.300048828125,17515017,1126.2117608061656,1148.8338008021124,1126.2117608061656,1146.76904296875,8886401,799.3275537958391,804.2029686544997,796.1562055779098,798.6412353515625,32221184,1106.9986888116582,1111.3609082117491,1103.3180737047812,1109.2025146484375,12981805,2284.374440695244,2325.9095383563103,2284.374440695244,2295.203369140625,1840153,357.62596272189217,358.4654388022184,353.5963604694285,356.3247375488281,10648421,538.833215305152,539.6228619911891,532.4694319090614,534.466796875,13667511
2902.1789705386695,2902.1789705386695,2863.5102353696716,2869.6015625,2468285,889.8324772678072,893.9935004213415,882.091016865825,893.0258178710938,18715142,1136.4904547779106,1142.3255163545746,1132.989395915365,1139.3182373046875,5549783,797.5524239138897,802.7828423136223,795.043762200039,801.433837890625,29407270,1110.9974233118683,1110.9974233118683,1096.4795270846325,1099.6829833984375,7061872,2294.866464296418,2300.545541296837,2260.5988300149047,2268.10693359375,998235,355.94690082718654,359.7246490132277,354.3098801607166,358.59130859375,7607609,530.1470055278329,534.1882329568019,528.6140948737743,530.0076293945312,9699527
2869.828004119587,2909.805214192962,2867.887891187279,2906.421142578125,1953253,890.2679527423538,894.0419383409981,882.3329439597278,891.9130249023438,20485002,1139.1384292092687,1145.2877729850925,1133.3482975814445,1143.2679443359375,4505401,798.5702121515963,820.9828021558743,798.5702121515963,817.8351440429688,56854638,1100.1601065895743,1114.564421653396,1097.1838117593734,1112.360595703125,8635233,2273.401311447886,2292.5082138450057,2255.160629359921,2268.6845703125,1230912,357.0382717097041,358.46539684287774,355.9469156844678,356.45062255859375,8292456,529.7288993852984,539.5765200104115,528.1495490238584,538.8333129882812,12533761
2905.788985628069,2927.447040179334,2896.809961242115,2915.44482421875,1710027,895.1062934853671,911.992364564189,893.6063974547598,896.9932861328125,19002035,1148.1604275980321,1148.1604275980321,1125.9423114267645,1130.296142578125,5373791,775.8025843027785,786.192351749063,767.8031440250422,769.4835205078125,62770416,1109.1798878043744,1118.4267984938415,1106.9079133744922,1109.5206298828125,8746585,2268.7807146876644,2316.861107525314,2268.7807146876644,2288.513427734375,2425866,357.58397346453967,362.578978463399,356.2407904691982,359.9345703125,12890455,539.0190608734192,546.4976833637962,534.2345705860378,535.5816650390625,18163461
2928.349442012585,2937.238356642924,2915.9863466752167,2933.403076171875,928235,897.0417142320913,911.2666593771053,897.0417142320913,907.5894775390625,18623913,1133.3034433741707,1140.3504892363796,1126.7951061867552,1136.1312255859375,5260842,773.9092936156137,781.1750359781396,771.5425985281042,778.38232421875,37244524,1113.269352129285,1128.5598368262858,1110.6112034431017,1123.220703125,9153782,2288.46524287697,2295.7327036774263,2265.941166955207,2276.8662109375,1583576,361.82341831390767,363.88017710294014,360.4382509736069,362.201171875,7522610,536.6500331448386,545.8937644708997,536.3712809475688,542.1776733398438,12990869
2935.207649500147,2976.1773773009786,2929.251596943292,2962.86669921875,1107375,910.5893181947338,914.4600485590047,901.686626544379,904.20263671875,21507610,1136.4904402427994,1141.876650860064,1131.7325770311218,1140.7095947265625,4969897,780.9620480823568,783.8494045017483,776.2522902407883,778.406005859375,43688938,1124.6292481933926,1129.9912183396398,1119.290114376559,1126.69677734375,6464721,2279.032272529482,2312.000345747091,2279.032272529482,2285.481689453125,1417301,363.3344881143071,363.62829937621586,353.848159761522,355.77899169921875,10377820,543.4783797193426,544.8254742233607,531.4939619981551,532.7946166992188,18959065
2968.9584975056696,2983.8484109430083,2947.3456066100516,2966.07080078125,1559987,904.3960428952724,910.5892345341686,898.2512826316067,905.7991943359375,25910923,1145.8264050289897,1145.8264050289897,1130.3410516063245,1134.0216064453125,6515734,778.4059920594077,783.210394506021,773.0099158578086,782.0033569335938,46340550,1131.4452030936898,1135.9210031175069,1127.4464419348942,1134.4442138671875,10872255,2297.6579364109916,2299.5349036442017,2262.0427945395186,2275.951904296875,1675409,355.9049628239586,357.9197638931349,354.43585311887716,357.08026123046875,10130159,534.188105504844,534.188105504844,523.2720876967015,531.5868530273438,18561315
2986.1045506418404,2986.7361998952592,2952.715046751315,2961.87451171875,1719623,909.6699186059626,916.3953237660901,903.670275317878,908.847412109375,20027372,1140.3054042377769,1145.3774399578563,1124.8649812707113,1127.6029052734375,6888461,788.1804838313546,798.9962689250709,780.6543818274131,782.5240478515625,35734618,1135.51203899488,1140.3058651251242,1125.3335267806174,1127.03759765625,10557860,2213.9140943783245,2227.438268781494,2153.609093591258,2158.229248046875,9470848,358.67533972045896,358.8012664555885,351.66553342474003,352.9247741699219,16597954,531.5869512756125,538.8333190533032,531.4011353422231,532.7482299804688,16016715
2959.1671272317485,2968.9584613481547,2941.8858917917887,2954.79052734375,1027479,909.379662700427,917.3630436179886,904.8799152854667,913.3955688476562,13873480,1125.134528889781,1127.5134605758558,1112.2974589019764,1117.8182373046875,8292212,779.5892797778581,791.8014482563958,778.2875976167232,789.4347534179688,22478760,1122.2663301444138,1130.2637323324755,1116.2228762779578,1128.8778076171875,6955341,2139.459082722579,2151.3469327053012,2115.1062159608355,2137.96728515625,5367292,352.92472088152385,354.855552851783,349.2728993263859,352.9667053222656,11564770,533.9094229370257,539.5299996252273,530.9829783895638,537.1145629882812,11319335
2963.5436844116543,2970.7630356526083,2931.372538570999,2937.418701171875,1150390,913.2504258746985,918.3307593696306,907.8797994211587,915.185791015625,10453762,1122.0372679380657,1139.0935985840445,1118.222036083044,1129.622802734375,5534710,791.4228462180713,795.5645626680762,788.1567954042247,793.2215576171875,18512260,1131.3996779874171,1138.0564669446687,1123.788450804842,1131.104248046875,6833343,2137.774746069045,2175.411382123715,2132.095668762845,2162.753662109375,2662740,352.5889408216,359.89255764989645,351.79142265487985,359.13702392578125,9503538,537.6720048826024,542.5493751212783,533.8630336631455,540.5984497070312,11410243
2938.4563916534416,2964.4461001565937,2933.267482954537,2940.216064453125,986306,919.2984223538758,921.4273357760685,912.5246445049526,915.766357421875,19612293,1135.5927028546282,1143.6270896069495,1133.5728739365072,1134.96435546875,5236469,800.4029520198595,800.4029520198595,787.0932017516233,788.6731567382812,32722086,1133.2628763872494,1135.8074445597895,1113.3375770795326,1114.9962158203125,8717229,2170.2134632218285,2170.5983977613428,2139.8924656477784,2143.8388671875,2528855,360.98391120139394,360.98391120139394,355.5271841877558,355.9049377441406,8302077,542.5493549355248,548.495123972205,540.6913091994442,544.6860961914062,22178229
2938.2310945607733,2959.93431554151,2886.161562402632,2895.591796875,1588815,916.6857031275833,917.7501894111974,905.5573533737447,908.9926147460938,19273344,1131.6427073715677,1131.9568810406574,1115.3494000856915,1119.34423828125,10465667,789.9658807338478,789.9658807338478,778.1642575542323,784.4360961914062,30466868,1119.1764803056624,1120.0852459817609,1103.7271032383842,1108.4073486328125,8798967,2141.0958960221747,2160.010330988941,2127.4753690207235,2136.523681640625,1961004,356.0728245247746,360.1023994971298,354.7715995693563,358.9690856933594,9844782,544.4074006716053,548.5880035777866,538.3687520293435,544.6860961914062,23739774
2911.1584719986504,2913.865728945654,2883.228648558824,2887.60546875,1369364,917.3146504805366,921.4756734760364,911.6536723389962,915.9114990234375,21550141,1129.8472737459822,1130.7899043107132,1115.3493701951222,1118.5362548828125,6948732,789.0083230433131,791.8569644245696,785.1781855528116,787.572021484375,49646942,1113.0650580248443,1116.4503639599598,1102.8865442699205,1106.02197265625,10525531,2146.5343622749283,2149.951537968796,2099.368360592654,2106.298828125,2290757,360.9838924661413,363.04065112279585,350.9938838393776,352.3370666503906,24919291,548.4021291522823,551.7466451422207,530.843632841543,533.4448852539062,45656620
2896.764912019686,2918.8741769245094,2890.4931442019483,2908.361083984375,1152449,920.7015400802892,925.1044837080005,911.1698318764588,923.4594116210938,15427412,1127.558062988569,1143.0434145513507,1124.6405329839868,1139.093505859375,11094136,789.0083827444214,789.9659171894996,781.1326853109591,788.4817504882812,30460332,1106.0218196807168,1111.4291017814717,1099.1149119209986,1109.6114501953125,8050447,2109.956312758174,2116.7424874982084,2087.3358869599,2108.079345703125,1729803,353.38645758005697,355.19138951321884,345.327280453651,352.4630126953125,26759905,537.9042299383079,544.6396455981572,529.450144687857,534.3275146484375,42293962
2914.813188789529,2985.6079108748772,2903.126907529479,2976.809326171875,1333243,920.3144745564015,923.4110705194826,915.572865513465,919.6370849609375,15509525,1142.729481502441,1163.0624495275167,1140.3057304351832,1160.5489501953125,7625947,787.5720763787239,791.3543491028732,781.6832161993159,785.6809692382812,28334032,1106.4534840047638,1120.5397737195674,1105.2494084549478,1115.5413818359375,7434906,2108.031009140239,2138.8332887258493,2096.8650887893573,2133.635498046875,1112099,354.2259415552699,357.4160140416538,351.8333605843728,356.5765380859375,16015615,536.5106821829805,539.1119347559843,532.7481510771131,536.185546875,21484049
2983.397162487744,3003.2052151323046,2969.048788762343,2975.320556640625,1687418,921.2337828236806,927.8623846317511,914.4600050088006,922.5885620117188,16579935,1166.2941167921063,1179.7148242453716,1164.364145617976,1167.0572509765625,7436031,789.4871228939105,789.7743715289307,782.0422694614203,783.837646484375,22470074,1118.1087637100431,1121.4485168171577,1113.9282731003457,1115.3369140625,6092034,2142.2990791341613,2145.1867934383486,2111.8817277956055,2115.39501953125,2265389,357.62591685967556,361.9912876995608,356.1148228603138,360.27032470703125,9068926,537.8113249003358,542.2706230270803,535.8603429865368,540.3196411132812,16120548
2956.324611866416,2993.5042301988665,2956.324611866416,2981.005859375,1016555,916.1050779412483,923.0239727062751,908.1700692529853,910.2506103515625,18049620,1163.6907159656682,1171.500676643536,1159.202207626038,1165.80029296875,4824077,779.2176169192138,782.6647175463944,772.5387790945629,773.5921020507812,33588112,1111.4063935962217,1119.630957590089,1105.749113749558,1108.8389892578125,8112254,2117.657072207262,2125.838929077154,2094.555358692274,2103.36279296875,2648479,359.5567521718216,364.9715212398601,358.4653961486987,363.9221496582031,11921823,538.647424884356,543.7106106427419,537.2074508400949,541.3416137695312,17616658
2972.567908676655,2983.3969356663692,2948.2929279682253,2972.11669921875,1374917,906.7185078782338,911.169823779576,902.7994055425181,909.4763793945312,19328582,1162.0747750049484,1173.2960455245018,1157.361841386736,1170.9171142578125,4334121,773.5441253964981,775.6268094273125,764.7587591498904,770.6236572265625,29776930,1105.9537453747698,1112.8151011277312,1097.8427615845399,1108.7027587890625,11487863,2108.0313995391816,2124.683932024683,2096.480542555405,2122.18115234375,1689521,366.8184044789324,371.43562871411757,365.01347261947217,370.34429931640625,18905572,540.6912739415322,541.5274171494668,536.046159904234,539.9945068359375,16479436
2972.1169557498865,3012.861085188572,2969.860908265637,3004.0625,1791115,909.4280664519105,921.6692745737228,905.3154155340302,919.975830078125,10957182,1172.398361832931,1188.063211884976,1172.398361832931,1182.677001953125,5521606,775.1241337865805,775.1241337865805,767.1047828039214,773.5921020507812,26635066,1116.9044905832286,1140.0786760550607,1113.6101699812016,1138.9427490234375,12626260,2126.3202510550777,2137.6304651564346,2118.619679752026,2135.41650390625,1249128,372.233150853127,373.3664913098744,368.95913601863043,372.40106201171875,13496209,539.9944904314373,546.033138496477,539.3441631453613,544.4073486328125,9788076
3032.849232977015,3042.956279759773,2988.811150226681,2996.346435546875,1210372,923.0240444711529,926.6528543001206,916.2018938052257,917.50830078125,12108079,1196.3670853553535,1196.3670853553535,1175.8546221650074,1179.939208984375,4419365,779.6723723310973,785.6569622323185,777.9248603912886,783.0237426757812,21816292,1145.5314605509366,1149.6210865747194,1139.2608448772517,1145.3497314453125,10010304,2141.721196032774,2157.8924412775295,2137.1008066767345,2141.2880859375,1369656,373.5763540934251,379.28493429900243,372.8207938014868,377.0182800292969,20589822,548.1234407825631,554.0692092621026,546.3118350190275,552.7685546875,18432231
2991.5191919697595,3002.3030557024185,2979.2012598943925,2992.60205078125,1344224,914.7986858150222,921.5240914294349,914.1213552721521,919.2500610351562,18483624,1180.477725221967,1190.7115464294097,1175.2261922392356,1188.42236328125,6274719,782.1141249746089,786.446991726549,779.6963855607993,783.6222534179688,37125928,1145.3496310598186,1153.1198717474913,1142.50963326853,1145.0543212890625,11342504,2146.5343030932686,2153.2723031478213,2124.587627343595,2128.052978515625,1716729,378.53411095602627,387.5039146499954,378.53411095602627,386.1734619140625,19627897,552.7685930459252,553.2331044686529,549.5170130868315,550.7247314453125,15031640
2986.1042492714746,3002.9794392550057,2946.5330909329136,2968.507080078125,5815424,918.8145563715582,921.23376268112,910.1054136571358,918.4758911132812,27254425,1184.8315574211917,1194.9307014660071,1179.7147016049091,1183.440185546875,17800782,780.3427069263231,782.7604463317739,768.2538345692759,771.22216796875,43334270,1135.9892890678166,1140.4650896335454,1118.2678159183406,1122.3118896484375,27107927,2118.715703593918,2140.7584915426046,2117.656781202217,2123.09521484375,2809284,385.65842153341305,387.97598863487576,379.7786896234105,382.39666748046875,14821960,552.9030719118671,553.8501481082919,546.936503435379,549.162109375,28797643
2990.6159485818102,3014.0788377378535,2975.72603815586,2999.64013671875,1177314,923.4110568080118,923.4110568080118,902.6542546695372,905.8475952148438,21650700,1187.2554902181837,1193.4944735314186,1183.2606516913986,1184.5174560546875,4277841,775.5549758597977,775.5549758597977,766.0274971750312,767.9425659179688,50366938,1126.9694153626442,1129.1278089205925,1116.9044841377781,1119.2900390625,14592692,2134.0206483383167,2138.833505010257,2119.726370021547,2125.1650390625,1049488,383.6842103628602,383.6842103628602,376.8173641905987,377.418212890625,9142172,551.0088964611522,555.3654814653645,550.251247096706,551.9086303710938,17820226
3001.671241441304,3010.379496788302,2975.6815298082374,2983.036376953125,2030661,912.5245963573434,914.121296105405,904.8315086794461,907.8313598632812,12494376,1190.8857617337856,1194.4338775054596,1179.104315999841,1181.7880859375,10909311,771.9881679023533,773.1133176055869,766.5063067001975,769.1395263671875,17859710,1122.8117036497752,1128.1962696801756,1113.7238061790024,1115.6322021484375,15800644,2137.8709298015006,2153.5608895241453,2129.352079506498,2150.913818359375,1399950,377.67572763758034,381.8816685853723,377.5040449197469,380.5941162109375,9558309,553.7554783910537,557.7332100831975,552.1454372531686,556.1231689453125,11323908
2991.518798732182,3002.347826057909,2964.491395428479,2967.965576171875,1861468,912.524632867169,921.0402273846815,912.524632867169,916.1534423828125,10751684,1186.3369863034209,1191.2951754512299,1180.241587621195,1186.7918701171875,5002553,772.9696311869709,773.9271655706029,767.2004631482836,768.1340942382812,18697242,1121.085068396339,1128.6053121788445,1117.1090229973545,1125.6517333984375,10908682,2160.972916998755,2187.7324504547996,2156.1600597225884,2183.40087890625,2344944,381.96745917563834,383.5554221471092,377.7615186370993,378.2336120605469,7427630,557.354356472538,558.5855439997637,554.9866659182792,556.1231689453125,12920507
2959.9342573409676,2967.920753448757,2906.330658002561,2916.888916015625,2022849,915.911451953909,917.1694273442739,907.7828956332198,911.6536254882812,11894330,1172.3265202842344,1172.3265202842344,1158.134167776339,1163.5927734375,10008100,769.6901249341668,770.7433894299307,762.3170981340278,765.7402954101562,32182852,1128.4689187387335,1130.4000307352399,1118.7221336360576,1126.6058349609375,7493309,2184.074242994709,2195.3362800148884,2178.9725681898954,2192.689208984375,1677680,378.36241367322003,380.76580856133046,378.01907543259387,380.0791320800781,6703067,556.8808077766311,557.7331994819402,552.1454267581223,554.3710327148438,11199940
2935.5686573495286,2958.896273847872,2924.739630639355,2955.33154296875,1567196,913.8309715647682,915.2824953565665,903.6219327083176,909.8151245117188,16486469,1174.0550816558036,1177.2392682391398,1166.7769408938925,1172.6448974609375,5397578,767.6792895707576,772.0361181070452,764.112497093835,769.7140502929688,24949026,1130.0821412207565,1135.9892989888378,1123.5388113588674,1135.148681640625,10312545,2192.7375583702224,2231.2404127753184,2192.7375583702224,2228.833984375,2128603,381.109123419648,382.5254037767352,380.036181282122,381.06622314453125,7833952,556.8807700208413,559.3431448615423,554.9866177418588,558.0172729492188,11113781
2942.7882185183284,2950.9099891306146,2917.520487724549,2920.6337890625,1759366,906.3314429874264,919.7822539132716,904.9767228695448,907.5894775390625,17608140,1170.1429253728747,1175.4196213460507,1165.5031332892086,1167.0498046875,5034942,767.5834912360843,778.4754447215801,767.5834912360843,770.1927490234375,37395522,1138.7156307485393,1143.6458744813403,1131.8997070078415,1135.8302001953125,12071109,2230.2296751926024,2257.2780245266404,2226.1869224636807,2252.705810546875,2556995,382.56837303043864,382.61130051396833,379.30661878284866,380.16497802734375,7294955,558.7276422332659,562.515947212822,555.3181330686974,557.3543701171875,15971917
2928.349367716642,2932.8614622739865,2892.568546003746,2896.133056640625,1775689,910.976391174022,913.4923422203289,905.9444300187516,907.734619140625,12253128,1166.7769126021076,1166.7769126021076,1149.9462124982956,1151.72021484375,5339073,773.639906451702,774.8846894448892,769.3788668136775,771.1024169921875,18212578,1139.1699412328312,1139.874261684162,1125.9924180855612,1127.787353515625,5877018,2257.230109926305,2280.187533616868,2250.732752467029,2274.556396484375,2501720,373.5127150558858,381.7099867726844,373.5127150558858,376.34527587890625,7329661,556.8807949778836,557.9225556560352,546.2261879311128,548.072998046875,18870272
2901.2771305591828,2936.8323515906563,2897.6674545025,2930.064208984375,2324605,907.6862521075698,913.0085062510576,903.1381322087851,905.7025146484375,10520125,1158.5890989066725,1178.7858962557063,1158.1342150829948,1175.374267578125,4785588,772.0360368064102,773.592030136009,765.7641400155738,766.4105224609375,13408292,1124.8564945620458,1131.0816777652867,1120.0852643496842,1128.7869873046875,6391969,2276.481357012698,2281.2942140042683,2245.7754234075933,2252.368896484375,1172382,377.6757170059225,378.49114868429234,372.39683403052095,375.0577392578125,9054977,549.3041644401906,550.7247786585704,547.1259008663296,548.025634765625,8786066
2941.88549693874,2946.3975912591977,2922.9347007928154,2927.176025390625,1371928,905.6541484806579,915.6696395390605,903.9122725899293,913.056884765625,13528776,1182.6069242988215,1188.611368241848,1180.0141088524708,1187.1102294921875,4846587,761.2876940266594,770.3364055694209,761.2876940266594,767.7031860351562,27926108,1133.7173319025067,1146.6448585440896,1129.741286337972,1145.46337890625,11248016,2258.048035210332,2269.646831666449,2239.9998228789073,2266.27783203125,1688768,378.5340739069618,383.1691806856377,376.2165069157611,382.3108215332031,16732376,548.783285043374,550.6300950913596,543.8584775170594,545.8947143554688,12612098
2927.176702001411,2938.141225924814,2911.0686537442966,2933.8095703125,1658544,915.4761168686471,916.3470548384208,905.9928391498903,909.4281005859375,13489262,1188.4749628140476,1188.7933592845616,1176.5114958499232,1183.0618896484375,3457981,771.0306076745784,771.772720205927,766.1232439139638,766.8653564453125,20113968,1145.5314201372407,1160.9809175855808,1143.7138887627082,1159.549560546875,13277380,2264.834139094841,2271.6684899938164,2252.4170621125127,2266.90380859375,1013564,383.04040760452125,384.32793267131706,380.8945234252868,381.5382995605469,9039402,546.462938992896,547.9308954655977,544.8055557290528,546.0367431640625,8948696
2950.401406942202,2952.3559488348933,2918.3090542596706,2924.03662109375,2273810,910.2989610606047,912.4762467370247,894.4773163743614,896.6546020507812,19366819,1177.1937141878004,1177.1937141878004,1166.9134071805377,1170.68896484375,6161155,767.9425712071014,768.8761438484094,755.9733914813049,757.4336547851562,35377476,1159.5268135380984,1164.4116242878063,1152.1201510303479,1159.86767578125,11813494,2266.8554314903454,2280.812715463428,2261.0800036394144,2272.919677734375,2561534,381.9674822471672,385.1863086570211,381.7528992605887,384.6283874511719,7787525,545.5158387577229,546.1788035949786,535.3347705864633,536.5186157226562,17934877
2906.4895735209416,2908.6713974620043,2869.2152311642453,2886.397705078125,4156189,899.2673651712831,907.4442943791796,897.0417071602234,904.009033203125,11249387,1170.8709985269152,1184.0626298234502,1165.4579252792078,1175.1014404296875,8536287,759.8753597118556,770.4321412189463,758.3672313699111,767.3441162109375,15779272,1163.3438717544047,1173.431520437393,1163.3438717544047,1171.1595458984375,24171579,2275.2782214611652,2290.92000722478,2264.2086499976845,2278.214111328125,1794542,385.40090157093005,391.0660503441356,384.4567146426835,388.920166015625,12181426,538.6495217087493,544.284635958382,537.039480808149,541.0172119140625,12660226
2900.1257053530403,2922.7629614182097,2886.488750625675,2918.671875,1468186,903.3316527921857,903.7671217485372,889.0099629857297,893.316162109375,19351375,1177.2392578125,1182.2429795419966,1170.9164175038359,1177.2392578125,4451787,771.2939478800904,772.8499412572538,765.2375312003252,768.014404296875,24829146,1174.1584519189826,1174.1584519189826,1155.3692013285906,1159.52685546875,6798554,2289.957440493079,2329.326518125492,2272.6311546885913,2277.781005859375,3111256,390.3364491318434,391.32356354688983,388.19056478835836,389.3493347167969,4350517,541.0172686527673,542.4378829249408,535.950434203992,538.7442626953125,17903691
2921.9448612962487,2938.76377229002,2910.171667991738,2934.39990234375,1528452,891.187294543562,898.541658614634,885.2360229801786,895.6386108398438,15212286,1177.239178669295,1187.24662145551,1174.6008306327171,1185.791015625,4009180,768.0144276761805,771.2939713592292,761.5510703742875,769.6182861328125,20005626,1157.5957972211602,1165.070488566,1151.893084884151,1161.9351806640625,6921096,2276.4330820776804,2300.2085475777,2266.326082836546,2292.844970703125,1771306,390.37932999535724,390.37932999535724,386.3879994608957,388.70556640625,4644353,538.7442468937137,539.3125272688809,532.7776786865753,537.3710327148438,14549152
2954.673593600641,2965.0375906543964,2930.9907039438817,2962.12841796875,1645987,898.0093192966337,898.3964159041491,890.2678596475248,894.8159790039062,9210553,1182.6522836320391,1186.154977548267,1178.1489786763307,1182.1064453125,4041529,773.6877691232111,783.8615717803077,771.2939332038942,783.0715942382812,24308946,1161.889751966922,1167.728761153971,1157.800246036839,1165.2069091796875,6961603,2292.8448914507394,2321.722031141555,2292.8448914507394,2304.828857421875,1607299,387.975980209531,389.8643540714859,382.01042067086826,383.72711181640625,6292873,537.3710020274224,539.3598387145792,535.7136188531458,536.3765258789062,14946871
2963.7650532654006,2970.7198119240816,2936.5821435529915,2944.21875,1529603,894.5258054552514,905.3154308434969,890.9453680771945,895.8321533203125,27291569,1173.0543732215287,1173.0543732215287,1158.5890460770524,1165.9127197265625,6676607,785.1782441229523,793.5806322468177,784.7234386393332,786.9017944335938,56596140,1161.4354185434336,1169.296404389101,1150.52986917785,1152.1202392578125,7619166,2304.9736548319174,2333.2731610514743,2290.9200178640717,2325.813232421875,1741775,384.5425372089923,385.95884478597384,382.697090857317,384.24212646484375,6892713,536.3765795536382,538.8863545906687,531.3570872845204,533.1565551757812,14979063
2943.1275340242505,2954.127877366656,2917.5353831715756,2924.081298828125,1119505,896.1224249124842,901.7834033389462,889.3002746615077,893.6548461914062,8767733,1161.2728742885731,1163.9112226889422,1149.354940265523,1150.8560791015625,7239467,784.0052404143834,794.7056754911911,782.3295552385844,786.8538818359375,21339218,1149.1211566554268,1151.1659695700039,1141.441900396204,1142.6915283203125,6628570,2328.4120541464354,2336.1608009606443,2294.0483019734056,2300.112548828125,1212955,384.1133357229002,384.24209094526907,379.9932502182674,381.75286865234375,6325479,532.256799763519,532.3514842571589,524.4907637219954,525.2484130859375,12215712
2913.7633478828543,2921.8545208154455,2884.6711709305137,2899.80810546875,1978803,897.1385095411223,901.6866295468166,893.3645828609866,897.4772338867188,11749040,1155.6321899905513,1159.0438181837924,1148.3540498449702,1155.72314453125,3403244,787.571994837304,790.3249060654587,779.7680665871447,783.0476684570312,16130314,1139.1701227938759,1142.9870354453747,1130.8546930683367,1133.96728515625,12641159,2308.3424113628625,2313.877196536471,2279.320744624804,2288.5615234375,793572,383.5983435096489,387.4609460620195,381.10912103063964,382.5683288574219,5688287,526.5743681702502,528.9420586746129,525.1537538676326,527.5687866210938,8360264
2911.035472947951,2917.9902315635795,2893.1256488765357,2906.80810546875,863542,899.9447553905696,909.5732084032469,892.3968434482118,905.8475952148438,13422726,1164.502650447375,1166.3221858386987,1159.2259533902843,1163.7293701171875,3240024,786.5905941784453,800.929707728713,784.4840651290187,794.0833129882812,33831864,1134.4215309070003,1140.3058517527372,1129.9230146151945,1134.3760986328125,9689466,2298.0910643251323,2307.235492714248,2282.786272917095,2298.668701171875,1012317,382.9116733684778,383.8558602828028,380.3795233692762,382.0533142089844,5052984,528.7052460586985,537.8918960196315,526.2428712590395,536.1397705078125,10694768
2916.4906939251964,2937.355194866222,2903.2172996157037,2923.263671875,1575872,913.4923004032572,913.4923004032572,904.1057681310743,907.1539916992188,25708001,1173.6001280966725,1179.6955262002027,1165.7761494538163,1176.6478271484375,5662358,799.5412267594668,804.2810337444777,794.9929383437692,802.4856567382812,59562950,1141.896393407388,1153.1881169201986,1135.0122016455275,1149.3939208984375,11354006,2310.1714927992907,2341.839999678629,2300.5939538192865,2330.818603515625,1734938,381.9674771718805,386.7742665852522,381.5383112044259,385.7013244628906,12548096,541.9643300759469,543.6217133483505,538.4601367390198,539.6439819335938,18028934
2927.3998078961313,3009.2215416572035,2922.036027465169,3002.17578125,2672406,910.1054690270411,911.7505412301584,900.5738192125333,904.3961181640625,13843218,1190.158048597247,1218.0879833361867,1186.746419756991,1214.9947509765625,12821692,815.8193069543128,818.1174128864183,805.8848875767882,814.5745239257812,40699016,1157.0732487107562,1161.7307784588775,1151.1888070463274,1158.8226318359375,11151555,2329.4226691452036,2390.545949926493,2324.65798795887,2382.8935546875,2690699,386.2592797284209,387.933070675078,383.34086384041257,387.6326599121094,9456776,543.621753554977,543.621753554977,540.0228754582851,542.5325927734375,8718232
3013.13049275471,3017.2215789622455,2971.719564640637,2974.947021484375,1687264,906.7184853671359,915.1857070821438,906.2346441262783,912.089111328125,12350359,1209.9908380904787,1224.5471188494619,1208.5806539697087,1213.35693359375,7732412,819.8888261766497,841.4333500761821,818.6919081822313,823.3838500976562,44104116,1162.3669506539804,1191.425580555085,1161.1400387375704,1188.5628662109375,12154387,2385.4439994870963,2399.112464091795,2356.374395045499,2362.197998046875,1078456,387.6326586414976,399.95001675366007,386.30220594419177,397.6324768066406,11111199,544.0952635802307,555.3180931535118,543.5270409961187,554.4657592773438,15421985
2991.0388296361334,3013.7670882199945,2979.4929186666623,3008.176025390625,1656681,916.6372563189024,920.5563586664051,911.5569231484889,914.169677734375,14041699,1223.0006455219911,1224.5472060405089,1211.2646211133026,1223.77392578125,5797775,825.1312514621555,836.406241634242,820.5111950503219,827.4053955078125,38795188,1192.7887391966194,1192.7887391966194,1169.2736896643748,1176.31689453125,8061643,2366.192772507451,2391.412094098189,2366.192772507451,2369.706298828125,1441581,399.13453461619395,401.7096119255575,394.6711108059222,400.2933044433594,8022597,557.0702178075081,564.4100581652275,551.4351030041416,558.0646362304688,24799250
3018.312834894104,3026.495008241709,3004.6758793147633,3018.267333984375,1453008,911.6053079205813,933.571712979693,910.5892530851423,927.0398559570312,13817767,1235.327962395677,1235.4189169481579,1219.9983999394044,1225.72998046875,5414936,821.6842446245804,823.4796217067899,798.8470715161803,801.1212158203125,37165754,1185.5183304828597,1185.5183304828597,1170.432411192628,1174.3856201171875,10248062,2368.8880430283516,2391.941579380309,2362.4870376852327,2378.3212890625,1191896,400.29332954380067,412.5678138010311,398.53371095448574,407.8039245605469,16878943,558.5854903048938,562.279110336461,557.0701916178066,559.3431396484375,13598114
3006.084827429316,3025.9946921480014,3001.948240187536,3020.948974609375,1848238,923.846533565768,932.7492247541551,923.1691439746393,928.3946533203125,16334427,1221.4084327344483,1225.8662047537898,1216.495665897886,1222.6365966796875,5963897,800.977524195429,808.0872054143094,794.9450691746598,801.93505859375,52156544,1170.5461356600117,1201.626743759331,1170.5461356600117,1199.0367431640625,19117987,2375.7226082177976,2406.38036684653,2375.1931469379083,2395.455322265625,1796824,409.73521112545217,409.7781386030594,403.8555068794989,406.7738952636719,9835812,559.153741476405,562.0896542062237,557.922496326865,561.142578125,11323509
3001.948608480936,3051.859779118901,3001.948608480936,3026.722412109375,1789326,922.2014392920128,924.1851766406033,913.2987483173766,915.8147583007812,8593807,1213.6298905441663,1224.3651918692738,1205.7603791627248,1210.1727294921875,6295647,797.1473857846021,801.9350577712964,792.9821345334826,794.945068359375,19926336,1197.332705283274,1210.9418359205672,1194.1518448825288,1196.696533203125,13375267,2389.8241066717114,2410.27874860778,2353.102102326423,2357.67431640625,1837661,406.0014089058079,408.147293213273,401.3662748624045,402.052978515625,7605499,558.7749361423764,563.9838550386189,554.5130934090871,562.1843872070312,11707209
3022.631527699752,3022.631527699752,2968.492763863689,2974.62939453125,1407431,915.4276604061656,922.1046933935976,910.9279130803762,917.7501220703125,12069184,1215.9499539497926,1220.817188493727,1200.2564625432983,1209.2176513671875,3940315,795.2323081500037,802.772891445225,789.8222154878739,793.0538940429688,38398442,1221.8245601360636,1252.3145466417043,1215.5085119378625,1242.794921875,33240016,2358.2996299974375,2371.1500505538306,2329.422491670938,2347.470703125,1178479,403.42633094153337,404.1988623491033,398.0186926997213,399.8641662597656,6772454,563.1787957972151,568.0562027677943,559.0116380586246,561.2372436523438,11417363
2995.5842749230624,2995.5842749230624,2964.4920637140776,2975.037841796875,1110172,917.750137644119,921.9111607222271,911.4602011815253,914.41162109375,16977595,1213.129595917475,1229.0051076173486,1207.2616391546826,1226.91259765625,6126128,796.1898182223189,802.4137915457645,787.8113925946035,789.1998291015625,50670426,1250.9058502676546,1258.6759714064597,1243.9536302912918,1256.2677001953125,20069348,2355.604730027937,2386.214548158564,2355.604730027937,2381.93115234375,1219658,399.9929153943561,407.3318276357208,399.9929153943561,406.1301574707031,8783282,563.5102635613317,564.4099973918707,556.2651084792831,557.401611328125,13221177
2982.810819949394,2990.265643534798,2954.764285186682,2963.673583984375,1515240,917.7501246070915,920.4112515342325,910.8311709714633,913.87939453125,21511161,1229.0960058756348,1229.9148189122855,1207.26158386156,1212.9931640625,8102770,792.5272531476065,797.7697889233564,779.0260418202364,781.8028564453125,70958358,1256.9947982953927,1273.2167658916628,1254.8818367760516,1257.6536865234375,18733835,2387.4662238047417,2392.9046589730483,2356.1826489363243,2363.06494140625,1822435,410.0785810019085,410.0785810019085,403.81261058479845,405.40057373046875,12816220,557.8278671866714,563.0367861502142,557.0702178075081,558.0646362304688,16029716
2985.5842369007783,3061.4511244735218,2975.3565198894707,3036.99560546875,4585146,917.0727487171628,928.2494701654196,911.7504947834543,924.814208984375,23222286,1214.448888824335,1252.5681765318216,1210.7642853266614,1241.923828125,9977644,793.1735289409957,793.532604310247,784.2445681802172,785.7047729492188,41913546,1264.9920307015198,1271.8533855353082,1243.7945103332902,1246.4072265625,14682934,2373.7009416475835,2391.893446104358,2354.690157544769,2358.444091796875,1141663,406.7739298418112,409.22025219887996,404.28470720721316,405.14306640625,8214385,563.4156674537284,566.3515806192413,552.4768908483136,554.6552124023438,20024503
3059.223633971811,3204.548209497131,3047.4049393977743,3195.27490234375,6306101,928.7333276529091,933.8136610419978,920.6047706053051,929.0236206054688,12871569,1256.0706748916025,1300.9676843031073,1256.0706748916025,1297.2830810546875,12833381,791.6894113288874,791.6894113288874,782.7843533101579,787.3326416015625,24727214,1249.5881074417618,1254.5410670168455,1238.2736675009803,1245.3623046875,15124144,2358.5404711289452,2384.33743053691,2357.0002629542596,2379.717041015625,845623,406.00141282113736,407.718103961429,404.58510522527325,405.9155578613281,5277090,555.6969192600167,560.0061040903931,549.9671202346848,553.4713134765625,12190152
3191.047775615765,3227.3219906075915,3161.0919726546085,3174.41064453125,2743228,931.7815569904748,942.3292614154661,922.0563000505355,937.3941040039062,16290763,1297.282891302177,1327.3052180870611,1286.6841890241146,1294.5535888671875,11569884,789.9658626293475,805.2864126924621,781.8268204083179,803.80224609375,49252928,1248.225023984058,1279.1466167196916,1239.5914489485467,1270.8084716796875,22220040,2382.363890961467,2400.6527450738986,2372.7381782707134,2376.39599609375,878697,407.2889551029162,408.404797590093,403.9413732339311,405.4434814453125,6325310,555.933724407829,570.9448589210546,553.2819226326304,569.2874755859375,19378986
3160.1375582293717,3203.7758214040005,3150.1371229185193,3179.093017578125,2600090,946.3935430693452,956.0219963476638,939.7649411626849,943.9259643554688,29709508,1304.6067308473641,1344.5909722136412,1300.0578928736984,1342.089111328125,16743977,812.9466853634967,815.8192884919896,799.5412040971963,803.1319580078125,81076818,1280.0325658904894,1289.3249082218795,1269.1270172578058,1281.6002197265625,25867313,2376.5888293749313,2396.754653567328,2375.722609100454,2382.075439453125,720865,405.6151625889643,407.03144303513886,404.2847099021475,405.5722351074219,5558415,571.1342759530944,572.0813521283934,557.5910982073067,561.0005493164062,25757209
3181.9561925165294,3197.2751275399046,3132.5448697161914,3154.727783203125,2405370,948.3289095463948,948.3289095463948,936.2812498523813,941.9906005859375,15994261,1351.9146708665796,1363.559740717556,1328.8975058703597,1341.8616943359375,13687062,804.8555001145571,808.518080755261,801.935031985233,806.7705688476562,32935134,1285.9398963552078,1297.7542122517561,1270.9448400838094,1291.324462890625,39122156,2381.9792804136932,2409.268038601709,2374.0860069315577,2400.79736328125,1431080,405.7867835710082,412.39611896102673,401.7954530539886,411.02276611328125,14401395,563.1788513109324,570.5186914159763,560.6690764111024,569.6189575195312,17556585
3147.481366184457,3170.997743413203,3131.9403423330245,3156.778564453125,1715404,944.506621046526,965.8924426489554,940.6842628380169,963.4248046875,26487838,1338.2680093081667,1338.2680093081667,1310.7020092897064,1318.7080078125,8347221,804.8795083270657,810.0741208768967,804.3289143458549,808.5181274414062,56210948,1270.1421687973038,1295.224991076979,1270.1421687973038,1289.760498046875,38717624,2400.653019947124,2402.2893442913596,2376.6369110344153,2396.513916015625,1045704,411.9240944126014,423.7693871222688,408.8340227846411,422.4389343261719,21030102,569.5715597582258,578.4740399478636,567.0617851030194,577.7637329101562,34038351
3102.772940548675,3130.892412746542,3061.755687476042,3070.18701171875,3770223,963.1344078710805,969.0856790406557,956.84447144192,964.7794799804688,16903003,1201.075039161913,1228.186155763225,1187.2466172377842,1211.4464111328125,45548305,804.3288278103088,809.0207693498382,801.0971494842852,802.2940673828125,42154248,1284.4190157057792,1287.3235564344566,1242.3763715855305,1249.834716796875,30249238,2427.604985047124,2497.872694764983,2426.738764818836,2489.4501953125,4610417,422.1384452121807,427.2027452802702,418.01835927513474,420.97967529296875,14510084,577.7164436119874,586.7136669141413,576.7693674749186,582.5465087890625,21040281
3081.7630924388072,3111.3410462610273,3073.6508799072253,3094.296142578125,1680132,972.472540227103,976.1013496022506,958.1024196639266,959.9410400390625,21687719,1219.998361010124,1228.0953149237007,1213.8574296627578,1215.995361328125,8859789,803.6107312414538,806.555161158962,799.5890751426567,803.5628662109375,32179444,1221.4041174807796,1238.117785416934,1215.6441946530279,1224.5548095703125,23727866,2538.9262314615617,2539.263225435719,2487.188021314795,2507.739013671875,2155297,423.5547346399295,428.919472774112,401.8383804408482,404.5851135253906,40477929,582.4991762065254,588.9866825360349,581.7888690919402,584.9616088867188,11756364
3096.8027636160755,3105.2797075197404,3081.033863241791,3098.306640625,1272980,966.714856111477,966.714856111477,956.3122688209883,962.5538330078125,29325327,1216.359245637285,1221.681363730559,1204.759709076421,1214.17578125,6801982,806.555183500857,813.4254812031791,803.5628884699448,812.2764282226562,55992596,1227.8041962368873,1233.3179681079685,1220.9119513502328,1223.767333984375,12026020,2518.0868518699654,2519.7713518664377,2457.44485199695,2465.049072265625,2068876,401.6237788744661,402.13879980516936,390.89435750965157,396.8170166015625,45211370,588.8919257906668,588.8919257906668,572.2234090326344,577.3375854492188,18503305
3099.3998108666033,3118.0854444919646,3085.408283992545,3088.416259765625,1066803,961.0055423866522,965.5052899891136,958.0057500267827,964.247314453125,12780537,1221.817774817035,1228.186147433356,1218.5426339683336,1227.139892578125,5528885,813.7126998116902,813.7126998116902,808.1590121278992,809.45166015625,24794358,1223.3733833366434,1253.8961800235134,1223.3733833366434,1243.65625,12911012,2494.022519522024,2573.7716547205137,2488.2470910707957,2547.20458984375,5820099,399.04873776734865,406.0014116761696,396.60241549420846,405.3576354980469,18842179,579.610620027468,583.7303782733334,576.9114760463759,582.5939331054688,9999125
3094.4780014441108,3109.699914070163,3085.454295510359,3096.25537109375,1701769,970.1501028645305,973.9724606478103,955.2961997425043,958.2476196289062,25932395,1236.0101907567564,1240.7410487249037,1225.5024420215238,1231.052001953125,9191861,813.8564004422645,815.3405671200665,798.3203692500316,801.0493774414062,59741302,1247.521034743089,1249.2932542715916,1226.0074074454076,1232.0872802734375,17226898,2569.055068691831,2576.178238546102,2547.397210694087,2560.632568359375,2117794,407.2030751174403,407.8468240381567,395.78695080095144,399.1774597167969,14528232,583.7777730624562,588.3710693551636,580.6523754641814,583.9197998046875,17444742
3085.408792220562,3093.3387496319633,3036.1880906607657,3058.428466796875,2599831,956.070362346762,966.4245774762064,945.4742265790718,964.00537109375,12584130,1231.6888321728816,1240.7865080925476,1215.4495028674003,1219.54345703125,6122735,795.4716913114755,799.0145802289601,785.7048288838802,786.8538818359375,41015684,1236.6902137331379,1251.853175548335,1231.0287272255082,1244.4686279296875,20827852,2560.5842193685376,2568.2847905795434,2526.749928611294,2550.381103515625,1325724,401.45213724855495,402.95424541008026,397.7612172595792,402.09588623046875,10362522,583.7778004197922,587.0925671630472,581.1259407812325,583.4462890625,11930586
3066.6317666989726,3123.3722948817326,3063.4415361987367,3118.632568359375,2743678,963.8118784332275,967.1020229284449,956.6510035025354,966.0375366210938,14303116,1227.0489861059361,1235.0094521881804,1212.9475890459607,1233.371826171875,7902180,789.989808735889,793.2214872008873,784.5557544882844,790.5403442382812,34565006,1244.4686660676819,1257.2930680054526,1239.594792375287,1255.00390625,8551174,2555.627115920243,2589.3171155651426,2532.6217530209833,2580.990966796875,1284981,402.5679733624371,403.16882205833537,397.847038754469,399.73541259765625,8510403,584.0145391310097,588.1342973187537,581.9783022582515,587.3766479492188,8605483
3112.7532591629024,3153.7705056233212,3112.7532591629024,3146.524169921875,1956167,969.2792116429864,971.2629489797961,958.4411556974744,962.4086303710938,15508569,1239.1034366209878,1245.471809643269,1234.55459874793,1242.0146484375,6064652,792.0962813602819,798.3202542585794,789.965790937782,795.8306884765625,35394188,1257.8346449464532,1259.803857697837,1233.3672005487501,1237.25634765625,9536632,2580.9908072911157,2588.354384185887,2555.963951958712,2566.8408203125,1298745,399.9929052562195,402.4392002067626,398.10453149712134,398.962890625,6686176,587.3766262120196,587.9921910123245,578.2846606992431,579.468505859375,13493453
3130.9380706417523,3141.3746384347655,3111.477796074465,3136.133544921875,1914899,953.4092491126727,961.9732162053438,945.9097092186121,955.0543212890625,15787996,1245.7447635687552,1248.1555587567932,1226.7760211098619,1234.4180908203125,7419145,786.1357533490648,790.6840418124119,781.8986752587043,785.4176025390625,28116322,1235.2870185350293,1236.665491369381,1212.8380673987745,1224.0379638671875,12748214,2568.1552978931927,2574.921239486123,2533.7898667279774,2552.724853515625,1479486,398.79125281075716,398.96293553714946,393.1261036919994,394.92864990234375,10715605,577.5743429390312,578.189965532909,562.6578941967817,566.7777099609375,14977497
3117.310662388398,3129.387962469289,3069.912956410563,3099.03515625,2026351,944.9903812949868,951.2319455477858,929.023619238488,933.8136596679688,30994707,1228.186202359877,1243.2428998554956,1227.2764348025732,1241.1959228515625,6503741,785.1782590801716,790.6122554650307,777.039216150682,779.7442626953125,57673946,1218.5981228148664,1231.201012494138,1210.1058926997707,1218.8934326171875,10168350,2545.764221395254,2572.7795013737314,2517.824141529422,2529.311767578125,1612618,394.92861065300184,398.0616092694034,389.9501657308603,391.4523010253906,11026824,567.0145102168711,569.0506892838814,554.0395552258084,559.2484741210938,27774877
3100.2208356691253,3163.7975804799803,3100.2208356691253,3138.777099609375,2248493,937.3456752616711,944.4581179965224,930.1848011518003,939.1358642578125,20582882,1245.380890015176,1260.8469392172133,1239.1034713632262,1253.9781494140625,5712345,782.8562191326811,793.0778874299197,780.0314808905504,791.0191650390625,37388304,1230.1672134573323,1238.6348041373592,1216.776590964359,1235.45947265625,22885610,2536.0288066245207,2565.2345126509067,2529.700903652137,2557.348876953125,1101278,391.6669148466131,396.0445114363515,389.90726895140716,390.50811767578125,7097614,563.32081394777,567.0144336055272,541.159269416028,542.9586791992188,52725616
3148.256794055095,3179.293230331388,3136.6808569030645,3175.69287109375,1853889,939.5713262813622,949.7803647470605,936.910199431587,944.1194458007812,16686062,1262.6664818373094,1269.1258096249944,1252.7499927266074,1267.3062744140625,3729093,796.2377106290166,796.2377106290166,788.7929158097952,790.5643310546875,28300918,1241.0963994857652,1244.7393951840495,1233.2195480808575,1242.49951171875,5982870,2558.4198548326954,2583.7314667907053,2553.649684572805,2566.110595703125,1163125,389.77853349008217,391.8814903834742,387.07470068003323,390.4652099609375,9513953,546.46297490863,546.46297490863,536.660759225921,537.8446044921875,32736325
3175.691927520392,3181.0696551602423,3150.6714521754197,3163.432373046875,1634225,944.2162106511983,954.7155422765243,940.8776941737979,948.2321166992188,23784778,1267.1696952534337,1267.8065991644844,1259.482203966465,1264.7587890625,4161877,790.779775695363,792.6469794990385,786.1597188833139,789.9180297851562,43773828,1244.5423492739476,1247.7176805176769,1230.5363488514104,1235.0162353515625,9844072,2569.177276060585,2579.3505492422155,2558.711898289551,2562.508544921875,767310,392.26775569479224,392.26775569479224,387.160528038295,388.2763977050781,6638681,540.7804504311654,543.858447740975,538.3654179490715,542.769287109375,25038671
3158.2373025425936,3160.1515300654332,3121.9143791043803,3156.0498046875,1794589,951.2078418442472,951.5492947573501,940.1342034996886,949.0126342773438,19317331,1259.1183508602219,1270.0355619948482,1257.7536994683937,1268.5799560546875,4090828,791.4021792268796,792.1203300247262,780.917165889668,790.2052612304688,33361236,1233.1458852114292,1245.0349610213223,1221.453682631652,1243.1641845703125,11486586,2565.2346768985485,2584.7051488294674,2546.0075858667665,2581.395263671875,906865,388.2763827929899,394.75696314088793,383.5983485127932,393.68402099609375,10134166,544.5687939346745,544.5687939346745,538.270714326323,543.3849487304688,15769111
3144.656039836463,3158.237218937404,3126.4717689822373,3137.455322265625,1096701,947.8906587198094,949.9395549383418,936.0853435299007,940.6220703125,24858441,1266.0324754708959,1269.8535657391153,1260.5738702782457,1263.758056640625,3873025,788.5534502391737,792.0005503088863,780.8692141779015,783.1912231445312,50781118,1243.0409059369185,1255.3731247892663,1234.9179033647526,1248.702392578125,15470598,2570.1996364630936,2591.13039292684,2552.23793670521,2573.509521484375,1040041,393.89862551816555,394.2419637588224,385.4009156497953,387.7613830566406,13702317,543.3849066549969,547.0311264796395,539.9280558044107,543.2902221679688,27325801
3133.8090658955844,3159.8320536556635,3111.8419612799826,3143.56201171875,1679974,939.9391281743053,940.0366691362146,926.8654236423497,929.64599609375,17162177,1266.396413303026,1270.8087636526227,1243.6977576448737,1248.0645751953125,5783517,784.4122069559019,784.4122069559019,773.7835398495799,775.0283813476562,28225822,1246.733138146324,1259.7300139419374,1236.837916549459,1253.969970703125,22179330,2572.098146254939,2586.554829509913,2561.584043547988,2568.64208984375,1320121,389.6068336069002,389.6068336069002,381.75290040770386,385.1863098144531,12028396,544.9950425510931,548.3571516956642,541.7276179100518,543.7638549804688,18221179
3136.1787356940604,3149.213150112812,3109.107396536846,3144.51904296875,1190425,925.889728289711,939.4512560325527,922.962784996909,936.1828002929688,19026691,1248.0647379072082,1269.1258813755687,1242.378690051583,1267.8067626953125,4304135,771.2939587813216,773.2090275802822,766.1472113841155,771.24609375,31304410,1249.9577340453427,1271.274485095857,1243.065489745762,1268.788330078125,9575812,2567.181746313659,2593.028845561023,2546.737750609227,2589.475341796875,1364413,385.18633559327105,387.3322200165696,382.01043644013106,385.5726013183594,7854074,542.6272364301581,542.6745786718476,529.0366603790627,531.1202392578125,28084093
3144.655548093036,3159.2394578812937,3131.165387032337,3152.31201171875,1328445,931.2070871701633,936.4267792630915,923.5482159431574,933.2071533203125,17930805,1283.5000834227826,1291.8243675275844,1278.5873165202784,1290.5052490234375,7735313,757.936278873205,770.6475703412267,757.0745330516527,768.9957885742188,34137542,1255.8654425931288,1271.5207081344915,1255.8654425931288,1267.7545166015625,10203112,2598.3342957853365,2623.645907508985,2581.8331195239016,2619.800537109375,1703875,387.1176226200887,392.61108871575766,384.71422780276777,386.4738464355469,15494896,529.2261668704698,536.4239806444865,524.6802126897423,535.4295043945312,15725767
3149.213505497685,3154.5002181176783,3111.112990794358,3131.667236328125,1843241,933.6462023482969,934.4754791838435,923.4019001385633,928.4752807617188,27077611,1291.8701096855618,1291.8701096855618,1279.1333621252818,1284.1826171875,5618346,764.8784583736676,770.7673182443161,763.1549081618289,764.73486328125,52884040,1263.791524524126,1269.2068594315797,1246.930140835009,1249.4654541015625,13673744,2619.8008686578014,2619.8008686578014,2572.049486039114,2582.271484375,1629067,386.25923524920324,386.25923524920324,377.67569850169144,378.5340576171875,16896158,535.8083789270145,542.8167661745958,534.1509955189327,541.8696899414062,27910162
3108.1962872876197,3108.1962872876197,3059.431330874163,3069.09326171875,2526749,924.8166022554632,931.7436780317744,922.9628475581766,927.4996337890625,13257508,1277.0408006474313,1281.589638878783,1261.0744450887594,1263.4853515625,5134103,760.0668453838622,764.2560581283789,759.085349306415,761.598876953125,25633366,1246.142454602955,1268.960755625946,1234.9671961841154,1258.7208251953125,18639978,2579.837645256952,2603.883631622692,2563.0443624717886,2572.000732421875,1898966,378.5340892680003,380.5512183960282,376.38820490169604,379.0920104980469,20068497,539.8334329901751,544.805583030874,537.3710579967587,542.6273193359375,18253227
3076.293965445594,3107.96839960833,3073.5594819207536,3100.585205078125,1375579,927.548427427032,935.9389751584126,925.3044492708552,931.9388427734375,13358017,1264.3495172472738,1280.04300828704,1261.9841437074754,1278.58740234375,3032722,766.2669276465182,766.2669276465182,759.803570243689,761.00048828125,21837270,1254.8424457661688,1262.5000997685252,1242.8371963360953,1244.986328125,9221746,2571.9033973815463,2595.998106290907,2553.9904206772794,2591.76318359375,1376318,379.392435101255,384.97172881651846,378.83448668712066,384.3708801269531,9940689,542.6272655405768,545.0896402898765,540.543686550049,541.4434204101562,9380810
3099.081055570498,3109.1074942796968,3067.224369814653,3082.810791015625,1222012,933.1096469094867,933.6462413283504,926.1825113015468,928.8167724609375,16872719,1277.9505385325194,1279.178813670877,1270.6269757839684,1277.0863037109375,2890714,764.2799958764373,765.069973432526,756.4521639695814,757.7448120117188,32273570,1243.4548358358238,1253.8544488619668,1234.6115281978846,1244.68994140625,7713044,2597.3606546993287,2614.5432491172232,2591.5195137967066,2607.874755859375,1497180,385.400905386339,390.67978850377847,383.6842142287713,389.9072570800781,10234488,542.2010852877467,544.0478953051733,537.4657046302118,538.4127807617188,14073413
3088.143265662933,3100.9041882483175,3077.2053320183186,3097.486083984375,1330046,930.7680634965125,944.4759040942181,926.7191010359882,943.3051147460938,14707331,1288.2310228104463,1288.7768612022073,1278.8149496217914,1280.9073486328125,2559125,756.4521477981758,761.5031649471699,753.2204693186583,759.6119995117188,36498588,1247.061326610869,1256.2752862282496,1243.4795205761563,1246.0732421875,9517952,2618.3403218566345,2653.8252078600053,2611.4282095534713,2645.647705078125,1990672,391.0660623589204,391.10896263642394,385.0575751730007,386.6455383300781,8770272,540.7805133977928,547.362704587704,536.0451323697911,546.3682861328125,18579297
3106.3730455778173,3110.9761369975763,3079.1194508870794,3087.915283203125,1152881,948.8175418923399,958.4764795059389,943.2075667089148,945.35400390625,28389740,1293.2345299499723,1296.4642490688886,1286.820624510391,1295.14501953125,5171963,762.8197446808867,764.2081226998831,754.6088761414499,756.1170043945312,43145792,1254.8177179260883,1254.8177179260883,1220.7782590700385,1225.1258544921875,14140020,2674.756013988986,2693.5450664633477,2609.6273820948204,2616.977294921875,2619182,386.7742888396267,389.26351144228437,385.6584191748243,387.03179931640625,6322751,547.5520301413071,551.1982497366639,545.089597779111,546.41552734375,24131644
3076.2939171345733,3086.138102175971,3053.73442840892,3082.036376953125,1158046,939.5000885244812,948.9150543418253,936.8170569956474,946.7686767578125,10275758,1285.5016097963642,1294.14440193583,1284.0460038576823,1291.9609375,4307172,753.8429059393314,755.2552457791736,746.1108040957927,747.594970703125,30069756,1213.3676467766436,1237.5757146480018,1206.747529523438,1219.4691162109375,22222400,2606.5608234269394,2611.6718225389873,2561.340697866157,2568.544677734375,1408427,387.03181994435965,387.11764770661836,379.435369289396,380.5512390136719,9628041,543.4322918904455,544.8529061378787,537.1816123237163,539.7860717773438,12271885
3093.612685230047,3093.612685230047,3062.7131071750428,3076.795654296875,1037485,946.329613155961,951.2566227280197,941.5489150273396,946.9149780273438,10481574,1291.9608968278883,1296.236871016697,1284.0459634347399,1287.9124755859375,3133464,747.5949720764402,757.7209098998453,747.5949720764402,755.3749389648438,28867238,1221.272366528133,1227.2008731617648,1201.0660879981488,1207.315673828125,12580826,2583.293724512123,2628.5138504408546,2579.886391743033,2623.987060546875,1551734,381.96751283082983,383.5554760253628,378.53410315948867,378.87744140625,7176903,542.4852505231413,544.3794029745524,539.0757992325795,542.5325927734375,9711932
3081.8084975473785,3089.556200731551,3067.178966440109,3077.342041015625,944517,949.5979999303318,953.4518206829681,942.134329925956,944.1831665039062,13209913,1295.509057691945,1295.8729869417455,1287.594124022955,1289.7320556640625,3074444,761.0961768187698,762.5085750919843,757.1463475103358,761.3834838867188,35538932,1211.4162410930335,1212.107851949824,1189.7277154191993,1195.755126953125,16876644,2638.2491688156197,2650.0289003965013,2624.911941955098,2646.962158203125,1101830,380.2078578243325,381.1091172355908,376.9890314639849,377.76153564453125,9845106,543.290312559334,545.8000299325134,541.5855290696916,544.4267578125,13144855
3097.2581115677926,3106.464294438142,3083.6313141767887,3090.83203125,1188200,946.8174880873403,952.134780892738,932.133999542189,935.5487670898438,13936165,1298.2383261733323,1307.0176054605395,1295.5090234553786,1305.6529541015625,3070887,767.918583020737,767.918583020737,753.4358760513546,755.8297119140625,28084204,1201.510516255865,1206.9449799395882,1193.1117996537475,1194.61865234375,12168946,2650.8559970945485,2665.166746252531,2635.3283434558416,2637.275390625,1920079,378.5340963953967,381.1091468019567,378.1049031918186,380.0791320800781,7648569,546.1788293829949,547.1259055366658,536.1397874711188,537.3710327148438,15281416
3099.9925997056025,3114.941019553153,3047.7183044022304,3059.70458984375,3417652,936.6219035202087,942.6709318902067,930.8167871042523,935.40234375,36675400,1305.6529176191962,1314.523151204695,1299.739428562197,1305.92578125,9792735,755.9734194012763,757.9603149977916,748.3610091258726,752.3587036132812,100075772,1197.0642209023324,1198.0523052778192,1185.6517981191516,1189.1595458984375,21638600,2647.9843407457765,2652.4626446280013,2607.4371755987763,2631.142333984375,2439625,380.25077367486637,381.88166426278127,374.3281416344115,377.418212890625,20666732,539.1704412789,540.1175174300328,529.7944220656501,531.6411743164062,27898476
3068.0906309950083,3089.0550054789314,3059.7049257080084,3080.122314453125,1277950,933.5974744188251,949.3541518541045,929.597282406267,945.110107421875,16268147,1301.831847342556,1315.5238935615507,1299.32998654913,1313.56787109375,3582133,752.1432576208482,755.9733951516992,746.5656081528945,753.9146728515625,43226776,1188.9373425267036,1198.3734766692594,1186.5164632510111,1191.950927734375,18112842,2638.2488465189385,2644.0412641632347,2617.123432810925,2630.55810546875,1263430,377.6757363703921,381.967505174474,376.2165284481097,378.5769958496094,11879159,532.9197778538285,540.9699253809107,532.3514974630689,539.4072265625,18121168
3079.028080349797,3129.023637156642,3071.7817443830672,3115.943603515625,1828332,945.1100680190779,945.4515209412026,937.1585143582263,943.7929077148438,9512956,1312.794670582204,1337.3583962271932,1305.243554943164,1332.9005126953125,4609014,761.2398119383075,761.9340009681175,754.010439249432,758.6305541992188,25073638,1191.9507848594153,1197.3852486913688,1188.3196473047951,1190.9874267578125,9347626,2660.639895157585,2669.4016072162817,2633.3812354194174,2639.31982421875,1548282,380.5511879537414,380.5511879537414,374.8002117832023,375.5298156738281,14128562,541.727551909577,545.8473099953048,538.3654431746227,545.0896606445312,12108655
3117.310934204945,3141.9212836855104,3103.775152977507,3125.83349609375,1501842,940.6220495025765,946.3783955216684,938.8171248357994,944.8173828125,16623486,1332.8095304482017,1346.5015772139598,1325.0765058688094,1345.455322265625,5496840,760.4738554447009,760.4738554447009,751.9517756465584,754.010498046875,38712082,1195.582117616625,1202.4739821466742,1191.852074903386,1197.3607177734375,8675876,2648.470744127989,2666.4809293021726,2647.9839823665243,2660.591064453125,1066447,376.73154710205716,381.5383368383768,376.388208864281,380.3366394042969,8701612,545.1369963939355,547.6467712562122,541.11192284817,542.6746215820312,14444729
3130.0721774776193,3139.0958842003674,3097.3496132666887,3126.3349609375,1314818,939.1098712979502,945.8906360915063,927.6460085088062,934.182861328125,30802100,1348.184640888555,1349.094408496813,1331.2629855860807,1344.1361083984375,5075786,754.9201238552107,766.0274992165465,754.010454511239,763.873046875,56320910,1196.125722417537,1203.5609616798479,1194.2236115362405,1199.88037109375,8200370,2667.4546686346107,2670.1805822546785,2640.1960077872495,2658.157470703125,1747425,381.0662486646055,384.97175177785806,379.3924577298219,384.0704650878906,13358433,543.8585428142632,543.8585428142632,537.9393161837204,540.3070068359375,20609936
3127.15492515693,3153.770516220787,3119.4072230217057,3149.44091796875,1885092,934.0852438880298,945.8905586551218,931.4509828721614,942.1343383789062,13462347,1337.9042448716023,1340.4516386395803,1330.1257983242597,1333.9012451171875,4411743,763.8731027987624,772.730296406896,759.8754081832036,771.22216796875,34208342,1196.4220829309013,1204.5985062247828,1191.1358550222296,1201.5107421875,13652572,2660.640111798295,2780.3347959664375,2657.7195408742573,2771.03759765625,4100519,385.22924329069207,385.40089880165283,381.62415111580424,382.7400207519531,8401953,537.9392393188474,550.251228951145,537.9392393188474,548.4044189453125,12390597
3149.441245179643,3158.3283161992513,3131.029101522507,3137.272705078125,1518917,943.9392640916503,951.2566227280197,937.8414652280092,946.9149780273438,13086915,1331.4449464210497,1341.6798324116455,1328.4426687748935,1336.9945068359375,3125838,770.0013395921213,781.7790014587035,769.6661674737783,777.230712890625,34502210,1205.4629163426932,1213.3675912039566,1197.039473070506,1209.5140380859375,23109288,2811.5363502458654,2851.1587159567234,2796.39800968895,2824.7763671875,3638510,384.456699370507,384.456699370507,379.26367147143907,379.9503479003906,10322317,550.2512460973644,557.3543172604112,549.0200586567578,552.5715942382812,14032068
3155.5937353709564,3177.1961089834826,3140.098329969077,3172.593017578125,1783604,951.2078034740647,958.086108329806,945.7441402430992,954.4274291992188,7894110,1336.994432557999,1344.6820353527714,1332.3546400444875,1343.226318359375,4182226,779.8639437312936,783.5025629490954,777.5179726424265,781.2523803710938,31573022,1211.3916036780722,1223.6686019045655,1211.3916036780722,1222.5570068359375,13271074,2828.0861241456196,2848.5301202237806,2813.5319935205475,2817.572021484375,1545803,382.82588123110634,384.62842747263056,379.95039274132205,383.85589599609375,9679540,555.9337399799246,560.9532323744613,554.3710410982075,560.385009765625,10946134
3182.938880368982,3272.174105327243,3174.7354296463814,3263.879638671875,4476016,965.9888674492851,970.9159365012332,958.7203389445621,966.379150390625,20959591,1348.730324182031,1368.290325510809,1343.817557451124,1365.6519775390625,6793161,785.1782585237241,786.5666951817179,778.0207118004635,783.694091796875,39033340,1226.70693716321,1226.70693716321,1203.4622246012573,1204.89501953125,16255666,2873.452550549277,2929.332713963656,2854.8094297204716,2866.151123046875,7788759,385.3150974708065,389.9502046405092,382.48253651216504,387.24639892578125,14961276,562.2317073977355,562.7999298928183,553.7080231418913,557.212158203125,16093060
3255.0380406666054,3271.2170677568156,3231.247945622234,3252.07568359375,1754929,965.6961669921875,970.6231764033528,956.671424968705,965.6961669921875,21997553,1369.200367950324,1369.200367950324,1354.3256884896966,1363.150390625,4804686,781.0130157046019,790.731955532435,779.7203091010442,787.0454711914062,46420094,1205.4630504045967,1216.653058753229,1198.6699696902265,1210.9222412109375,12803338,2865.5665408874547,2865.7611980601864,2811.974022458341,2829.78955078125,2458417,388.147619169723,392.26773215076497,387.2034322790102,389.26348876953125,12268130,557.2596541767706,566.3515624928049,552.5716154680572,564.8836059570312,19377172
3254.081009523971,3279.283743631725,3231.79501333232,3244.966064453125,2604721,968.1353562233099,968.720780666579,958.3301071739512,963.6473999023438,11464188,1369.200240762729,1376.0690305788348,1363.8781225031132,1370.9742431640625,6444213,787.2129744267565,789.965885847133,782.8322428256791,786.566650390625,23538848,1215.3438722575231,1218.2093412827492,1207.9332388900991,1212.0338134765625,9209636,2847.458935957266,2854.030219918919,2829.059435935297,2841.325927734375,1910041,391.3235667416479,391.3235667416479,383.81297147813405,386.2163391113281,14986708,566.7777593769611,571.749909391221,563.6997617490858,565.6885986328125,13178911
3252.075604550965,3288.0796357921176,3247.153400937542,3279.83056640625,2952897,966.2328420296343,973.2087481037405,964.5254582610313,968.28173828125,13307980,1381.0272468920564,1381.3911761511094,1372.839338313645,1375.2047119140625,8657816,789.9659158090586,799.5412602431078,789.9659158090586,795.5914306640625,173411202,1219.2962186489121,1219.2962186489121,1210.156437431325,1214.28173828125,25468592,2855.344595645533,2857.242919048324,2823.2183182311783,2831.5419921875,1655275,384.5854460868818,388.06178283660665,383.68418669430196,384.84295654296875,15657801,567.6300722204844,568.9086597168509,563.6997408474365,567.1091918945312,11756389
3263.195724267092,3298.971881144957,3258.820506435336,3286.985595703125,1395753,965.9888863047581,971.989144239288,963.257084308504,966.0864868164062,16713222,1369.1092169496771,1369.1092169496771,1353.7341230453653,1357.1912841796875,3991916,791.7612564347212,792.3597154342939,778.5233316755201,779.9357299804688,37056288,1205.487828880595,1210.8975674516837,1201.535490839137,1203.709228515625,7516300,2832.953422935313,2852.4238931960367,2830.0328523962044,2842.542724609375,736631,384.8429610100351,389.6926506435505,382.9974875224736,388.01885986328125,8513132,567.109228683467,576.2011950737599,565.451845299319,571.9866943359375,19305055
3263.1507839912865,3304.1680424492774,3263.1507839912865,3286.895263671875,1649396,957.6471152335464,971.7452382810216,956.7690679161975,963.1107788085938,25741856,1342.9989700048607,1360.193600922578,1342.9989700048607,1355.78125,4169337,765.5486976798287,765.5486976798287,747.0682967790859,748.648193359375,115474648,1197.089090701199,1199.3370070481767,1163.4694916701224,1176.8826904296875,57081884,2849.454803146066,2866.9782276364963,2809.6377836801394,2813.483154296875,1399240,387.7184701849169,390.6368587375678,385.8729965971384,388.7914123535156,10343224,569.0507065380637,574.6858214384503,567.6774923043499,569.2874755859375,21314600
3270.943558229628,3285.937597907689,3215.752523000923,3267.981201171875,2004073,956.0861166419703,958.574006734418,934.1340401518692,935.93896484375,19742813,1352.4149859666784,1368.790801746706,1342.8168939622524,1366.243408203125,6779195,743.5254973598124,751.1618111897758,735.8891835298491,743.6930541992188,72841442,1173.3255153106452,1180.8103271156433,1165.9396084396587,1168.31103515625,12226182,2808.664258597414,2828.183453957495,2770.6968388884243,2822.585693359375,2444711,388.6626827680115,389.30643178942125,381.5383528272174,384.1134033203125,11132308,568.2457179919575,574.4963977678915,553.7081214953073,557.0228881835938,23453425
3266.7967391458988,3312.1435967833177,3249.523960492089,3284.70751953125,1989083,933.2071706835995,937.500045053057,924.3287990475906,927.1581420898438,12701888,1357.282291448548,1370.9742270619945,1351.1867819544711,1361.1488037109375,5455613,746.3980579436757,748.9834124885792,729.5215142987016,732.3462524414062,61704250,1173.8443150051187,1177.0308632017375,1160.9992172819989,1163.4447021484375,19176786,2831.6881805031353,2858.7034616693154,2825.4090005241683,2841.228759765625,1965569,384.1133872235612,384.88591866135266,379.607035447625,380.3366394042969,7795399,562.0896643296132,570.1398111649995,560.1008276451988,566.4935913085938,18784139
3283.658719154224,3299.6098718496296,3243.689598958607,3260.55224609375,1238778,927.1581334740866,937.7927187843896,918.5724443637747,933.060791015625,8997098,1355.4173412026605,1355.4173412026605,1338.7686594717886,1341.134033203125,4217863,730.1199506265053,737.636571986799,730.1199506265053,732.9925537109375,40208754,1161.1968240581607,1166.2854832156668,1153.638074334712,1156.2811279296875,14254884,2840.6932363390206,2846.3884446606567,2794.9863493217053,2825.65234375,1049532,380.33663337876266,381.79581406526216,376.2594476637083,379.9074401855469,6005673,569.6662630363052,569.6662630363052,559.2010838964593,562.6105346679688,9712784
3251.847786603666,3276.7770270409974,3223.0444721045315,3268.345703125,1726062,935.5974971770788,935.5974971770788,924.0360346784909,925.5971069335938,10521409,1345.682751173916,1346.3650768655104,1327.3509120486192,1328.85205078125,3996528,730.1199748754191,737.3014828250133,730.1199748754191,736.1763916015625,27575308,1155.3423807263628,1161.0979239595738,1153.8849803976213,1157.2938232421875,10087782,2837.821364640914,2866.053549743688,2832.9537465197463,2835.436279296875,953456,380.76580094782963,381.538332376587,377.4182191640011,379.7786865234375,5533023,562.5632240608297,563.5103001956123,559.9587646901778,562.9420776367188,8327427
3272.264954709884,3294.1408207023737,3241.000651722388,3271.626953125,1541134,923.2555077433504,923.4506492144903,911.6453345707359,920.1334228515625,15152973,1324.6214638718475,1336.9942795100794,1319.2083917349964,1334.62890625,3863586,729.1624342668326,733.7107225961398,725.3322967263633,731.0056762695312,39338538,1157.7879239120957,1171.7693426359385,1155.3177128519035,1170.3365478515625,11722778,2844.635904863339,2915.6056788770497,2834.5598407251423,2886.546142578125,2903693,379.7786864629706,386.08758431524456,376.6457148790023,385.5296630859375,10894817,562.0423402102848,562.8473317978076,557.0701905339704,558.5381469726562,9865347
3281.380300372871,3283.932529557507,3215.160311935428,3223.728271484375,1755753,922.4750936604116,924.1824774932046,911.9868786875408,919.6456909179688,25991282,1335.447772053514,1339.723634998435,1305.5163982722486,1309.5648193359375,5814602,734.4288226787853,736.1523727643475,726.9361049439,729.4974975585938,55354188,1177.3026603074284,1177.3026603074284,1148.6482103293206,1153.14404296875,14518346,2909.861913494731,2969.733612283599,2899.3965352511486,2930.305908203125,4081102,386.21632194812275,386.21632194812275,377.3323741461521,378.3194885253906,10610213,559.9587875621745,563.6997500083563,557.6857816238776,558.7276000976562,21960816
3224.1377902043046,3252.6219888175337,3195.2890828619466,3216.299072265625,2243791,923.6457967074638,932.7193094608657,920.718853267733,928.7191772460938,10447334,1302.8780821778992,1316.251731755555,1288.2308468786073,1305.92578125,6068968,729.4975901133708,735.1231049512756,728.8273627596361,730.742431640625,32053782,1156.9481416896208,1170.435518964013,1153.1440405649926,1158.529052734375,12342014,2959.511730062374,2977.375983108908,2925.6817851216942,2943.497314453125,2698016,379.39242433925773,382.48249545401796,376.98902964917204,381.45245361328125,8474326,561.4740302773386,568.2456473637309,560.0060739159695,566.8723754882812,12189735
3221.404005246326,3221.404005246326,3172.0922834404655,3202.855224609375,1948148,928.4264195210825,928.4264195210825,916.133281102177,917.401611328125,11131636,1306.4718796302209,1307.3361144764153,1292.143039127087,1304.6068115234375,4181867,731.0774976675469,731.0774976675469,721.0233866976592,722.0048828125,38971694,1151.0936382938999,1153.885049186791,1144.2017734963838,1145.263916015625,8859056,2959.9984503534783,2995.9700991643276,2915.8005748120545,2991.88134765625,3254492,378.5340933176777,380.1649567483239,377.0319579229584,377.4611511230469,7770032,565.0255828135226,572.8863607525196,558.3960500586644,571.03955078125,15322196
3177.7430606044213,3233.982222159653,3169.539610773689,3224.639404296875,1788138,912.2307137467868,912.7185376578814,902.4742355248961,907.4012451171875,17334739,1296.41896651613,1319.117626104109,1290.232501762434,1314.02294921875,4510406,715.7569705893197,734.9076587656226,713.0040591639762,732.2984008789062,54649430,1140.7434506187415,1145.683872665596,1133.8763122199225,1143.2877197265625,10286386,2982.973860792751,2982.973860792751,2910.884388189136,2947.586181640625,3100946,377.46112359689323,379.13491438660606,371.9247303066969,374.328125,13912656,568.2457481010129,568.6719439730779,553.5187240237176,555.2234497070312,24914612
3239.450948709078,3303.255553776505,3236.898719999821,3271.67236328125,2990768,912.4257972707443,920.9627151726995,911.7916024070736,917.9381713867188,10478856,1320.9827400771835,1342.498769039567,1319.3451137457446,1331.3995361328125,7384621,734.9316099718342,742.8312687313597,733.7585952718871,735.2667236328125,48512674,1145.8073305142325,1150.821810414835,1140.743398149127,1143.2630615234375,10953682,2952.2588912485066,3032.4284130436918,2952.2588912485066,3014.07763671875,3413447,377.6756649335546,378.1048308512958,373.4268244145176,374.28515625,10416552,558.7749204115613,562.8946784824502,556.0283764943421,560.8111572265625,13248028
3273.176643439127,3313.2367809094894,3258.638351141779,3300.885986328125,2075691,922.9628794283824,923.4994738438675,915.1576965156688,922.182373046875,6355755,1336.9034978713848,1350.5500119701062,1331.2629831328265,1345.2733154296875,3598672,739.2165299136511,739.6952970962377,732.4419625913994,734.4528198242188,17759356,1144.7206253894863,1148.5494528467332,1142.2504141267464,1145.18994140625,5431026,3032.477416423008,3032.477416423008,2991.784080715004,3011.7900390625,1898118,375.8302289301865,380.76577349254103,374.800214303173,379.5211486816406,8742804,561.9949962079626,567.2512571455039,560.8584932959413,562.7999877929688,8216780
3322.4426612483003,3353.3878511934968,3309.6361205989633,3316.335693359375,4233074,917.3529458957726,919.1091002211714,913.4991247477328,915.7431030273438,6725306,1332.7185470073355,1356.4634585781648,1330.2621079137662,1342.3165283203125,3567552,731.556239372939,732.513773717668,723.8959646151071,725.9307250976562,16454972,1140.2988590719287,1142.200849187487,1133.826857954507,1135.4324951171875,7576878,2993.5848292012106,3003.320064418125,2974.64984423964,2993.292724609375,1181760,378.4911471763749,380.42244847223975,375.31524823018594,378.0619812011719,5827256,556.8807601865917,557.8278363093581,550.7721076337612,554.1342163085938,9189597
3317.8857096422857,3325.1320466518578,3282.6109158249983,3307.722412109375,1848148,917.4992699211415,934.1828244813858,917.4504398891626,928.0362548828125,11452715,1350.0041284403374,1361.9220614766054,1336.5395238912695,1360.239013671875,5688951,727.9894319713059,732.0349911152088,725.4279808985405,730.048095703125,33266292,1139.5331157395624,1145.1404226117538,1138.1497733893898,1140.447021484375,10236032,2992.4656130805593,3016.9496365511213,2990.810432819148,2994.55859375,1551789,378.0619717641228,381.8387193035575,378.0619717641228,381.45245361328125,5207891,555.9337191138808,563.5103285736951,554.7498738857847,560.337646484375,10373508
3326.9545791162677,3326.9545791162677,3285.9373308805875,3290.403564453125,2426417,931.6461674042404,938.6220138894535,927.5972049567132,929.8899536132812,12233117,1361.922258594811,1381.2548223858196,1347.7753263160805,1359.556884765625,7220129,732.5616968533279,738.330865115236,731.7956810054357,737.1099853515625,31333360,1143.4359710357805,1160.8509589721596,1142.7196339530417,1158.5537109375,9814118,3008.1879915249915,3027.6584639620464,3002.73616417195,3006.92236328125,2066921,383.8558240420237,385.7871251676135,381.7957676944797,384.7571105957031,7946195,565.3097044901236,565.404388970993,556.5018511818047,557.212158203125,14220119
3258.592598284596,3271.0344082830998,3224.9585427168286,3229.0146484375,4241281,929.6460320781218,936.7194790060307,925.3044467752193,931.011962890625,7836818,1357.2822909047482,1368.654385789573,1320.982541821264,1333.264404296875,11081662,735.4343454713572,743.0467562738991,733.2798928919548,742.0173950195312,22025336,1157.9607991424273,1165.618452848462,1155.1446622546925,1160.70263671875,12554450,3012.081913685406,3022.839396626756,2985.845501112843,3000.15625,1870280,385.95884797824914,388.4051430421808,382.95460449328624,386.860107421875,12227957,559.5326085412145,561.6161877464566,554.0395781309901,555.0339965820312,11983797
3217.575421151711,3260.4156604701616,3213.0179488837907,3254.81005859375,2890357,926.816627334187,934.0852152583844,921.54810546393,928.1337280273438,6650442,1278.2234711912276,1308.2458018313064,1273.6746332154582,1302.013916015625,17973439,737.3014842223872,741.5146589381054,732.4898505097352,735.2667236328125,39745300,1156.058825491677,1164.7045645712087,1150.6984190160554,1160.6534423828125,10150316,2986.5269984350853,3016.9496106756837,2982.3895231703636,3007.798583984375,1437808,386.130481619679,387.8042723805197,383.68418669430196,384.84295654296875,7926432,547.173196531182,550.5353050008061,544.3793105785601,545.6578979492188,19064577
3250.389000692715,3258.27333816753,3207.640002736549,3212.15185546875,1671104,925.401981705107,931.5973217061672,923.1092330870941,928.2313842773438,5763024,1302.8782180442538,1313.3405459284356,1300.967728206962,1304.7432861328125,4850745,733.2319960651158,734.6443359841811,727.965556654919,732.3223266601562,17856084,1158.5290083696577,1163.2471357038708,1154.0826283801794,1158.0596923828125,5929036,3016.901101953913,3030.8225378426246,2993.2931531728373,3019.77294921875,818794,384.54251235914415,387.117589674433,382.9974768514605,385.35797119140625,4377288,545.5159017966484,548.1203613972401,541.2540588138621,545.1844482421875,11290293
3217.575000468156,3221.3576129428398,3193.283765469241,3196.65625,1672065,932.133942908628,937.548776352585,928.3288926243248,930.6704711914062,7747527,1310.2928671016498,1322.2108011891066,1308.291422679862,1312.2943115234375,3923764,744.8420626176685,744.8420626176685,734.9076433348039,737.8759765625,32902558,1163.963549268257,1165.7914814830851,1156.7011522648252,1163.593017578125,7928180,3027.5609651014033,3031.747164139594,2981.90280308275,2985.115478515625,1847182,386.08758228347983,390.12186771668456,385.40090581968064,389.2205810546875,7203352,547.1258616987968,549.2567828738186,544.8528559901324,545.9420166015625,10765224
3200.256633189991,3210.921072479593,3175.64628596808,3178.608642578125,1408245,926.0849931287213,927.4996944851433,916.2309136675367,920.7677001953125,12000153,1311.8849145317179,1322.8021260257406,1308.5642404911625,1310.5657958984375,4264837,737.8759163813697,737.8759163813697,726.8164067824365,727.6063842773438,31216200,1163.5928712145596,1169.397866963109,1146.6719261602773,1148.154052734375,8918320,2987.402906289366,2997.624903426309,2956.736914878537,2964.96337890625,1350839,389.9072491708059,393.29775834428114,387.11761589494876,387.675537109375,7160492,547.173266107088,548.593880385168,539.2178030278637,542.3432006835938,11777454
3170.6127629599455,3177.3296712861907,3154.5288620352453,3157.955810546875,1514545,913.2063753381311,921.9872058702285,911.2550796643318,912.9624633789062,8612676,1297.4195403384058,1309.746935628435,1297.4195403384058,1304.288330078125,6795691,720.7361578942352,730.7184423716426,719.682834983418,725.308349609375,30252364,1142.2256445327594,1147.0672825471008,1136.7911799610206,1139.33544921875,12032556,2945.4932268249204,2988.620134031784,2927.531525485519,2973.530517578125,1599104,386.04467887581023,390.4652027817204,383.5554563119322,386.60260009765625,9830006,539.6439799329851,543.6217113329951,536.9921782679586,540.9699096679688,11441499
3153.1583821122936,3198.0286547963883,3147.3555492799665,3193.505126953125,1481211,909.303786581178,917.108969298613,907.3524909018192,910.0355224609375,6586576,1300.9676812379575,1308.700705916645,1296.6462850939854,1298.4658203125,3928622,720.5446319365362,731.0775102771368,720.5446319365362,729.0667114257812,21094010,1136.2971288231192,1143.559525479833,1134.4691966955595,1135.8525390625,8913312,2959.4628572740226,2975.3313386153,2898.47170216415,2932.59375,1667471,381.96752983198763,385.4009396561479,375.40112096155644,376.216552734375,13521824,539.7387483748817,539.8334328727063,532.3515077863527,533.298583984375,11110988
3173.811234327899,3179.2486146541296,3108.288023694424,3116.37548828125,1106272,919.060255373007,921.7920573857958,902.8645252231158,907.3037109375,11856890,1296.9644592238205,1303.105389533645,1278.4507137601356,1281.5439453125,2636516,729.4018275247573,731.9153553189844,718.1986633818357,721.04736328125,22376136,1131.356688684127,1139.3848747937852,1114.1887214650121,1118.1163330078125,7853962,2923.4915578248006,2927.28820503702,2870.9212800617174,2879.97509765625,1614030,375.9590097457904,377.632800630929,371.7530959964487,374.1564636230469,7555671,533.2985796647226,536.0451237387181,521.8389808834517,523.685791015625,11875035
3098.418430452583,3129.9463572629693,3086.2641415822154,3098.052978515625,1518537,903.4986624227306,911.0599331166206,889.2054574209906,893.7909545898438,12593434,1289.2389333048216,1292.5104566531788,1254.4967997562355,1262.560302734375,6940777,728.2048937755804,729.066698092264,714.0572999767982,716.47509765625,28311996,1111.6198194416302,1127.009187707913,1108.1367973597628,1115.522705078125,11620688,2880.656154635842,2886.9840576453494,2833.2456057768604,2838.89208984375,2108353,375.0148212342857,375.9590081702813,366.56003908686273,371.40972900390625,11308597,529.0366808435873,531.1202598029354,524.3013003927678,526.7637329101562,12134624
3077.9024700555783,3083.065649974906,3043.1303207181386,3049.298828125,1984471,892.034835673972,894.2788138653154,877.1074351720209,886.5224609375,21693345,1248.7372916684367,1266.2004921783227,1246.940214740459,1252.7919921875,6357656,713.9616466683456,714.3207220983548,699.1198622279642,700.6279907226562,55561798,1112.089142962785,1115.5474388316163,1096.922069489782,1099.985107421875,15222534,2829.0596422077756,2838.9408118887986,2781.4057085022037,2788.755859375,3286109,368.705906299922,374.7572933458955,368.705906299922,372.8260192871094,19525305,522.2651596499072,523.6384316419934,514.4517813350399,518.0506591796875,19424825
3061.407763117545,3072.3739998809515,3049.5276732905218,3062.27587890625,1108851,893.6934385485141,895.7911052641983,889.1078817029663,890.5225830078125,8645505,1256.6623976967833,1276.3373223697179,1256.6623976967833,1272.0521240234375,4634358,703.548416210113,707.6179375015631,702.3036331507926,703.380859375,31940532,1106.654565590137,1123.204979852311,1104.6536704890175,1119.40087890625,11771084,2788.804360165674,2833.4892372053214,2781.9896947836364,2825.068115234375,2399538,372.82605613147643,374.9290131074379,370.9805824394003,372.31103515625,13638258,520.8918604785226,532.7303118530344,520.8918604785226,531.4517822265625,10415296
3061.407257455826,3091.427414880595,3046.5571476248833,3087.497802734375,910972,886.9614255083601,903.7425802279794,886.083378183647,902.376708984375,7687791,1272.0520110993787,1272.0520110993787,1256.1553924305153,1269.010986328125,2667696,700.5560993380782,713.3391600901615,699.9097753123232,711.0171508789062,23310982,1123.4519103673986,1148.6480613914696,1121.4510154276281,1142.4725341796875,16813304,2822.43954156325,2854.3711628163082,2780.5293035234017,2848.870849609375,1693052,372.9976610489118,375.22937296590027,367.67587810725513,369.4784240722656,7911426,533.2038356037756,536.7080286776119,527.047841054176,535.2874145507812,8593704
3106.1860427295915,3106.1860427295915,3061.4529873832034,3078.5419921875,999811,906.6695030375992,908.3281162337183,891.8396443321832,893.0592041015625,17211107,1271.6834287710847,1272.7893480503349,1256.0633173275878,1261.0396728515625,3451595,720.0658784498816,720.0658784498816,705.7028622573972,706.8997802734375,32634824,1150.130232099537,1150.130232099537,1127.84888081728,1130.319091796875,12808438,2852.3755879383502,2873.4037939754976,2830.9580675095303,2851.49951171875,1556467,369.09216053859353,371.9676486039867,367.2896145631058,367.7187805175781,8952141,536.9921072492025,539.3597973164387,533.3458876676318,535.6188354492188,13039696
3065.9765288100825,3081.14657643751,3025.767000563393,3043.72412109375,1563475,891.54692057696,895.2543701942814,887.156505610676,891.7908325195312,12927203,1265.3249033766447,1269.379603358429,1245.6038569027073,1247.90771484375,3090672,700.0773018118728,707.354539496317,700.0773018118728,705.9421997070312,33877466,1130.9367248364767,1144.9428703315039,1124.0448598372486,1135.0125732421875,10309190,2869.4119810554225,2904.166724753426,2795.034875839621,2818.642822265625,3875595,369.09219766402157,370.03638462181203,365.22959487034984,367.4613342285156,8297973,536.2818656519717,539.5019476582157,534.0088597881594,536.4239501953125,13575575
3055.1929592139313,3085.121641576822,3055.1929592139313,3070.63720703125,1245384,897.6447821752898,902.279109409575,890.5713353440126,897.5472412109375,9747311,1262.5142118386507,1268.3199791238953,1254.819348447591,1262.6524658203125,3758060,710.9693610335196,713.6025808891993,702.4233773723762,707.01953125,45225154,1143.1889695269997,1148.302354744411,1140.2247162104195,1146.2767333984375,10562104,2857.291563933953,2860.066201068396,2826.33346810796,2840.839111328125,1451606,369.1350977801737,371.4097100435163,367.9334004313936,370.07928466796875,8465990,540.8751285057469,544.9949441545303,537.5603622114079,541.8222045898438,11148516
3090.65015927537,3096.041801533921,3056.1979534521793,3062.229248046875,1402598,905.9377853890679,911.7429019177837,904.2304016776113,911.0599365234375,7146961,1271.7756915818663,1282.7880874213406,1269.6560973022642,1280.069580078125,3349045,712.4056102569502,714.0334304636632,709.3654501545199,710.370849609375,18095340,1149.7349795725816,1153.5638066087804,1144.078220526126,1146.0296630859375,8850156,2856.3180707250967,2869.996124018329,2828.0858880219516,2834.17041015625,1136175,371.4955669301622,372.86891979091905,370.03635911281424,371.8818054199219,14334179,545.5158262786344,548.830592584147,543.1007938170342,547.5520629882812,11371371
3084.254029322443,3100.063731635219,3069.63238059084,3089.0517578125,1099852,918.0845639512796,924.6701864875932,914.5722557514383,922.4262084960938,10338367,1284.5391312922866,1296.8417109189295,1281.6823697767961,1293.20166015625,2736381,717.1933244977679,717.1933244977679,710.0118159080039,715.5176391601562,25593730,1152.2546386732256,1156.0587394619763,1148.9445800808262,1155.564697265625,10647304,2855.3448670077883,2900.12695493222,2849.7471060172343,2896.6708984375,1235499,372.096390434518,374.9289509209937,371.2809588281438,373.684326171875,7589690,551.1983420030499,551.6718800975543,542.911425349224,543.9531860351562,16499138
3086.9948483064154,3110.892010478965,3076.028614387032,3080.09521484375,1191144,920.6212426036691,927.3044657799691,907.791509730304,925.0116577148438,15704942,1290.1604881630135,1295.5976155760281,1285.4145181543718,1294.1231689453125,2272209,715.2782486585194,715.2782486585194,707.2349357380649,712.0465698242188,41952848,1153.1192304428853,1155.614167696399,1145.9556184844287,1148.0552978515625,6960204,2891.3651156664937,2904.60513180553,2877.833232586396,2882.8955078125,1112206,373.2981300796239,373.2981300796239,370.93763553590844,371.40972900390625,5321353,544.3793444383654,550.4406547530965,542.2957654048678,549.0673828125,17923281
3081.009741283504,3108.8822585891467,3079.273509776776,3090.23974609375,992899,925.3532028172963,925.3532028172963,911.3526206284945,912.9624633789062,17606074,1294.7681818070128,1294.7681818070128,1277.6735106371746,1281.8665771484375,3550635,710.466607940081,715.0148966273784,709.0542679881736,714.1052856445312,31399546,1152.1064866637696,1156.552866758098,1147.042553778562,1154.033203125,7884494,2895.9406077762633,2923.2479923141473,2882.603381980581,2917.11474609375,1013438,371.79598534060756,375.5298327139069,371.0663814168752,375.0577392578125,7248663,551.1036132997641,551.766520334941,548.3570694499737,549.5882568359375,15434808
3098.0526178451532,3099.3319225842024,3054.1419440386553,3059.07666015625,2112352,911.2550412038593,919.4016764786073,910.2793934081378,914.5234375,9406117,1286.3821608724284,1287.8566074771882,1262.5602919196745,1266.9376220703125,5498051,711.4480744130556,714.607926311971,710.2511563874616,711.280517578125,22116740,1154.0085696526105,1154.0331752710283,1138.3720609954937,1141.50927734375,14513610,2923.491353845821,2948.5108626853935,2917.6502122796956,2944.762939453125,1719911,375.78737344952606,375.959028972627,372.43979150805103,372.86895751953125,8085620,550.2512299373365,551.0562215235307,545.9893873646721,547.741455078125,12434363
3050.441034374945,3059.076899811592,3036.139325479398,3046.282958984375,1338557,912.1332534052325,918.523735295646,909.6941336341723,915.7431030273438,9560455,1262.46802069147,1265.4170263311844,1254.2202543175401,1261.454345703125,2943649,708.6232803377466,716.2356900692465,708.5993770450763,714.0812377929688,14015186,1139.0389810755562,1144.3746607841822,1135.333664696756,1143.658203125,7734954,2941.0634894235445,2963.405808281134,2925.681769164546,2952.9404296875,947753,372.86894287880256,375.9590142105664,371.23807945474016,374.71441650390625,4236307,547.2206472858747,550.251302855708,544.9476989622101,548.8306884765625,6773038
3066.8905352612105,3066.8905352612105,3040.388799408238,3044.546875,1030990,917.987093425993,917.987093425993,909.3038036701303,911.6941528320312,11470096,1271.5912989072524,1273.9872886097166,1263.2974105189112,1265.78564453125,3462092,714.3685319579603,716.2117740009877,711.4001986764561,712.7886352539062,20605914,1147.610585630105,1148.4505538682092,1142.0773370771153,1143.5101318359375,3854810,2969.2469064575816,2973.481829083355,2951.38265376938,2967.78662109375,531769,376.3023389149238,376.3023389149238,373.3839504081949,374.2423095703125,3888975,550.2512491026093,551.6718633429775,544.758218934174,550.5827026367188,11282362
3091.6556611078686,3118.9797720354964,3066.9358969333903,3111.029296875,2059802,921.401875563048,921.401875563048,915.8894412581842,918.1821899414062,19492138,1289.2390443084512,1303.0621934611509,1283.7097846473714,1299.8367919921875,8551860,720.1137317170233,723.3932753387419,718.4141432279705,720.2573852539062,41245460,1156.0588204395372,1166.9030232858888,1149.6362714370953,1164.185791015625,12220648,2981.2702506421647,2989.7398588788587,2974.1147567296093,2983.80126953125,1160184,376.04486354266163,379.8216112907805,375.52984259383584,379.3495178222656,7722827,556.1704647315032,556.8807718384401,551.7665375465191,553.7554321289062,11397676
3134.5609961485866,3225.3066282942846,3120.076339309424,3196.520263671875,3951984,916.1333033243815,923.1579795407855,911.2550642225477,913.2063598632812,19706373,1304.9973516506468,1339.3709592887674,1299.9288638617754,1331.537841796875,6673907,722.7948225701767,727.2473809327844,719.9461810912933,722.1484985351562,29713838,1161.542667627995,1172.9302438744137,1159.4923201233041,1166.285400390625,13134910,2976.9864631335927,3000.4972008221303,2964.3793799724904,2970.366455078125,1597607,379.349497918328,381.5383096322674,375.61565064270343,376.5169372558594,11276031,553.7554721323736,556.8808120676829,552.0507465135635,553.7081298828125,8622660
3196.520287698974,3220.874376961997,3191.6768229615204,3200.723876953125,2021292,903.9864967116965,915.5479593765705,897.7423862479302,899.4009399414062,10956653,1327.9899276991723,1337.1592379171582,1322.4606682729127,1324.7645263671875,4901251,713.3630955591337,721.7415211781168,712.8843283809061,720.5924682617188,23701874,1162.4319266451018,1172.4857343750468,1162.012063114762,1163.7412109375,7758634,2969.246923152792,3032.963994017576,2964.5252387125265,3026.684814453125,1325050,377.0319519042969,378.96325326454786,376.2165202019907,377.0319519042969,6911592,544.0952543037619,544.0952543037619,532.3514867895021,533.251220703125,37173221
3190.4896363015096,3229.4653817843614,3190.4896363015096,3216.3974609375,1475621,899.5473366065142,904.1816639914177,895.1569211892373,899.0107421875,10562301,1328.8653942384274,1338.0808269307881,1321.170530438921,1323.8890380859375,3584210,724.3747884733571,724.3747884733571,718.8929272981045,720.640380859375,19331452,1160.2828426994563,1165.1490860409533,1154.2801575494677,1160.6781005859375,4490186,3013.1530216715832,3029.556751901108,2994.753282828709,3007.019775390625,1231164,377.5469326241177,377.9331982957535,372.95475365152544,374.928955078125,4502356,534.1509536100332,536.8027552939175,530.9308715478544,533.9141845703125,12714585
3216.396992381275,3234.171387970376,3199.39923794906,3207.806640625,1807236,901.8888706577264,905.4499494794524,899.5472920649286,903.5474243164062,8989572,1328.8653376978914,1336.2376835381015,1324.0272357402534,1326.1007080078125,3793135,727.2473578304415,728.6836593929769,723.9438525479579,726.74462890625,24959972,1168.9038812090425,1179.7728099438689,1166.0384122376151,1175.2769775390625,8214450,3006.727711375348,3016.949709422763,2981.36737344619,2993.439208984375,1884782,375.22938283673597,377.07485632698126,373.81310251348316,374.4568786621094,6228803,536.045106882722,536.6607295090693,531.3097260798711,531.7832641601562,14280013
3198.4855071691995,3228.322718442621,3181.213774673943,3226.0380859375,1798051,900.7668766589127,902.6694018743736,892.4738699417713,900.279052734375,12197979,1323.5202369954038,1344.4853438157159,1323.5202369954038,1343.4256591796875,3108786,727.7261551101178,727.7261551101178,719.8504579271851,724.1593627929688,29123650,1173.3502489811203,1182.9593458443583,1171.9669066696931,1179.87158203125,8534814,2993.4391911143334,3006.873626897974,2981.4160793644346,3000.69189453125,1104208,375.10067305032794,378.0190615906513,373.21227199044085,377.418212890625,5074887,533.1565296940364,534.6244861641455,525.7693472920832,529.3682250976562,14909071
3225.9009601530765,3238.694901638103,3198.485371256592,3206.024658203125,2729804,900.52294921875,902.8156978051427,896.1325339733714,900.52294921875,5534614,1352.733312304696,1352.733312304696,1334.1180718038254,1335.5465087890625,3186928,722.2202676591917,729.5693319457266,722.2202676591917,728.3485107421875,13046220,1179.8716170501546,1185.7013394254852,1179.8716170501546,1183.4781494140625,8531542,2998.4525925568473,3006.240781108943,2950.798661389042,2965.011962890625,1514688,378.4911561994082,379.6070258467537,376.17361635210193,377.97613525390625,6611803,532.0200331450485,533.6774164258742,528.7526088304325,530.3153076171875,6376210
3193.230799217134,3202.643529603171,3155.5343635105573,3159.28125,1989733,899.0594483982376,907.7427376445077,897.7911181670157,906.76708984375,7452002,1332.1369430585005,1338.679877895318,1321.3548191084903,1324.6263427734375,2973195,728.3005912289228,734.0218939418301,727.6542672419772,733.5191650390625,16469192,1181.5514214570694,1186.9858858764198,1181.2796741129466,1182.6876220703125,6749486,2969.247046092279,2985.796947660662,2959.1224954975814,2973.384521484375,915121,378.5340865730886,379.6070287486021,374.971921814831,375.787353515625,7084608,532.2094483034675,532.6829863733514,529.6523311651066,530.694091796875,6529851
3159.2809411434473,3181.350399374295,3137.25699707058,3171.20654296875,1689195,906.2793237215551,908.3769308976238,899.2546471984909,902.9620971679688,14231987,1330.7083049952287,1331.6298481427323,1315.0881936422663,1329.51025390625,3755373,735.0033214761758,735.9848175325754,730.5029569217514,731.867431640625,28489338,1182.6876712625676,1185.5531403805655,1173.4738317237427,1182.9346923828125,13792174,2973.1411648309427,2978.1547164527706,2954.6442158683403,2969.2470703125,1210508,375.95900860246815,376.817367782649,373.2981305087519,373.5985412597656,9082513,533.7720990209981,535.2874555553268,531.4044086282419,534.5771484375,8153314
3181.122097340804,3214.934656261117,3176.37010665481,3211.05078125,1441634,908.2306003744137,918.1821607285481,903.4499021267856,916.7186889648438,11680078,1337.251355220777,1346.0981477081089,1336.0534165206054,1345.08447265625,3875778,734.3809775281464,748.3130905581396,733.950075384279,746.4698486328125,34042488,1189.6536514263266,1191.605094048659,1184.7379555197092,1186.047119140625,12531306,2969.247092875963,3008.090590921935,2968.273569238954,3002.103515625,1801107,374.24232415474165,376.38820854179903,372.6543610031265,375.2723388671875,14316126,537.9392847228976,538.8863609283957,535.1927406049756,538.5075073242188,10299034
3197.982097856411,3213.7003212055524,3181.1215585210157,3187.153076171875,3266235,916.0845371003845,917.9382322384056,905.5963229827007,912.1819458007812,23950292,1339.2326879569457,1346.0521303013406,1335.8230230312827,1340.983642578125,10120867,751.2575357769422,752.8374324125391,738.3308218551477,746.3023071289062,69491440,1183.0828973645985,1186.0471507278282,1170.8306260067593,1174.5606689453125,28439984,2994.8505645909777,3041.8230761951563,2977.716454924804,3026.87939453125,3131624,374.8431796444481,376.3452878610397,372.95480570231217,374.0706481933594,15710110,539.5966479405728,540.0228437781268,533.8195064246602,534.8612670898438,19758998
3198.485050944408,3213.9748124979737,3189.3922594927312,3209.13134765625,1172141,913.1575988110403,928.8167345798552,910.2794258014757,923.6458129882812,16986046,1345.3608832594507,1345.3608832594507,1332.6896647955414,1338.357177734375,3489187,745.871478620776,749.6297896841719,743.0946053120196,744.674560546875,22153536,1174.8323419889748,1183.9226701483003,1174.6347733568996,1182.88525390625,14342842,3047.0800190073683,3113.2796210856454,3038.415754394254,3106.1728515625,2112908,375.87318455434155,387.074699876353,375.4440185618797,386.08758544921875,20081576,536.992172021036,543.8111317981642,536.5659761965393,541.4907836914062,10614230
3239.2883209770407,3242.167091235693,3196.657176012086,3209.8623046875,1625213,940.2318186642837,970.6232126126973,937.987840581793,967.0621337890625,33131257,1345.867629189617,1356.4193656021828,1335.592513208383,1349.461669921875,5511948,760.2823241901957,771.7727371502491,753.4120264631497,770.5279541015625,50662456,1210.403389884879,1210.403389884879,1185.009669053603,1195.680908203125,15590990,3198.024946175302,3258.9188933706832,3163.9516210257934,3225.819091796875,3095974,390.55102739116836,391.752724785251,387.1176179239576,389.735595703125,13293194,556.880774541967,564.4573837194087,553.6133502732071,563.2261962890625,26077882
3233.2116065096975,3233.2116065096975,3201.044028590681,3227.363037109375,1377656,978.087029223942,991.0143640241587,970.8184403887726,988.7703857421875,31378461,1350.798062419795,1351.8117374373267,1328.8652893459846,1339.877685546875,5123039,783.5025110233172,784.6994290053266,773.9271671672425,777.374267578125,52230820,1204.9689932142376,1205.8830195816831,1196.3973123183705,1204.3514404296875,12693624,3231.1734811255383,3236.965898882945,3192.232537981082,3227.668701171875,1659309,390.55104366710236,392.95443855542743,386.3451026125334,387.7613830566406,12603697,563.5576052803208,578.9475914557199,563.5576052803208,576.0590209960938,36430152
3228.2771864947563,3301.6138895051217,3221.4688031800893,3293.61767578125,1896572,989.3068784993693,991.502086070004,975.8917211232683,978.8186645507812,18786590,1342.4580969426866,1361.1193473034825,1337.2053455420607,1358.6312255859375,5269178,784.4361042559843,784.4361042559843,773.9990142449448,779.3372802734375,38613060,1208.9707381739393,1221.7416569101222,1202.9927791973269,1215.8873291015625,16422442,3241.8335635023623,3310.9537385800404,3233.0718511685723,3302.484130859375,2057233,389.6068603446522,398.705419020116,388.06182464539677,397.6324768066406,21203900,581.5047350018984,581.5047350018984,572.554854148129,576.2484741210938,21439069
3294.4397617823906,3317.788748405097,3282.2854733793333,3303.48681640625,1967653,972.0866896120442,977.7942651351568,964.0864250614673,974.6721801757812,11841945,1357.2948166644478,1357.2948166644478,1347.1118322726165,1350.89013671875,4424453,777.9966383401941,782.3055427986936,773.7834639368028,780.6058959960938,20450386,1215.3438750518303,1215.813191043024,1206.4511149904754,1213.886474609375,8142096,3302.4843744657855,3319.6182483541866,3248.697192004651,3266.756103515625,2128823,398.91999377329,398.9629212542833,392.61109586480706,393.2119445800781,11746535,577.7164360777733,580.1314686348155,572.981055454185,579.3264770507812,10725706
3320.027581556413,3330.993816342727,3291.7438789584367,3314.270263671875,1641155,970.2817634001109,988.1848771958599,969.0622036170539,986.2335815429688,16116363,1355.0371580856024,1377.4305905862009,1351.2127312666094,1374.1591796875,6323433,780.6059106285983,792.3596680546885,780.6059106285983,791.4978637695312,33728038,1217.2460531905654,1223.594423771572,1207.9333084760417,1213.2442626953125,10204894,3287.5894147844097,3339.1861689992675,3276.880654475666,3289.0009765625,2428891,394.7998770071899,396.2161846263528,384.97174185663044,385.5296630859375,19386851,577.7164613742833,584.1565677433689,573.3125340795355,581.6468505859375,17722136
3310.797648664154,3338.304710750083,3303.5782998526,3329.07470703125,1102503,982.574942236379,995.1608235299625,980.1846526032307,992.3314208984375,11714606,1373.0992336100205,1380.4715784884636,1365.7268887315774,1371.7169189453125,3862018,789.9898356540881,796.5249611291558,788.5295723280279,790.4446411132812,23187620,1213.367615499601,1219.098553135076,1211.5890153738967,1215.022705078125,7066138,3288.513994674936,3314.847855570971,3271.039293603073,3296.15625,1534238,387.5467814518858,389.3493275315955,385.65840761706403,388.3622131347656,6854157,582.4518843244429,587.0925809963234,580.6524163565841,581.7415771484375,11706255
3325.464920258755,3379.793429797475,3318.199834425044,3355.75927734375,2236866,992.3313252533103,996.1363753842941,984.0383191898759,990.9654541015625,12380856,1361.5802113283032,1373.0995024562922,1352.5030324180634,1360.2440185546875,6103494,791.9767214436858,792.9582176337611,781.2762856370243,782.5928955078125,36581476,1215.3439244936176,1217.7894094868202,1195.6562927549994,1197.5831298828125,9197124,3285.6422387251864,3285.6422387251864,3243.7807227947615,3253.9052734375,1888423,389.86435294387155,394.8427980571218,388.27638983558137,388.920166015625,10549319,584.34602945594,585.2457634285711,578.474145313708,579.989501953125,14494836
3329.6689659326335,3335.5632728478577,3256.058066070388,3283.976318359375,3850968,990.0873978964831,995.8437438660465,984.6237939125858,989.2093505859375,15887040,1360.19782972632,1360.2439518858023,1320.7097241735976,1335.316162109375,8549258,781.563465201162,783.2631120796166,773.2568662574292,780.8214111328125,29346914,1196.570218805253,1204.6478570918039,1188.8137803209581,1202.4739990234375,10031182,3264.175967950125,3319.7155379010755,3257.6046835275934,3309.78564453125,1509107,391.66692673487756,393.8557114943193,388.92019351204266,391.1089782714844,11718443,581.9309286579414,587.6607275753272,579.2791271049712,587.0451049804688,13977914
3317.285885226711,3361.150822552023,3315.0927276038888,3351.326904296875,3290396,997.3559242186243,1014.6736719856876,996.3802764570995,1008.4783325195312,16317672,1348.5862305244145,1392.4516607400496,1346.6970221224815,1383.65087890625,12489858,788.0507632436652,794.2507747290626,787.5719960728002,790.0376586914062,35172366,1212.3795628682321,1222.7297228698085,1206.7721356331074,1217.39404296875,16972354,3335.2432649346474,3348.921319603828,3310.0778214616494,3342.2041015625,2425646,394.8428221410115,395.7011813655176,385.7871908104874,394.92864990234375,14924265,592.8697099849069,594.5270933594653,589.4602587363645,590.6441040039062,15813797
3350.8243262846063,3560.325100013102,3350.8243262846063,3528.385986328125,8531230,1018.2348839122907,1018.2835948453201,1000.7219338654228,1012.1370849609375,14306067,1403.5564479809898,1463.917528966799,1401.6672393803897,1454.5638427734375,18395389,789.9658581899005,798.5836675519721,788.3380380661904,793.101806640625,138837130,1224.236571728094,1235.1055001292314,1220.3089603608373,1232.9317626953125,15932152,3344.199572175741,3406.261703025037,3341.960657988393,3395.650390625,2632935,396.4736590030865,397.3749456496042,390.5510269980168,393.2977600097656,16397959,594.7638458710953,615.5995220003375,587.0451518194214,613.942138671875,29813572
3525.7363506427123,3590.528439137833,3500.19398079059,3526.741455078125,2521612,1004.8684475995219,1004.8684475995219,993.2095035223759,996.5755004882812,8592711,1444.9337442546357,1468.0184484698,1437.884028140626,1441.6162109375,6467243,795.0886602023099,797.0037289891579,790.4206800343679,792.69482421875,18014754,1232.9317234441762,1252.3474847954778,1230.634354917611,1245.4803466796875,14165188,3403.438682429385,3413.17391893519,3374.2329729119706,3399.1552734375,1767429,390.55102534416386,391.4093845073991,386.55966747679656,387.675537109375,12490839,612.426765395686,620.9504500480689,608.4016920876163,614.1788330078125,16221796
3513.764812005255,3522.9948166196496,3463.502896618964,3487.44580078125,2004435,1000.5268676099422,1000.5268676099422,987.9409865576811,990.7216186523438,10094256,1446.9149134299466,1450.4628321473872,1422.1715017334877,1436.040771484375,4221721,789.9658725265142,794.1072204559873,787.1172310907685,791.3543090820312,24008446,1262.2778691174958,1271.615218807123,1247.5553868731267,1263.8094482421875,16820604,3396.575066877133,3431.6706396778222,3384.0167076919533,3406.310302734375,1311700,389.1347414653695,393.1260720931,388.0188718428308,391.4952087402344,10664235,614.178896420345,624.6914187883696,606.3655180156144,620.7137451171875,19964008
3497.543479836221,3562.9296988605265,3442.072653930527,3454.40966796875,2586083,997.1120958683326,997.1120958683326,977.5991390020248,982.1359252929688,16490281,1442.2611198785871,1459.2635456213156,1409.9609881911038,1415.85888671875,6592367,793.795966876438,799.038444004139,787.308648353673,793.3171997070312,34232520,1270.207325538083,1283.9417239360823,1244.9864450577063,1248.518798828125,17736722,3412.2002712292715,3421.546193005729,3322.198060540597,3327.990478515625,1876048,393.98443362414525,394.19901661338577,385.6584068932969,387.11761474609375,10766954,623.8391081716461,625.4491492821084,600.3989720837247,602.7666625976562,22542056
3432.660113142662,3478.763949441548,3420.871499435154,3461.218017578125,1517562,972.2818028712693,986.2823845261098,965.1108153630744,979.940673828125,18064916,1401.8977151314416,1425.3049369492605,1401.8977151314416,1415.490478515625,5319038,793.3172584861196,808.9968844459388,790.0855798531799,807.53662109375,36589240,1248.44470925444,1271.4176728398502,1244.1218397625619,1266.0079345703125,13765454,3300.293952382983,3348.8726882593187,3244.754379686792,3333.490966796875,2292802,385.40089173377436,389.47807729462164,381.49538888446534,387.5038757324219,11584223,598.6941772244857,614.6050440767264,594.2902502559922,609.6802368164062,19915516
3472.6410167486597,3514.6325128426206,3437.9146065811733,3494.573486328125,2413058,978.5259862915714,984.965238040039,967.4523478809576,970.0866088867188,20881976,1414.5228268659648,1443.136790994993,1403.510429556433,1440.280029296875,6741060,806.0524630799391,807.1536510402615,798.1528041148157,799.9481811523438,48578850,1264.5504141598008,1275.07341611771,1258.6465136069178,1267.242919921875,16541784,3333.3446625198667,3403.4383586943495,3318.3524947976507,3385.8662109375,1681707,388.834316199954,391.32356599323725,386.73135932353364,390.72271728515625,11450973,610.6273291849556,615.0312562708087,601.5354215427969,603.0507202148438,14998068
3490.7808875582864,3503.711816102494,3463.6392795100446,3468.57421875,1285231,970.6721055618648,973.2087662458342,965.7938661320611,970.8671875,14339699,1414.5687619692478,1426.5488231455345,1403.5102439603677,1422.8165283203125,6878067,801.0972570093661,807.1775773726962,798.847074435413,805.5018920898438,18045856,1268.7003790735205,1280.5326657287192,1266.0819312708138,1273.66552734375,7465664,3385.8662657807404,3415.461525028665,3385.8662657807404,3397.64599609375,1072263,391.45228557791097,393.8985804641823,390.29348854404384,391.7956237792969,6097422,605.0395707400135,607.3599188509928,602.0089733268344,604.2819213867188,10153089
3471.7267729294217,3489.2727019955805,3443.3973362458705,3482.875732421875,1293976,973.6478046781592,980.4285692907043,967.8426879365178,977.8430786132812,12996468,1422.862643983342,1446.8227662265847,1422.862643983342,1444.1502685546875,4225849,805.0470435987298,817.0162235511344,803.6586070355986,815.4841918945312,27009078,1275.6170305456778,1284.4603381656593,1271.2201029702012,1278.01318359375,9204156,3417.0679213823096,3455.035342731002,3411.3727131093397,3450.167724609375,1389266,392.26771839290313,393.55524345292497,389.4780580930857,392.3535461425781,7833901,606.8390745327218,615.0786490253292,605.1816911844077,614.2262573242188,14417646
3494.5735047759663,3507.367445431527,3465.421686382815,3472.549560546875,1682889,983.4530114256305,987.0629203019365,974.7697219298256,981.4041748046875,24915990,1445.8552154390939,1445.8552154390939,1432.9997322913293,1440.049560546875,5702253,818.3568162242175,824.149887782185,814.8617922105217,816.4177856445312,44076470,1279.4705441490948,1290.4382571270967,1278.0131437475463,1287.251708984375,12302636,3451.141198921605,3465.6953293619786,3407.819398258132,3424.90478515625,3371121,392.4394013307172,398.8770542846564,391.4952144071042,398.362060546875,21493169,615.8363152935132,618.7248862187143,612.2847794498366,616.9254760742188,16982092
3465.3303142807017,3493.2943032121766,3441.0217370731516,3466.609619140625,1574996,979.5991543717847,983.9895694390293,969.5012235366482,972.33056640625,12280140,1420.144166634131,1437.1004712006081,1419.1765012951132,1421.8489990234375,4388990,812.4679265922668,821.0378710363707,811.9891593992248,818.3328247070312,25011426,1289.9937398232034,1291.4264140714613,1274.2831724837226,1277.074462890625,10864584,3437.5119052136138,3446.273617801244,3402.4650548630925,3432.644287109375,968577,398.36204296714664,401.6237695761511,396.0015485585568,396.64532470703125,13384631,611.3376144926107,615.220603329458,605.7025002108935,608.0701904296875,13221898
3463.5022836894645,3501.884103192092,3447.966785319353,3482.78466796875,825907,967.4035679755073,980.3796718566513,966.8669735931653,975.0624389648438,7683792,1418.254950581332,1434.8427277811138,1414.799163664711,1429.635986328125,2808451,816.7768404269046,818.2849687904367,810.0740996496615,812.9945678710938,14239686,1274.9006856426909,1287.8940202608817,1271.2447008145452,1279.69287109375,4030540,3444.3264109890674,3444.3264109890674,3403.487144521857,3432.108642578125,777080,397.8470301222474,403.3834235003086,397.1174262070781,401.7525329589844,9706230,608.212275921118,612.6635451004371,604.2345447863022,607.4072265625,8295548
3482.7849604684966,3482.7849604684966,3442.7124205931514,3457.288330078125,1344068,972.7208835740646,973.3550784811775,956.3787824708895,958.330078125,16263825,1424.7057474638627,1427.6086309615123,1403.5102544550214,1414.015869140625,5396313,813.3297325444754,815.2448013204753,808.4941371304667,813.4733276367188,29242092,1277.099135940161,1291.920402508132,1271.1706293129728,1290.2900390625,7448800,3431.719361397301,3432.1086757607013,3341.132944262997,3347.071533203125,1511464,403.4263381690342,404.5851080974229,397.93287207365034,403.7267761230469,10924918,607.4073203201524,613.7054004061756,600.3042485561921,605.60791015625,15164482
3442.4837365673884,3446.916012198502,3369.4212447573177,3373.71630859375,1803075,960.7204375897454,963.9400635440459,951.3541826195407,960.0862426757812,16826752,1400.6995390215577,1400.6995390215577,1371.2562788380874,1373.099365234375,7550363,814.8617397029581,816.1543877106121,799.038461039413,800.9296264648438,28389762,1289.4503036849235,1301.3073179716814,1273.2456933698636,1276.2593994140625,9037536,3342.1064694655865,3374.0868143241737,3321.273159803781,3349.261962890625,1283859,403.6408968636394,412.610699407938,402.8683926924601,409.6493835449219,24961710,605.5131321806922,613.7053642545236,602.1510233047925,609.3961791992188,14571772
3382.8548848897744,3398.6188470061647,3336.4768514169155,3350.915771484375,3598144,962.3790429363942,965.0620744677926,957.9886277031968,963.1107788085938,22789140,1386.8763509676678,1400.5152349032498,1375.7718232468026,1394.018310546875,7056038,803.3713517790169,811.4864323425077,799.8763278844378,809.5234985351562,26734056,1278.5811975278393,1289.376067708453,1274.1842702494187,1282.8546142578125,9612778,3349.943380354553,3387.959523891567,3332.371232106536,3367.1259765625,1651616,412.00987104917436,413.25449592440776,407.03142595569284,408.9197998046875,12240910,608.4964462867835,612.1900665146259,604.8502261119448,608.7332153320312,13883388
3358.409607550091,3424.8924099852666,3358.2726188503784,3415.890869140625,1963127,963.9400163911056,973.9891767169987,959.8422837638905,969.501220703125,14875499,1388.5352963045564,1418.9001014903272,1388.0745246781073,1412.3111572265625,8895403,807.7521349770598,816.2502532169135,798.6315959676855,805.3822021484375,31889470,1285.9424160498672,1294.3165279752034,1283.521657474919,1288.3138427734375,8086406,3373.2107079551092,3460.876559768114,3368.3918134451965,3428.65283203125,2069018,411.49486773368767,411.49486773368767,405.14304267730904,406.81683349609375,9564086,610.8640954983638,617.2568592884629,603.9977936497388,607.9755249023438,15984585
3415.891042086117,3417.5817593808756,3356.0336705400387,3361.425537109375,1067805,969.7939557543597,973.8916886039306,956.4275683980821,958.086181640625,8393164,1408.9935731336889,1415.4904983479466,1394.525388427754,1403.326171875,4440136,803.6107431564817,805.4539851831421,794.7535499790049,796.4052734375,17998470,1289.4502625359673,1300.2944657165137,1269.1698042070248,1278.26025390625,7734652,3446.2735373493792,3465.6952855965674,3397.5973574433146,3408.403564453125,1993855,407.71809516963697,408.1472883482497,398.7482923424567,399.5637512207031,8311403,606.1287006578947,610.8640811317845,591.9699014799768,593.8167114257812,14739531
3390.348920468523,3429.096421850745,3365.4921632868704,3372.026123046875,1370944,962.2326408633471,970.7695590966088,951.6468860736289,955.8909301757812,14660414,1420.9275847658068,1431.1566925228285,1406.1367703448866,1409.316162109375,4412074,798.1767467752176,803.2756291285802,788.4098842358525,790.2052612304688,25326888,1284.5096770702141,1287.8691880410897,1273.2454911635218,1274.8758544921875,5403074,3434.0556041731193,3498.600263172331,3426.9003486756465,3461.801025390625,1807271,401.2804409887197,403.3834249883553,397.9757868226536,398.748291015625,5916180,598.5521321607245,600.777738011181,591.4490609721083,592.3014526367188,13400235
3372.11752875156,3407.986258562806,3370.289822773917,3393.181884765625,1292227,950.5736686217577,970.7208201257515,950.5736686217577,968.8670654296875,9409181,1405.3074127004143,1414.9836173666822,1386.9226688317367,1400.6536865234375,4096845,786.6145629124144,794.7296441251053,785.8485470291504,792.8145751953125,16115824,1273.146698836737,1313.6581576278165,1272.1833407081513,1309.26123046875,11102740,3455.9600621795576,3464.721774594502,3426.8030778451557,3451.6279296875,1534821,398.74832675502415,400.6367279371857,394.8857510365176,397.6753845214844,6123200,591.73317522907,592.2067133106882,585.4824956736869,588.8446044921875,12742464
3403.188605468219,3447.9674029085904,3387.6531043154373,3413.74365234375,1777909,971.0622694484135,974.1843544018284,962.8180334077583,967.0133666992188,6451345,1405.261293276588,1405.3534251009314,1369.9661425866611,1376.9698486328125,11296088,794.7535608406137,796.1419974247106,786.6145183500772,789.4871215820312,18314010,1313.6583733689063,1346.2651626289091,1312.6702888458758,1343.6961669921875,23725852,3451.6278374986227,3465.3058912719607,3407.868000308086,3412.05419921875,1105348,398.3620565020552,400.4650133189814,395.7869790243903,397.117431640625,6786448,592.8696781345247,593.9588388441286,585.7666069108683,587.3766479492188,15533860
3516.505979741258,3568.824058571868,3492.3803522837784,3548.30810546875,6813450,970.5744738257089,984.1360028238887,967.598759779006,979.0626220703125,12255743,1439.450434041234,1491.056851650907,1433.368271607278,1486.21875,26754401,790.9233945544381,792.8384633063858,782.1140666068262,785.752685546875,19773552,1343.6960023683716,1356.9609630954171,1329.714583957277,1354.3919677734375,15012164,3412.2489063003786,3483.900099910731,3401.5401468115224,3474.31103515625,1782631,397.6324341610022,401.4521091194677,395.14321175715304,400.59375,9714589,590.7861088551372,602.8139878885283,588.2289916110394,600.0674438476562,16620797
3618.85751219593,3623.4267767315314,3550.3185441619166,3567.4990234375,2801505,979.0625946865415,987.0141482984905,974.9160914205547,985.2579345703125,12388044,1515.8923891628679,1534.3232525223632,1507.6446228067189,1522.4814453125,13228305,788.8647318566922,804.7598387644721,786.901797926325,800.8818359375,28320356,1358.616069177015,1379.8104316098675,1349.723309451493,1377.51318359375,8610594,3481.417923196578,3510.23407983068,3444.375301806993,3449.242919921875,1783518,403.42635918424696,403.8555523975188,400.07877725787444,401.3663024902344,7167978,605.0869435954805,611.337622735401,602.4350842707261,606.223388671875,16844018
3563.1126115927123,3563.1126115927123,3523.405745987789,3528.660400390625,1432672,981.5993048814522,991.0631011947543,980.1358330664721,984.4774780273438,11505126,1515.7542704008683,1519.1639351762556,1497.5076704042556,1503.5438232421875,6500917,800.9775061380469,806.0763883828079,793.8438633427261,803.9219360351562,25322500,1373.4126778584214,1379.6623844587446,1354.1697570573224,1358.24560546875,9069024,3454.061623594253,3493.9760899322923,3444.326387902048,3478.886474609375,1791818,401.5379709667349,407.71811362572754,398.4908271181607,405.40057373046875,12531058,606.1286616061186,610.769357293514,599.9253251459803,603.1927490234375,15025543
3490.0045245140536,3573.1194082779125,3484.1102174250937,3549.953369140625,3458696,963.8425433060156,983.2578999623713,952.9640458633737,957.84228515625,41914771,1493.1303945709744,1518.2424471875822,1493.1303945709744,1511.51513671875,9209876,751.6644868680132,764.4954709128732,731.7477834906084,736.1045532226562,170145236,1343.30084717423,1369.7568331827044,1338.8791932605309,1345.35107421875,12197382,3460.876398845912,3518.7523293447257,3453.7696290288427,3476.404052734375,2699076,404.62802038529264,409.4348098392072,399.3062372068339,400.5079345703125,11536527,590.9755375773763,603.0981011461799,590.0284613953612,592.8696899414062,30016308
3562.198531252639,3572.06818699225,3529.299827526345,3566.40234375,2239110,950.2322029973618,970.086612247944,946.5247532036159,962.3302001953125,17902484,1513.7730508709333,1519.6248280436816,1500.5028054955274,1513.7269287109375,6375464,715.2782083529884,725.3323197153799,708.5994291824192,711.5198974609375,161070930,1335.2972997496222,1354.663730119792,1335.1490629645289,1351.6500244140625,10279438,3476.258267388991,3521.1862883836993,3431.6708370628826,3500.791015625,2148898,399.349141029534,401.5808802693785,390.1647552149102,399.5637512207031,9495938,592.6802223057629,599.9253777209321,586.2874585176507,595.0479125976562,14695436
3630.2658185854475,3647.3359347309056,3602.705290319906,3628.471435546875,2941975,967.1596680050709,986.2824009262613,963.500988695396,974.8673095703125,23271148,1522.0205868141354,1534.8300586161174,1515.1551356019972,1529.0242919921875,4522736,720.999446229209,723.0581685801238,703.0217728163159,704.0989990234375,109600538,1359.6041759840746,1359.6041759840746,1342.8067406703178,1351.156005859375,10422704,3507.6055262696923,3559.056343533904,3507.6055262696923,3549.467041015625,1913923,402.1817139863782,406.00138895410885,400.33624051486,404.7138366699219,12673308,599.499188239714,601.8668785566165,591.6384679485856,594.5270385742188,11675202
3588.8559304230384,3620.051280568456,3536.173365803367,3550.436767578125,2618854,1033.3085624484331,1033.6013044278507,996.331546511633,1003.9904174804688,50797448,1520.638356967558,1543.3082963711743,1509.2111992011553,1513.3121337890625,9401255,701.3940064745544,706.0380253244172,682.2433168779795,683.368408203125,115469402,1355.4048574857818,1355.4048574857818,1306.791150318716,1312.7442626953125,20055420,3541.289413495488,3564.4105981536663,3442.5739814436324,3456.982177734375,1742142,406.64512419993554,406.64512419993554,391.7526905157267,394.2419128417969,8728196,593.8166718075666,601.2985955791091,568.8612414971168,573.07568359375,30954343
3570.451409769425,3573.8101208438484,3501.98717363284,3535.299072265625,2657709,1004.3805964528723,1010.7223072563087,972.379419549497,974.8673095703125,34578943,1529.6695716902016,1548.1925674088009,1515.938555587784,1543.9534912109375,8999681,660.8184783083515,698.2580528326665,660.8184783083515,697.0372314453125,86004404,1319.3151054787043,1333.4200358723897,1308.1498229720294,1327.862060546875,21919128,3475.4792926342952,3522.159702264737,3428.4580546692046,3494.1708984375,3711521,394.9286481749363,401.1946460030682,393.2119569371608,397.9328918457031,22459072,577.6691462358584,589.4128565647261,571.1816395100639,585.5772094726562,19221835
3533.550617096936,3552.9673375818998,3477.2332310375527,3506.312255859375,2205154,974.086809350288,990.380080339403,964.0864191743161,985.3555297851562,28315035,1541.6956238359799,1548.6994420250173,1527.9185982399085,1538.147705078125,8865304,695.4093846155678,697.7313939357863,679.5622013776972,686.9830932617188,98941852,1326.9479158139593,1347.895377764627,1319.2902616038493,1336.9522705078125,11808872,3504.587529324063,3522.451782540132,3470.4169934066963,3498.308349609375,2206540,397.88999716827067,399.09166744976585,388.0618342792077,391.1089782714844,20435547,585.7666108260978,590.7861029633766,574.1649277499139,580.3209228515625,22684904
3497.5699073043315,3515.2380746842937,3479.2115753809107,3497.75390625,1646747,995.1607457242064,1006.8685192033147,985.4042678249494,991.6484375,14078922,1534.5076571987393,1547.5935254301967,1518.3345293026832,1526.62841796875,4253785,693.2788688648152,700.3406850803747,692.2016426624417,696.438720703125,65645498,1348.241269998228,1435.192704047216,1343.9678528779282,1430.7957763671875,23893438,3508.5787497050296,3634.990873257705,3504.7821030654054,3609.8251953125,2072982,391.3235683388679,392.48233828149625,384.1133837986769,386.08758544921875,18557346,586.240116875537,596.1844161117133,583.0200349532757,589.9810791015625,19572140
3503.6895122527035,3540.820457055553,3484.871069366822,3497.340087890625,1411621,990.233827264166,998.9170576629135,983.4530625914942,992.1363525390625,16085742,1532.0194213135253,1557.4079810311105,1518.9335530973535,1521.8824462890625,4995943,696.3908845219285,700.53217422801,689.8557002681358,691.4835205078125,41728768,1442.5537625848374,1442.5784888178382,1387.690473107798,1390.852294921875,14093978,3617.5651500117424,3638.9339465367852,3528.9257743808575,3537.103515625,1454989,383.68420026968823,389.43514944296885,375.4440014019763,376.0019226074219,45190319,592.3488295727046,599.9727815339705,591.1649843052737,593.5800170898438,16966577
3507.140432085803,3528.12148113154,3493.5671947757637,3511.511474609375,2459358,992.0387268414895,1013.6981211276084,978.8187103188384,1003.1123657226562,25627447,1518.93352092331,1536.442841049227,1509.5798353047996,1530.591064453125,6763779,689.1854007024332,706.1576749666016,687.8927526091608,700.2210083007812,65761040,1387.2704457772934,1417.159997760743,1385.7883192326594,1409.6258544921875,15130226,3426.802976147712,3444.326400457558,3297.3730646833724,3387.61865234375,9637606,377.6757423653789,379.82162680148224,376.5598726652632,379.0061950683594,20648695,593.248543869928,609.1594121757427,589.0813855447404,606.602294921875,23270745
3515.2384129880293,3593.3649569612444,3501.481176697016,3546.663818359375,2363107,1008.77105449098,1008.77105449098,992.6241539100525,1000.1854248046875,13058880,1529.3471931576782,1545.4280783736983,1520.8689274978267,1527.0433349609375,5760011,701.4178599181299,705.5112841214318,697.1089554241759,702.0402221679688,32690740,1417.9011153905622,1426.1515960154993,1401.1531330404457,1409.650634765625,13349362,3387.8621385741612,3401.2480881159413,3281.748065842959,3308.033203125,6149780,379.3924737499081,384.32799179923006,377.0749065101442,380.16497802734375,19903526,608.7332050368398,618.3933934805597,599.7359814695897,613.3739013671875,26587707
3565.895953088856,3666.52180184148,3563.089239204935,3649.865966796875,2826510,1011.8443169459497,1024.4301974773407,996.770605964979,999.0633544921875,14774650,1535.3371760388302,1583.6720744845543,1534.3695106294924,1560.4952392578125,7858483,706.1816237651476,708.9824002114282,690.4062678183428,692.3692016601562,44867754,1416.0980132616144,1457.3258137867138,1416.0980132616144,1440.3306884765625,19652588,3312.608614794192,3345.3678256364046,3272.0127293295104,3286.664306640625,7579802,381.9674763724285,383.85585015123644,377.2465419254087,377.76153564453125,17816750,617.493672317934,625.5911621347344,612.4741801008781,615.26806640625,27471811
3665.234434230392,3701.12299635316,3646.0019356759444,3656.308349609375,1691523,997.5999136860917,1001.4536750045531,987.453152358168,998.5755615234375,12948430,1561.7853328521521,1567.3145920332188,1549.8974031142452,1554.82763671875,3634135,692.2972980120073,695.1220358820352,686.576053954148,691.7467041015625,38605046,1443.3442832345067,1452.9781061073709,1414.4675408489986,1421.878173828125,8814432,3286.1288821409535,3317.719675140498,3230.5893137268954,3253.2724609375,2954238,379.39243172632115,380.8087120811852,374.71439748515684,376.0019226074219,12505666,612.8529386660016,620.1454364049642,604.9448761274464,608.922607421875,28339525
3678.1175581380526,3818.8190381100667,3671.6760212586514,3806.028076171875,4474396,998.6243361843565,1009.6979749138608,991.9411722900987,1001.4049682617188,12886927,1554.4129683538292,1597.034340689009,1542.6171705805966,1593.7628173828125,7694265,692.0820039083551,694.068841190409,685.881933113519,691.3877563476562,41075740,1424.6695010773788,1424.6695010773788,1402.9069175392074,1410.7869873046875,9047984,3257.4099142661257,3336.9954673119287,3249.1836875110957,3333.588134765625,2545192,377.6757242063142,378.44822842023024,368.66299368578547,370.29388427734375,19487043,610.3432732703525,620.334915694985,603.950508871969,615.8363037109375,14079390
3821.6716355150297,3823.512074540079,3748.92823811736,3757.624267578125,2124267,1002.9659386635358,1006.4295359934986,988.3312216596904,997.2584228515625,16410895,1593.348042190383,1593.348042190383,1554.5049774833712,1560.8636474609375,4613877,695.6487048996299,696.0317420167268,683.0332015338389,684.6130981445312,54837086,1418.8151411125152,1432.2283386037336,1412.2196294925052,1424.9659423828125,9296568,3353.788841837622,3355.7358890607493,3299.2715195900437,3304.820556640625,2099940,373.3839706946024,373.3839706946024,369.7788783400748,370.6372375488281,13376903,620.3822334047071,642.0703008129436,620.3348911572103,639.51318359375,41696232
3763.6980125639025,3826.2729428461384,3760.0631902227506,3804.27978515625,2345173,999.1609061655041,1003.2098684279933,961.2570122719966,965.2083740234375,20565502,1564.7805117170838,1572.4753757160167,1550.7730986588967,1559.3433837890625,5919715,684.5652392978377,688.9220089386799,670.5134342809237,671.7343139648438,69106124,1432.7224367107362,1442.0845126481563,1410.515263064875,1432.845947265625,14694634,3322.6360677571297,3327.309028601936,3206.640825156168,3247.18798828125,3471727,373.8535172676072,373.9406548583127,356.07587448707574,361.2610168457031,50039587,644.3906262816,680.8530575303441,642.591158500595,662.527099609375,74222434
3806.533398655103,3850.8881536905233,3772.8995591447865,3803.9111328125,2100596,964.7693393163379,989.0629942650385,961.5009428835466,986.0872802734375,12799837,1552.5238399589869,1560.080561966992,1529.577503446997,1538.378173828125,4600004,666.5156981154427,677.072478684091,664.0500356096397,671.99755859375,56642124,1436.6747903139974,1454.4355841797649,1433.661084495157,1443.3443603515625,12556798,3247.918255264219,3300.2451510965016,3221.3410122643027,3236.528076171875,3121873,357.38305346257397,369.6705586670749,356.07587910947086,362.0888977050781,33527317,666.4101818840758,689.8029174512828,657.4603003588977,686.8670043945312,43235061
3800.506836908833,3827.7454261378275,3778.007288616118,3791.948974609375,1013716,985.794584956461,987.5507391294831,961.2570183691254,971.8427734375,8050066,1539.2997433619348,1560.126598289278,1539.2997433619348,1548.2847900390625,3555808,670.1065041980137,676.8092448082598,662.3025756816373,665.4863891601562,34447812,1443.3443671360003,1443.5913882496639,1425.163589047209,1435.04443359375,6674430,3241.833688409072,3250.741334554303,3199.972172312498,3212.18994140625,1922273,363.8753311411971,364.2674916906546,353.8536253524433,354.55078125,11326971,687.5772971988666,687.5772971988666,667.215159609644,670.4352416992188,22873137
3796.3198278378054,3837.3154280400877,3755.8759998910355,3818.450927734375,1257415,981.5017091699309,1002.0391434670632,975.9405046734194,994.9656372070312,18706292,1550.957305138598,1556.578696520759,1532.9872115852988,1552.3857421875,2696481,666.4199643535106,672.3566891768745,662.7813454112104,667.6168823242188,57580994,1438.1567484987418,1461.3767303535824,1436.674621997369,1447.642333984375,7715594,3224.310363117191,3250.157463835123,3197.149148063776,3233.558837890625,2151493,354.5943737512555,357.99304337034437,351.4571445057712,354.4636535644531,16207766,671.0508318054963,680.0007134812453,664.9895787916939,675.6915283203125,23351472
3779.3413678448446,3786.6110118014235,3726.4287482560744,3772.991943359375,1391283,984.9652512089306,1010.4784061393933,983.013955556177,997.7950439453125,17878720,1529.9460822117326,1538.470357405494,1507.1840085834583,1535.475341796875,3768579,658.7837177497752,666.2046099191948,652.8230890297091,662.6378173828125,91320810,1440.1329959711338,1465.9714268487612,1440.1329959711338,1463.7235107421875,7117888,3202.941423431917,3229.1291136567993,3176.6562857746753,3221.3896484375,2502138,353.81010311289634,359.25668585200435,352.41576356986315,358.64666748046875,12618012,668.209531384723,708.8864614766698,668.209531384723,704.056396484375,36782182
3798.6657441778602,3815.505579737829,3757.255870513131,3775.844482421875,1091582,997.9413025485616,1001.6488117315333,982.0870262094294,991.892333984375,10069878,1545.4281272111978,1555.334717770244,1531.2363377721808,1544.8291015625,4834391,663.0925826953933,677.6949825309235,662.7813723217212,677.0007934570312,41584944,1465.674980481667,1467.0335965408115,1449.0505085860837,1453.076904296875,10006782,3221.3895294942777,3233.9966123327604,3203.0872386363435,3212.919921875,1999189,359.9102525686611,361.26100948205914,351.3264405397178,351.98004150390625,21169031,708.1288729039719,723.5662031109259,702.3990735633622,721.387939453125,33941282
3785.092284604716,3817.0240761446466,3772.991489879223,3798.94140625,1307556,998.2828945562029,1001.2097785647912,992.136324995411,998.3316650390625,7159395,1556.486498735968,1574.917363137815,1555.5188333576436,1568.14404296875,4880654,681.7166435513678,683.5359238875297,674.31965507416,679.8015747070312,32175742,1458.8819534815811,1459.4007219371786,1441.170612214809,1443.17138671875,9767498,3217.4465383705974,3308.0329502438267,3216.570462265498,3297.080810546875,2768329,352.9386047974404,356.90370995861326,348.05845837206795,352.59002685546875,38963810,723.0452778952919,733.6051419871368,713.4797743669861,714.7583618164062,27365121
3794.110954472966,3798.942107006786,3731.49019516973,3776.396728515625,772291,998.4291584000189,1020.5276050243264,998.4291584000189,1018.3323974609375,9388255,1571.2311682439513,1577.2211990906292,1555.2884257624896,1566.39306640625,3690993,684.1583399970523,684.1583399970523,677.5513291516161,678.4609985351562,34451756,1444.6288410678121,1461.8708655513933,1436.2053974591388,1456.4364013671875,6729828,3310.515685838943,3317.7683890366875,3247.1879288825917,3251.4228515625,1216447,352.93863831509657,359.6923952723139,352.59006034002135,356.6423034667969,17602580,718.5466855971592,724.5132537731262,710.3071115422806,719.0675659179688,13979584
3756.4282382838423,3771.059638965151,3690.0803202172415,3709.082763671875,1193648,1015.6981918880425,1027.0156825714587,1008.0880913935629,1023.2106323242188,11293528,1552.800253854097,1561.3245282446908,1537.825177221973,1553.0306396484375,3706389,677.4555450204665,697.6834579371554,675.9235134549672,696.2711181640625,56133508,1457.4492860314679,1457.9186020207894,1444.3818933388152,1453.4969482421875,7117496,3251.4230337870254,3278.5842483530732,3240.324721652042,3267.87548828125,1578162,357.68804696525905,357.68804696525905,352.3286021787309,353.897216796875,14626643,718.878140197099,723.092640626177,714.095417199918,719.87255859375,12528399
3692.8406262355356,3739.1737650742916,3663.0256061355944,3673.055908203125,1885939,1031.064628645261,1038.0892450705965,1022.4788804830687,1026.3326416015625,15946325,1542.6633157025528,1542.6633157025528,1516.2150708785946,1525.660888671875,4300508,700.9151754054046,700.9151754054046,687.0309267122648,689.017822265625,45893136,1456.4365283424868,1470.7884795851646,1440.1825868389801,1450.2115478515625,12720292,3268.0212237005408,3268.0212237005408,3202.9413147232717,3209.123046875,2430672,354.6815166984585,357.3830304413687,349.714232381529,351.500732421875,20162369,720.3934973720231,736.3517073942173,719.3990211695317,730.6692504882812,21465311
3654.1917205441428,3768.2528853223134,3654.1917205441428,3761.029296875,2982052,1030.284129893754,1040.0406083965356,1014.9665062834417,1036.8209228515625,13432573,1534.3694366019563,1552.4316609246032,1515.3856690741432,1549.4366455078125,5841277,678.7722288264276,684.0626300055545,676.1150473676641,679.634033203125,50560882,1450.6561919754163,1467.2559381666686,1440.6271108051608,1464.0941162109375,18493728,3222.363048994333,3279.800940199972,3190.1880471480467,3274.68994140625,2521388,354.5943771137186,361.7838769804783,351.5878680265273,361.1738586425781,19321180,732.0898793051539,732.0898793051539,716.9366605873241,725.3656616210938,18799244
3800.5065425299695,3800.5065425299695,3723.5761023123614,3728.821533203125,2538072,1043.9432895837097,1043.9432895837097,1031.894061415988,1035.4552001953125,13142759,1563.8587905950133,1565.194983220865,1540.728079066558,1545.2896728515625,5373072,681.0702276813848,686.5042231059118,678.8918137873462,680.1365966796875,29833452,1471.7517883622584,1479.7059164315408,1465.6750448712426,1475.82763671875,14438584,3274.690043747072,3309.882827184458,3252.299000712904,3298.249267578125,2107176,362.437422138074,362.437422138074,357.7315785908986,358.5158996582031,11576964,725.3656188570327,729.7221458595922,715.0424660921377,718.8781127929688,14143636
3714.0058645493514,3726.888937419443,3665.0041766684662,3681.84423828125,1379284,1027.454643303216,1036.4306742504732,1024.917982919419,1028.52783203125,7875941,1543.5386736406174,1543.5386736406174,1515.9385009458492,1529.89990234375,2782438,676.761348833584,686.9590543726445,676.761348833584,680.9505615234375,23506870,1475.753583346703,1476.7169415654328,1464.8352018923576,1469.6026611328125,7513106,3309.980122042526,3399.2034617322174,3303.16545708538,3378.272705078125,4122419,358.2544765395862,359.9538113149577,354.94294457199726,356.5987243652344,8289561,715.0425247498395,725.7918164039028,712.8642610698683,718.7361450195312,11355186
3679.957925356637,3794.985367384539,3679.957925356637,3776.948974609375,2960475,1025.1620110998556,1040.2357232242944,1021.015507605043,1034.3818359375,10580973,1530.683233844853,1539.9907975363865,1523.1266247075048,1533.0792236328125,5159088,676.7614127525852,683.0571548064959,676.5220291476985,679.9212646484375,32087150,1465.3540321072526,1482.0772898132236,1460.4383358684995,1467.94775390625,10826044,3382.994304441334,3419.0146754526518,3360.505815577123,3413.611572265625,2122286,357.29588340568495,359.69237410510254,356.03226415387263,358.29803466796875,8083518,718.7360628262059,722.003429070041,702.9198806721752,710.1649780273438,13969393
3768.8506776946274,3823.419508575245,3762.777139768197,3790.337890625,1939225,1037.1135865360943,1038.9185111032964,1016.7713542133081,1020.72265625,7730332,1538.9772213327412,1555.380736114235,1531.6509975218291,1540.129150390625,3188916,679.9212222820232,681.8601942948292,672.1891206373224,674.7744750976562,25321986,1465.3292067243183,1473.5056294891751,1432.8953836215212,1438.2803955078125,8647950,3412.199955269261,3419.98814346959,3354.908000749932,3378.3212890625,1666903,358.2980510039956,359.34381253424715,354.50724831349424,355.8144226074219,8949664,710.1649654601358,716.6998134420376,701.7833653922032,703.2039794921875,11263318
3771.979390861673,3807.96005993707,3740.277876873748,3768.390625,3772719,1017.6495772588014,1034.869667204587,1013.2103317291641,1026.57666015625,20944844,1534.369531530479,1550.2661528030922,1523.5875203601972,1542.5712890625,7814722,671.2794347728534,675.253225645792,668.9813874316935,671.90185546875,53295700,1447.5438276529026,1461.3522847525776,1437.1936663872107,1443.3939208984375,23628976,3392.7297540831973,3403.438513708711,3345.465135655257,3385.47705078125,2119512,356.42440777306143,358.21088006238347,352.50285763753504,354.07147216796875,15468800,704.5300165868673,714.0007786982383,698.1372521616919,708.5076904296875,19217113
3779.5255936695676,3809.708612609149,3760.752981650241,3767.70068359375,2043265,1029.3084513108604,1063.40729502092,1028.3328034897127,1060.431640625,14909562,1538.0556768856939,1540.7741844629486,1521.4678984651173,1524.8775634765625,6387291,670.2740637422462,685.9536891619308,670.2740637422462,684.9961547851562,34738898,1446.061542580972,1482.1266237591103,1445.0734581651325,1474.345458984375,12132926,3408.9386752400123,3561.4900070738727,3407.3324564383515,3537.2978515625,4407803,356.337315293301,360.04098051981117,355.11727854645085,356.86016845703125,12873024,712.2012253214909,731.1427472715305,712.1538830776034,728.443603515625,17348526
3777.500781504877,3789.371522353806,3750.722306075315,3755.139404296875,1749271,1054.6752013263406,1068.3342696136383,1053.7970945454895,1065.748779296875,11424581,1527.7803779385492,1533.8625405850848,1505.479077403563,1508.75048828125,4445156,685.0918449690896,687.9884096675396,681.9080901062357,685.9296875,35616474,1472.7150995331629,1494.4282305064353,1469.503825173054,1489.4384765625,10024420,3572.831583126821,3582.3721618650525,3526.1511744193917,3547.9580078125,1307501,359.25666246476044,359.86668079658443,355.94513043216057,356.5115661621094,7103794,733.415788130336,735.8781629797205,728.3015538370722,731.1901245117188,9789141
3737.9313106921068,3739.7717495452293,3662.473317714078,3692.012451171875,2070859,1059.7486671027018,1072.724831392527,1050.284930417513,1061.5537109375,9222544,1505.8016678459578,1508.888815229402,1476.312283897934,1480.459228515625,4596579,680.807036048719,690.8611483954301,680.6394791982608,689.831787109375,37991672,1487.8328618357061,1489.4384990399915,1468.3429205099196,1482.32421875,7107668,3535.058812182142,3547.957999748582,3495.2417924250776,3516.951416015625,1981370,356.99085697735416,358.5159165850442,352.02357283988704,353.9407653808594,10108373,728.7751257237001,745.3016167439201,728.3962721270127,742.4603881835938,18088847
3675.4024369976914,3747.1334961978687,3642.6425356235145,3740.0478515625,1744204,1053.9923671118995,1086.4326564967669,1053.9923671118995,1070.3831787109375,21796484,1477.049450044554,1493.0382016771937,1452.352047887815,1490.6422119140625,6420684,686.3367475409569,695.576919496979,686.3367475409569,690.6695556640625,42409530,1475.6545662551582,1491.0193265812127,1460.8827530485903,1485.0908203125,7805676,3522.208354741387,3555.7461949398426,3491.104323522162,3545.767578125,1500196,354.24578717721465,357.25229616277596,349.1913654734048,355.4222412109375,11534613,742.1762558623576,748.4742776430227,731.9951871429561,742.4130249023438,26710525
3740.6918212833148,3794.984765306861,3715.5697869974592,3780.8134765625,2688905,1068.285589791398,1068.3344198240536,1056.3339033595764,1061.4560546875,9963926,1489.7666719434026,1500.686936051952,1478.339514092148,1489.62841796875,6348359,692.0580272311091,694.7152087205789,690.0950932873528,692.3452758789062,49348046,1485.0662153094684,1485.1897258668157,1457.968071396935,1461.3028564453125,8315726,3563.82637794758,3607.050729009781,3546.7897156204385,3579.597412109375,2344401,355.4222723288473,361.60959362614113,351.76216210472074,360.3895568847656,23907135,748.1901327438186,751.4102146649448,741.5605999220379,746.3433227539062,15497868
3762.777145723229,3821.671187622541,3762.777145723229,3793.466552734375,2304068,1061.4558937916418,1061.4558937916418,1050.528686920811,1052.43115234375,13310362,1481.9796685740168,1487.186409973432,1463.4105512344881,1475.02197265625,6752895,684.6371268147891,692.2734406211868,681.2857562639475,683.5838623046875,50531094,1471.2577496463198,1471.2577496463198,1446.0615961097308,1449.1246337890625,11277130,3602.037413346041,3602.037413346041,3535.302321301283,3544.210205078125,1748541,363.22177159770035,364.5289458598365,355.55297357754284,356.77301025390625,18298683,748.1901368545919,750.8419384368862,729.7694947090195,732.7528076171875,16778340
3793.4667885423355,3892.482492505704,3792.270233646347,3857.7900390625,4039801,1050.821543798178,1068.1392927948118,1029.9426563996108,1050.6263427734375,21785435,1474.4691365947879,1497.5077168540815,1472.303532549028,1486.403076171875,4614222,686.5520830528056,700.9150973426133,684.2779391235861,698.7846069335938,65418454,1449.1246865128974,1470.269718687064,1447.5685016900354,1457.8446044921875,9432678,3542.7009270085337,3574.7784804895796,3517.4865244230564,3525.761474609375,1470377,354.24582311819125,354.24582311819125,348.0149191296,352.4593505859375,36226074,729.2486473566764,736.5884876385131,717.2681107424115,719.4937744140625,21529705
3869.522767451965,3902.6506674824695,3802.2546361359555,3817.990478515625,2837260,1050.9190113988607,1063.1146084324603,1047.016420348109,1057.5533447265625,24855870,1486.3569240580796,1497.0468017752844,1473.1328027552288,1484.974609375,5688997,701.6332902428926,704.5537583020961,694.2602641088363,699.1915893554688,63067454,1462.142657909758,1465.4279903850718,1410.7622676768488,1415.10986328125,13522134,3538.660918931016,3540.5107564190216,3418.9175134116877,3444.862060546875,2503293,379.08225632312536,381.69660509257994,367.01263623455105,368.1455078125,105525827,718.4992657346983,723.281988208107,703.67750248633,707.7025756835938,27950252
3822.086214963553,3887.92774653845,3760.017224226297,3871.916015625,2919608,1053.6996058624843,1070.383159135781,1048.8701969746664,1057.2119140625,14231421,1487.7394689212454,1527.6883469444472,1481.8415695289827,1523.5875244140625,8803799,700.0055299615263,701.8727337796063,691.4835086418929,696.8217163085938,52432158,1422.5450608782721,1431.2649780682007,1408.514310659922,1414.4180908203125,18571102,3433.666381370203,3539.731727597736,3428.750039768764,3512.667724609375,4528490,367.70974101459535,370.80338754824123,364.2674889159415,365.70538330078125,31949569,710.2124078847078,711.0647417125944,695.2012166495516,701.8307495117188,19730882
3858.1122273965675,3900.8103208022567,3843.7567138454883,3882.635986328125,3373143,1045.8945019150356,1059.7974838667978,1043.9432062025076,1054.0411376953125,66192734,1512.344570167545,1516.6758908384104,1491.3794617139743,1505.8016357421875,11809997,694.2124563732988,698.665014815619,690.5020104857863,695.481201171875,143613804,1408.9589780840722,1416.1473166057365,1396.0645483366263,1401.3260498046875,19223818,3502.7380315769433,3507.605649742003,3430.746006451044,3443.4990234375,4054210,363.57035249882944,373.4613385589126,361.87101765864895,365.2261047363281,76074975,700.1260254598068,707.0396696118478,684.7360384273795,693.1650390625,29792241
3878.9554465113024,3915.3041186273567,3789.326152475134,3821.211669921875,1526904,1048.870343968933,1058.3829111883333,1034.2356251698557,1054.8704833984375,8769440,1502.11556344857,1504.5576756669025,1473.4094674521489,1476.911376953125,4958904,692.7760944963727,697.0849990233024,687.4139255734966,692.3212890625,21437856,1403.0799549430176,1424.5460660460144,1399.6463855144648,1422.3228759765625,9169392,3443.498819849977,3477.6208687050053,3433.325546021803,3466.912109375,1354787,365.13896487478166,366.62044193009535,363.3089098568447,363.7882080078125,16547358,688.6190419826069,698.8475105936745,683.8836612570906,692.2653198242188,18145126
3728.0391998604628,3734.250681402964,3650.142710085243,3659.989013671875,8931209,1052.1872820317788,1062.2365016265157,1049.0652568302282,1057.5533447265625,16708715,1467.4194357537194,1473.5477211325924,1435.7644462317567,1438.9437255859375,6870411,687.2703309378574,695.361508487081,687.2703309378574,693.9012451171875,36183594,1411.7256294896865,1420.4701525728194,1400.3626585436627,1408.267333984375,8275764,3447.2470739135283,3455.5220245286837,3388.8356578065495,3408.987548828125,1447405,364.2675229533733,365.6182798826193,356.1630089967851,356.90374755859375,21803126,691.3655971347375,695.4853553107556,682.983996236656,685.4937133789062,15205043
3667.994768950826,3697.441791681991,3644.2530619412323,3654.099365234375,1817913,1053.6996725881743,1063.4561510380647,1041.5040745258111,1058.090087890625,18725251,1440.3720813461923,1451.3844780457566,1430.5576233604784,1432.95361328125,4759059,693.757641226056,695.002424269405,682.0757097447741,685.1398315429688,43606094,1410.935092987457,1427.7819805194806,1407.056934025752,1426.546875,8488806,3410.0099371294577,3431.622114447246,3395.40708249897,3416.77587890625,1442811,357.2958991887677,363.09105972476596,356.9037386154801,362.26318359375,20364534,686.7722682789549,699.8419071119082,681.7053763780509,697.2847900390625,25405455
3671.721682393882,3688.6075746001366,3633.0264093675964,3655.98583984375,3829582,1065.4073702120015,1073.212552411357,1052.870320123813,1055.455810546875,19992607,1441.2935411478331,1453.2274803947662,1422.3097740379771,1432.72314453125,11062497,690.6695449843953,694.8108929167894,688.6108811083764,692.1776733398438,28922860,1435.2173701383908,1440.5283239841642,1427.460931435626,1433.685791015625,13006936,3431.8167468743377,3500.7909914852526,3431.8167468743377,3465.744140625,2504962,365.13895628515684,367.75330475277406,362.69888298530844,367.0997314453125,19968509,702.730488902024,710.8753205031713,701.3572169516723,704.9087524414062,15161161
3586.095026445395,3623.824022104687,3547.4458113797787,3598.885986328125,5852485,1054.821699696048,1067.0660087880365,1052.431290998509,1063.7489013671875,17214415,1401.6672315575609,1408.9474454626866,1380.6560012352104,1390.470458984375,14673890,689.9035379705642,694.5715181893103,688.3475445643155,690.7892456054688,45980326,1432.6977472783171,1442.6033181580033,1430.1040255590262,1437.6876220703125,19527608,3452.3092881474963,3550.732617620486,3452.3092881474963,3522.013671875,3020545,367.0997346711346,374.419927016119,367.0997346711346,373.5049133300781,40358503,704.4825610232863,709.170599460014,702.1622707327812,707.1817626953125,15535921
3565.8503303060525,3631.8300192271254,3562.583506361182,3568.15087890625,3440925,1054.675246883473,1062.626800085145,1050.7238257477718,1057.3094482421875,13367635,1374.9424783172167,1389.1802760076575,1371.164173630106,1375.54150390625,8351081,683.2965603924812,688.4433080631126,680.8788209713061,682.434814453125,56844290,1427.7820647176966,1435.0939139473653,1421.853557874578,1424.3978271484375,11415906,3509.552475498462,3579.5487252234566,3504.684857640628,3572.928955078125,2320963,370.84700787081954,374.0278199287093,370.84700787081954,372.67706298828125,10669833,703.7249566183376,708.270910802939,699.4157714829856,700.8837280273438,14678342
3578.2737319961457,3584.255159090906,3523.8886665462896,3534.47119140625,1968575,1057.3095684040516,1065.8953174560265,1053.2607249476644,1057.3583984375,26907245,1378.6287804592728,1381.3934103666109,1365.312524736159,1367.4320068359375,6857402,681.5491372067122,693.2310112679723,680.4479491623351,689.7599487304688,62168668,1430.74620650665,1482.1265951381042,1429.7581221098912,1475.061767578125,16326644,3585.487707403276,3628.517406451493,3572.929347023092,3608.26806640625,2387693,372.11053601442916,373.7663156676005,371.63123791929917,372.98199462890625,12698464,703.6775556672179,706.3766994815164,691.5549929179226,694.4909057617188,30088789
3542.9374116432614,3602.6595711179307,3534.103214017475,3567.047119140625,4311783,1058.5778569174774,1078.1396428341293,1058.5778569174774,1066.67578125,22070566,1370.47310016729,1393.189164332538,1370.47310016729,1380.5179443359375,12499530,689.75981165874,699.2394246339555,689.75981165874,693.2069702148438,55592142,1475.0864584455267,1488.0056133770977,1461.0309823617722,1468.1451416015625,21854364,3608.4139258038645,3712.3862932051306,3599.652213455611,3664.245361328125,4278668,372.98205586378,377.5571798173086,372.1105971062299,373.2870788574219,29009002,698.7054262433901,719.3516746513696,697.9004346418056,712.53271484375,21705116
3586.7395487458493,3619.499453254275,3577.8595203158884,3604.269775390625,1569676,1069.3589072693567,1076.0907823680045,1067.7977753821392,1072.8712158203125,10848191,1405.3535990438443,1409.9151935976056,1375.679948376021,1378.1219482421875,6580002,698.0426312199826,705.6071769383561,696.893578163066,704.0272216796875,25199570,1474.6912092837645,1476.1733358521226,1464.8350917273362,1467.0830078125,5013880,3680.7467667272217,3749.8669417375013,3680.7467667272217,3736.383544921875,1905190,373.94061930272346,375.90139442993103,371.02124791223844,371.8491516113281,9743648,718.8781538057333,721.1985019784711,712.2959628767208,718.1678466796875,9949971
3579.653802211397,3597.9202488822098,3564.0100709420926,3573.948486328125,2142666,1067.7978183376224,1067.7978183376224,1052.968017593616,1054.8704833984375,14380396,1368.353462463362,1376.0023163808078,1364.6672894897633,1366.5103759765625,7279400,701.4657698820595,715.685132245699,700.5561005197442,708.6472778320312,41225446,1466.3172549197961,1476.198098955644,1457.4244952875333,1469.2320556640625,8910166,3747.8712942530547,3757.8011876799847,3671.400966072057,3706.59375,3608162,373.5920880235266,373.5920880235266,370.0191428902278,371.10845947265625,9194659,718.0731365019557,728.064778156646,713.4797825681824,725.8391723632812,15713063
3543.7651451703696,3663.3936751293795,3543.7651451703696,3632.38232421875,3973090,1048.821274073248,1057.2606504701985,1046.1382429070143,1050.9676513671875,15477184,1362.9623414349414,1377.7991638971826,1359.2761687738598,1364.48291015625,8736248,704.7932359077813,716.0682276845824,704.4581222201347,709.6766967773438,45584386,1464.4152240453116,1466.7619246317818,1451.397283687729,1454.0650634765625,7008292,3699.097726143796,3699.097726143796,3670.330055056019,3682.304443359375,1684618,371.23914520830874,373.679218545448,366.88187928309895,370.5419616699219,13152268,724.4185584476019,731.7109984397689,719.9199468084377,730.2430419921875,19136981
3658.700160709349,3707.241733238287,3621.2933325972463,3683.914306640625,3394637,1058.3339827305892,1059.358460590309,1037.5526363294593,1052.57763671875,21419689,1373.6062588459959,1378.3061066574217,1352.8254147328123,1370.0582275390625,11186915,720.065912216293,732.5138601668406,720.065912216293,731.3648071289062,88935066,1462.117879861305,1462.117879861305,1432.7223691832353,1445.493408203125,14490272,3704.1597819709464,3718.6167022338786,3632.2652080483786,3697.296630859375,2339529,370.84699479060345,372.4156094618312,365.9232929984776,368.40692138671875,19065447,733.9840367300943,734.2681480220336,717.9784262265191,719.1149291992188,15889530
3660.6334169539646,3682.7186864378496,3644.529574621965,3661.78369140625,1636819,1043.9432619814309,1059.5536285157325,1041.4553121759684,1057.0169677734375,15340637,1363.93009899174,1370.0582714607572,1360.24392608138,1363.0545654296875,5072482,736.8227010597361,744.2435924609226,732.5856231419043,741.8737182617188,59055902,1443.467815909923,1453.274601948929,1438.6509043996564,1442.7020263671875,7442298,3670.2812295904373,3689.6542531577306,3617.85689137135,3643.99609375,1645597,368.1890562257562,376.20643221522545,365.96684064487147,372.58990478515625,16768902,717.8363829672766,727.0703754749767,712.7694908570097,724.2764892578125,9939620
3665.2339237190768,3710.9227277310406,3644.068877210029,3655.61767578125,2302538,1052.089788769452,1065.1634932016668,1050.0897822238517,1060.675537109375,8023461,1366.6485404880466,1373.9747637962018,1358.4467836601393,1360.8427734375,6610887,744.4590593119542,745.5602472863112,738.0436253706997,740.4613647460938,20482940,1445.5427357963142,1473.2090987059642,1443.5912932499484,1468.2686767578125,8357118,3645.8459283139514,3718.6655420543266,3643.9963285211197,3707.031982421875,1083395,373.24348736865613,375.94500116709133,372.76418920624536,373.9406433105469,8844633,725.507689454445,729.2486518920224,721.4826157264696,727.6386108398438,9797174
3666.1540659059356,3695.4631434716894,3611.907177559117,3631.69189453125,1876992,1065.3585653553457,1088.091206687122,1061.7975461708568,1080.0909423828125,12298463,1373.0993855776476,1395.0321590156452,1370.6112639030227,1377.56884765625,9423230,744.4111567395224,744.4111567395224,737.4451291623751,741.3949584960938,21884494,1471.2577557160955,1472.0482715276003,1445.0735176190665,1446.2098388671875,7071414,3718.8604655302656,3726.5999312674335,3675.051899836846,3685.030517578125,1997057,375.1171315326912,376.0321452699147,370.8470029815778,371.5441589355469,6967273,727.7806275520223,731.5689318840728,720.8195836589176,723.7555541992188,7465892
3640.756483645732,3671.8599489060657,3605.4201433160924,3666.752685546875,2101965,1083.8959718279336,1089.3596952702449,1078.2372855450287,1082.3837890625,10598000,1382.6371563154344,1391.3918156940683,1368.0768429499594,1388.5811767578125,6744595,742.041335404094,742.041335404094,733.9261958559255,735.5540161132812,27807400,1448.8776750369068,1469.281643980642,1448.8776750369068,1461.945068359375,9138330,3699.389563866302,3699.389563866302,3650.8108328219823,3653.82861328125,1951581,373.24344743864197,381.52226312429957,371.0212320403527,380.7815246582031,14547618,725.9337872939853,739.3822786717687,723.2346436921654,737.819580078125,14530669
3654.191918795021,3693.163307517169,3630.7263197194047,3682.16650390625,4354821,1076.6273862927333,1084.7740218982576,1069.1149455997045,1077.5054931640625,12216657,1386.001060258461,1388.581426378512,1363.423250433772,1368.2613525390625,12275616,728.2048847735614,732.4419626511461,724.5901691674342,727.223388671875,41084208,1458.2891033204971,1468.7627741208264,1445.6415744118667,1449.6680908203125,15551012,3650.6647402267217,3701.434138071264,3566.5036733733205,3581.836669921875,3437544,379.0822317625633,379.73583272202484,373.2434885876637,374.8121032714844,18785009,736.1149412559511,738.2458626040706,724.3238315687016,725.7444458007812,14408722
3682.166211852168,3739.9560412971437,3606.3862709398386,3626.76904296875,4200329,1073.4077256256494,1079.2129018387545,1050.3824599986701,1052.08984375,10526597,1363.8838870765444,1374.8962829242955,1346.420689060188,1352.963623046875,8531224,716.9778756204448,722.9385041482021,714.3446559033487,715.6133422851562,23415248,1443.591352839028,1464.4646364315843,1429.0911655763507,1447.3707275390625,12902062,3530.045338373408,3582.420956197923,3491.2503273915177,3505.4638671875,1719910,372.9820631978144,373.9842421696475,368.5376593514713,371.1520080566406,9083087,719.58848097137,722.9032476518954,709.1233005838425,717.4102172851562,11356572
3590.6965366993572,3615.2663527431537,3554.670032660961,3563.826171875,3051420,1044.4798308777445,1048.4311331262454,1036.8209001426994,1041.0650634765625,11278092,1337.1591322439795,1340.9835588768526,1302.1866141339272,1303.4766845703125,16173541,711.9268363888184,724.3269187314523,709.6526921569106,722.5794067382812,20744886,1436.0325186728678,1453.6451964542034,1433.6364862387566,1448.2847900390625,9366184,3485.2631381567744,3502.8837723388842,3436.0027499657804,3449.632080078125,2291042,368.84265473222285,372.11060442312856,368.79909974576583,371.1520080566406,10357752,711.4909794514435,714.9478306266623,705.003530747474,711.9171752929688,13338991
3567.5072338688656,3621.9841868688504,3542.8453047370613,3553.887939453125,3476284,1047.8458753081973,1051.7972970580554,1024.869318950788,1029.74755859375,16564216,1309.6051010829012,1331.3534994670702,1297.072135276183,1307.9002685546875,22107945,722.8427740812498,727.1755823679675,713.8658886820585,715.6133422851562,34234884,1446.0615875622616,1468.2934876101954,1441.9610129858208,1446.876708984375,19005692,3467.6423533929515,3521.8675705951105,3445.9814532060723,3456.93359375,3273257,371.2391432432269,372.0234367437925,363.96250587237773,365.00823974609375,22133191,712.2486264937273,719.7305514049899,702.7305224873335,705.38232421875,14589648
3531.8027277109695,3545.191967455498,3497.662491624287,3520.944091796875,2957749,1027.3084408599673,1045.8945815764816,1022.5765722162078,1041.26025390625,11284433,1276.3373231980736,1314.903883353496,1270.5776782377934,1300.52783203125,20603621,711.7113392004461,734.8836227985638,708.6950827400411,733.1361694335938,34576434,1439.4167626045175,1456.4364932961696,1425.8306012864564,1452.607666015625,15741778,3431.670614069844,3449.0965910536074,3380.4631787722105,3425.19677734375,2759031,364.26748550568493,371.4569849814609,362.52459579138616,370.1498107910156,17221280,695.6274008930026,712.2012327726861,693.3070528688593,710.7332763671875,10886554
3530.8823684558647,3568.6113695261515,3507.8768799983727,3556.280517578125,1728883,1052.5290536408547,1062.1878730451763,1044.2847570240194,1060.1878662109375,10346714,1308.4992564312556,1324.1193692022916,1302.1867077963823,1320.341064453125,5859087,745.6320734709891,745.6320734709891,722.124614867159,723.9917602539062,42298438,1454.9048261235944,1465.1562017707047,1450.3103301575065,1462.2166748046875,10350362,3474.2622702510453,3524.155353641691,3447.1982672374716,3517.048583984375,2605754,372.1105692692811,372.63345000847283,368.92978508955906,370.6291198730469,7386048,714.2374792815871,728.3015365467629,710.7332860753157,725.5549926757812,17452186
3567.7368242988855,3584.254718312047,3552.599259445536,3565.57421875,1807586,1073.2126398224318,1073.2126398224318,1056.3338843025326,1063.7000732421875,9848215,1329.7867901203954,1333.334708815105,1320.5713584494295,1329.23388671875,4856174,730.7424105369589,730.838140600938,719.7068030516607,721.7894287109375,26827060,1461.3768889290402,1475.7041133303053,1438.20635702296,1441.936279296875,14605554,3536.5676450753876,3536.5676450753876,3493.002466597066,3514.56591796875,1434580,370.62916207726175,375.16070360332037,370.4548592713879,374.02783203125,12484384,729.580068899774,736.5411130931677,725.0341150661952,732.08984375,12292429
3579.653877353025,3587.0156333989953,3519.3334438187635,3525.406982421875,1317312,1065.6513328508768,1071.6515907716011,1062.4804774315448,1070.041748046875,5461309,1330.9848800805114,1330.9848800805114,1315.0882599841418,1318.4979248046875,4268213,725.3323355684494,728.5640142912791,722.4836939974829,723.7523803710938,22441580,1446.0615625184662,1451.051437133562,1432.2283805059903,1432.8953857421875,10462776,3520.7965326015674,3558.1797406862784,3505.755641757978,3538.612060546875,1501234,374.07135278062805,375.42210964113116,373.243476671,373.766357421875,6070285,737.2988047972324,737.2988047972324,729.4380840784303,732.1845703125,7842615
3507.1403866301107,3564.6080473941747,3506.9563876693583,3544.869384765625,2856271,1063.4561708666527,1098.2380410085623,1063.407340834438,1086.6278076171875,19905338,1308.5912027225215,1331.5376484238018,1308.5912027225215,1325.5936279296875,9089398,721.1430939897369,727.5824894434112,721.1430939897369,723.2975463867188,35445204,1425.3117405225619,1450.483166375014,1424.3236561270523,1442.5784912109375,15943926,3520.3588345168127,3568.9375677690264,3515.9779782552305,3555.600341796875,2420380,375.5964204369422,381.9580166930137,373.8535029761323,381.304443359375,30337038,729.8642420676275,771.2988227188599,728.9171659384565,769.6887817382812,36732974
3547.5841971159175,3567.507084546707,3499.1807851009403,3516.48095703125,2039178,1085.066791491599,1092.7256033742926,1075.8956777866083,1080.9202880859375,14190059,1326.745647271391,1331.9985107982977,1315.042094094127,1318.037109375,8062444,727.6304456461381,731.5563134799157,720.8080127488288,722.8427734375,24854694,1446.5061312694434,1447.5436681516292,1432.7224019248206,1435.2420654296875,9413848,3555.3082674974617,3563.972532662482,3490.0821848243154,3509.747314453125,1973113,382.78588270732047,386.31527251993987,380.30225439111325,383.4394836425781,15342965,772.7194359962122,773.6665121242601,756.6191418193988,758.89208984375,14964358
3531.802085484041,3568.426862829934,3514.5019156929066,3561.43310546875,1110693,1081.017770192159,1135.1173934530657,1080.9202292309824,1131.8978271484375,28578063,1317.7607514168,1326.838042603384,1316.1941728580287,1322.1842041015625,5055957,725.3322898363435,734.6442882658492,721.2867304749565,732.2744140625,36093350,1432.7224880920985,1450.4092243096331,1432.7224880920985,1447.5684814453125,7247974,3510.623586022925,3553.263730010906,3509.747272167695,3538.076904296875,1396979,385.182412263794,385.5745452174713,378.7336507842141,381.8708801269531,12075706,764.2904382833768,787.2570344771462,756.4297179512396,782.7584228515625,27302732
3563.089785398555,3572.0619252249066,3506.036178297648,3515.83642578125,2203078,1131.702618945696,1141.0689331118688,1118.8241156136564,1122.38525390625,29568491,1322.1381364606618,1323.8430815716633,1306.3337587531646,1309.098388671875,6936588,732.1307565147657,737.0620819015442,725.2844208297038,727.7739868164062,52307382,1450.5079819172845,1465.403306850403,1445.4440490785064,1449.5198974609375,11474262,3542.652444500173,3552.3389569601068,3489.1573692475736,3499.135986328125,1571996,383.3958678659688,383.87516597072283,379.1693225007147,379.64862060546875,12528665,782.7584365175279,790.666499233327,776.5077570611428,782.5216674804688,27449073
3476.635273211625,3562.261741296734,3476.635273211625,3555.083984375,2491044,1115.16550183226,1127.361100058772,1105.6529352155806,1111.701904296875,25118334,1302.1404919784582,1312.2774667921617,1301.0806948402314,1303.4766845703125,10076354,728.6837005042626,735.8652087221101,727.8937229116466,733.591064453125,33475006,1454.460329459568,1459.7218309784546,1446.6791643138517,1449.0753173828125,14512646,3494.9984915873492,3537.9307402802733,3481.369161016263,3504.1982421875,3748847,379.9536751869483,385.70525292282576,378.9514962957991,382.5680236816406,24123523,783.1372892528356,789.7668222833302,781.3378214511536,786.1205444335938,19943724
3579.7917453667596,3582.966682325397,3494.625611625741,3536.771484375,2962234,1113.5070335814937,1129.2149414833987,1107.7993978952763,1114.23876953125,19933604,1310.526523531366,1313.0147575937467,1293.1093350669514,1305.181640625,8842345,734.0697291526741,737.5886559993384,721.5978215787784,727.5345458984375,31865242,1453.4722101911175,1457.3750954799905,1399.275802819383,1416.9130859375,17226958,3514.4201925319253,3526.1024757203973,3396.088351533365,3407.137939453125,4079696,383.4830821961626,383.4830821961626,375.9014215073461,380.3458251953125,23786388,790.619154131125,791.9450838558431,776.6024387488413,787.4464721679688,22667634
3545.605343342577,3625.6183751303724,3545.605343342577,3608.226318359375,2053831,1113.7508047401204,1130.2391574450266,1110.3847483382629,1118.3851318359375,14970524,1308.5914366893924,1332.27505360971,1305.9189387214822,1314.028564453125,6445422,728.6836626849343,734.6682525558684,726.361653503664,728.994873046875,28793396,1418.3952205864964,1422.841600588335,1401.1037428015688,1402.610595703125,7394208,3429.5291491495896,3433.6179009292264,3349.9923147722734,3371.6044921875,2614667,381.6965555614722,383.8316334777261,377.6443127327708,378.8643493652344,10753860,790.8085783183144,791.755654460013,760.5021417839598,765.048095703125,35283557
3617.1990864707095,3669.835600298666,3601.2792431717226,3661.507568359375,2062112,1119.9948918245757,1124.6780491020515,1098.8722113377237,1104.3358154296875,15097728,1313.1528923189749,1330.1093091097507,1304.5364861962978,1327.8975830078125,6080661,728.6597630545604,729.6652209931847,720.1377414179425,721.0952758789062,28480602,1399.1028593353728,1403.8209867220144,1375.4135586957902,1384.775634765625,14517472,3387.27800562745,3403.438592872511,3334.3184155001004,3336.99560546875,3376013,380.73796727495403,388.6682055521619,379.2564902446458,383.7444763183594,26969062,769.0258341813609,771.5356091020818,751.2208141135195,759.4603881835938,16725013
3644.9892925462136,3666.4304509643703,3624.3764664424393,3659.666748046875,1247685,1099.1161855626403,1104.4334189600957,1088.871882648258,1095.652587890625,19913090,1322.6449494254493,1326.7918940500197,1313.7520345652563,1315.3187255859375,6234983,716.211807311795,716.6905745370962,708.7430502857517,709.84423828125,41687862,1380.847871034619,1415.8754127905866,1380.847871034619,1401.6470947265625,9439002,3338.2125681042994,3404.8014901401734,3278.6329687548323,3394.531005859375,4116670,384.52880137635015,387.5353104505702,381.87087026244257,384.3109436035156,10916481,760.1233071452959,778.4966078740321,757.1873941548523,767.8893432617188,27908322
3645.9098580917957,3654.191834044049,3598.1044973888866,3644.25341796875,1726486,1093.262260852585,1101.3600666593375,1082.9691282557828,1088.5302734375,12229853,1315.5490256671164,1336.1915031252968,1313.0607915586831,1326.6075439453125,6088406,706.1576388307392,711.8071150125822,691.9622384959757,693.0155029296875,46281278,1396.1632769069981,1406.7851843569276,1373.437335386219,1377.51318359375,11009612,3225.0402605073564,3287.589150926977,3180.1607281083748,3188.727783203125,12120574,383.4830771249932,384.74666881049484,368.9298019173525,370.454833984375,24314298,768.9311579165353,795.2125213733023,761.0230372925254,776.4130249023438,49290254
3646.461687676862,3656.584101641413,3575.0986242941894,3583.242431640625,1672489,1090.7742298713763,1101.408814608253,1084.969173156462,1089.847412109375,8573656,1322.460619610937,1323.289918499904,1302.1405469699123,1313.10693359375,8777481,698.353892008822,704.6385680353703,692.4331947307146,697.820068359375,27276608,1380.106935558881,1393.1990543318577,1371.535254832905,1390.65478515625,10505096,3194.7151474006923,3218.614961688515,3148.9595381065947,3184.833740234375,4132191,371.6748545706709,380.2586660910364,371.6748545706709,377.6443176269531,14524604,783.2319591393382,788.0146820325868,772.4352681404719,774.0926513671875,20543142
3574.592350714021,3639.467820073099,3561.249169072792,3632.84228515625,931326,1085.3106792591882,1103.1162523100456,1079.7494151217084,1100.53076171875,9707983,1313.1990668474873,1313.1990668474873,1300.481725623948,1311.7706298828125,3735954,694.956710818051,708.4482125597933,694.1317160729689,706.2400512695312,27047202,1383.2195197456997,1390.2101693574684,1367.5089520262873,1385.986083984375,8456620,3180.5503886028555,3227.230798622255,3139.8083300563703,3206.640869140625,3557067,377.5571672805197,379.47438753102364,374.2892177623848,376.337158203125,7584217,776.4603581145727,776.4603581145727,756.33498993591,765.9951782226562,15398505
3621.983888045264,3631.0020839186186,3582.322338430397,3589.960205078125,1058317,1098.4818990233766,1100.4331946539014,1091.3109114007254,1093.26220703125,8944262,1314.489298423798,1321.2626187308836,1306.7944348778417,1312.922607421875,3463230,704.7841569928967,711.2144479759614,703.8378359787137,709.0062866210938,25665142,1384.2815424166113,1410.070521585227,1383.342910466477,1403.1539306640625,7188300,3212.6279608042837,3295.2800214524914,3206.2026098120086,3289.974365234375,2870328,375.1606568754472,377.6007301404288,373.4613221101125,374.4635009765625,11423749,769.9728976160259,778.875436405395,765.1428324503737,774.897705078125,10912462
3592.9969594097643,3613.6558418017335,3566.310594491623,3570.819580078125,1115021,1094.7743968933958,1100.335660935582,1086.3838494464303,1096.9696044921875,10743423,1314.1206697254095,1319.4656655532185,1307.2552175350827,1308.5452880859375,4327544,708.3995858863757,708.3995858863757,696.8008453990276,698.1111450195312,38931996,1403.5740469957013,1412.9361236084007,1396.188139403763,1399.3994140625,5046534,3300.2448577349305,3326.919308122069,3264.3704195942023,3320.98095703125,2718682,375.37853574944563,377.55716877013117,371.8927284401261,372.8077697753906,7856433,777.5495004946132,781.6219162809175,774.7556143581575,776.8865356445312,9755062
3606.6906515489186,3623.745662755798,3562.5697543936335,3615.820556640625,2599399,1105.4090575401685,1108.8726551829923,1085.7010178338494,1103.506591796875,14265565,1321.4469884047705,1341.5366776212318,1315.0423073779823,1339.324951171875,9249145,701.7752582341244,709.782790041372,696.655267230535,708.6665649414062,34945236,1401.6471872524828,1410.4904944706304,1381.3667306256436,1408.3660888671875,14711774,3338.163665853629,3376.6665713672146,3289.244105464065,3368.975830078125,3398714,374.72493380168805,376.99070423690523,368.5376131811202,375.988525390625,23911954,781.6219595013043,782.4270089369695,755.1511687191949,768.978515625,20536990
3632.5515570276343,3633.4784647992665,3550.0567653523444,3553.857177734375,2765804,1103.5065025670874,1116.1410940609796,1093.3109114992967,1102.9698486328125,8641784,1342.6884167000094,1342.6884167000094,1326.3310252131012,1330.98486328125,7542860,701.848002597153,712.4276743183018,701.848002597153,710.5349731445312,20920190,1406.0936018418706,1420.0749000882806,1396.4103261437938,1418.5927734375,10916476,3383.9194670742613,3383.9194670742613,3321.80861097376,3359.38671875,2676919,376.8164487683138,381.260852290136,373.7663570890688,380.2151184082031,11894830,771.3934803092677,778.9227468345998,768.26814075298,774.566162109375,12492509
3550.613121462056,3563.728776359017,3531.5651208470945,3540.97314453125,1908117,1094.8719034888254,1106.1895131432295,1089.0668467710689,1093.65234375,10452900,1317.8067987413262,1331.3534390178734,1316.332352094495,1321.6312255859375,6752663,703.7407626513565,713.2527287219871,703.7407626513565,707.9629516601562,43769978,1408.613082979292,1424.6447280920645,1408.613082979292,1419.0126953125,11176128,3366.4445719995083,3378.4189596839415,3343.0800058549194,3349.845947265625,2100848,379.9536900005545,380.91228632724113,377.5136165803025,378.9079284667969,11175153,777.5495346221023,792.0397884444491,776.2236048637419,786.6888427734375,14037801
3554.691612227725,3560.4847863024115,3538.517115470372,3551.910888671875,1311168,1097.603764437141,1098.481871268217,1071.3588150501846,1084.042236328125,17527411,1316.6550066153582,1345.40711294369,1315.9638491315707,1340.6612548828125,7173285,707.5018935449791,711.2630073542172,702.7944586673697,708.1570434570312,39996278,1419.1609264752628,1451.2736690394956,1419.1609264752628,1443.2454833984375,10281604,3358.7051358904127,3380.7553503083777,3344.102281924434,3369.21923828125,1409992,381.1301403386556,385.13882840102065,379.4308054819888,383.35235595703125,11036895,795.9331822307055,796.0295133266376,783.414724155801,788.422119140625,19239277
3560.206480963538,3619.574971009692,3545.8858006651926,3608.869140625,2095742,1088.383958228494,1109.311556039796,1084.3349960118126,1106.8724365234375,13787687,1340.5687460581835,1362.17899995001,1336.2375383449094,1356.880126953125,8641428,707.8900706969359,725.8463536828482,707.1135946322969,724.3661499023438,40861920,1441.1706938631594,1474.444366988288,1437.6629456463684,1468.343017578125,14608260,3369.2675111568005,3506.2909488685273,3363.5238173642315,3490.47119140625,4525637,384.65951888111425,387.70961053618345,380.4329731658347,384.6159362792969,27244733,794.1517316465437,804.5516696610887,791.5517324493296,801.277587890625,17497488
3594.7799452001173,3599.9243284199265,3563.311472664004,3568.13134765625,1309452,1102.4820558412257,1107.360295026364,1096.7745398141412,1104.384521484375,6312670,1353.0558377538796,1359.737026123514,1345.4531061608475,1350.1529541015625,5277938,721.8911533778286,737.6150464828621,721.1631959122375,736.3046875,31060206,1465.9467233388211,1470.7636348065282,1458.5113640783345,1462.6119384765625,7094776,3491.05567287108,3562.1228965519467,3487.453683041766,3529.899169921875,2740360,384.310951047624,385.5745427258716,379.34366668390487,380.1279602050781,13252938,799.2553916967729,810.0886726083256,796.3665167870256,797.9072265625,12252075
3573.229711889253,3622.680335515065,3560.577510431646,3565.86083984375,1841538,1104.3358239678098,1119.8486485845435,1094.2378925514201,1102.2869873046875,11599857,1356.373491379203,1363.5154519951307,1345.6836115365593,1355.9127197265625,5821844,739.2893258205864,749.7961904344879,737.2025499615863,741.400390625,29385440,1462.587264504762,1467.2066075031105,1444.134859977049,1448.77880859375,6629010,3548.39574933101,3597.1693722911887,3504.6846387681408,3555.307861328125,2570708,382.3937278342273,382.48086541430223,375.3349486138195,376.0321044921875,12282545,801.7590699633794,808.3072335281287,792.5146936444445,802.818359375,12295193
3576.0100306264594,3587.132923412234,3550.0566141263193,3559.23291015625,1801993,1104.9211184411913,1107.5553198262376,1097.6037600409186,1099.5062255859375,9311718,1359.737191500069,1360.197963167809,1345.7297777980132,1351.9501953125,6186922,742.5651435020584,745.4527436990592,739.9930626339711,742.75927734375,27908904,1450.5080784194065,1460.8829659012893,1435.4397894576246,1438.8486328125,7820162,3555.3081953421342,3587.677855116265,3549.515777444201,3561.343994140625,1440187,376.5550294949917,376.90360747517,373.1999146503608,373.853515625,9668761,804.7443027300019,809.5590944673188,792.8035957117308,800.3628540039062,13818893
3567.57539103945,3567.57539103945,3522.2496895007944,3525.6328125,1568095,1087.896192626463,1096.1891994265106,1071.7491729237856,1075.1639404296875,19268547,1350.4294036068611,1350.5215354265988,1336.237616082271,1337.113037109375,7401634,736.6929693394153,739.5319916615282,728.5641108173895,731.9855346679688,35147706,1429.264181324664,1440.6271526936466,1421.310053120064,1423.607421875,7383556,3515.3935683440936,3564.897336344772,3514.7608731019805,3538.5634765625,1506146,370.80339947365115,376.8164451895943,370.80339947365115,375.5528259277344,10832067,797.7146835951445,803.5405695871641,788.9517277526038,792.1776733398438,14518232
3500.930948347214,3517.0590544137885,3443.8797249385125,3463.0205078125,2919230,1070.2857077875317,1093.7012565449618,1070.1881668205704,1086.5789794921875,15255387,1329.6026885129104,1336.0995011368218,1310.0198938256992,1315.4569091796875,9663150,727.569210732381,739.4106642295702,726.8170235494816,735.1642456054688,33755350,1418.3951935729253,1423.2368313836507,1403.178669288835,1407.8720703125,13206858,3530.0451806620645,3547.4711574555445,3512.229651835461,3538.466064453125,2701849,373.4177796163997,375.55282998521824,368.0583347743574,369.3655090332031,21314885,790.9739767920537,805.0331445629747,788.9517290829909,795.2590942382812,17818705
3466.6348590080306,3475.718599887057,3386.689068476094,3402.6318359375,10956800,1090.774348346767,1103.0674880238118,1084.188725045031,1093.7501220703125,26197718,1325.18568552157,1350.5181357141773,1315.9738228639974,1322.459716796875,37113815,737.1782587165238,745.4284433104547,734.751733835956,743.2688598632812,74079588,1414.245257118902,1425.0647331073133,1405.3030450073677,1413.35595703125,31069832,3540.121319807171,3645.6514264910425,3540.121319807171,3572.150390625,6432341,371.89269646253956,374.33276965491694,369.71406362918606,371.6312561035156,29300711,799.9294778988177,804.0701868667423,786.8332096505334,799.5924072265625,22267336
3459.961773430714,3477.3412961491067,3425.851518249575,3432.200927734375,2156773,1141.5079429889547,1144.4348864325161,1108.6286592786682,1131.75146484375,25699977,1353.5731158092904,1353.5731158092904,1319.7337879140582,1321.519775390625,10589244,776.0026570209221,776.0026570209221,752.2227131847588,762.9964599609375,72637256,1465.3292536675044,1496.4539141466187,1441.6152266357983,1492.32861328125,21527942,3753.3226761151627,3816.114946370256,3700.460536413825,3793.96728515625,5767666,378.2107495176925,378.99507062030193,373.54848835957597,375.0299377441406,16116836,831.5626306363492,878.2179721623354,825.0145259321062,872.1032104492188,64269020
3429.5585424903265,3471.2693896287224,3328.989055501083,3443.462158203125,3395997,1129.702611888,1131.1660835885812,1027.89378773711,1045.3577880859375,43476837,1324.4336953647442,1330.0735833506835,1276.8236180013437,1310.0050048828125,13736134,755.6198511271432,756.5904610836327,705.6334383679294,719.7800903320312,89531240,1480.1999676014107,1480.1999676014107,1343.1032493273078,1380.625732421875,36709098,3750.0128970127853,3794.794982491131,3232.098343219742,3313.095458984375,9920882,378.08202332328574,378.3482827063766,357.5360024211148,368.496826171875,47791986,863.7736004371982,863.7736004371982,704.8373437950039,746.4852905273438,122381193
3444.389229413079,3507.2336206771465,3429.5587052821297,3472.613525390625,2799670,1058.5778828175676,1095.8964118662052,1025.454687026523,1081.6519775390625,42172104,1316.1148183429186,1351.6930870098186,1316.1148183429186,1344.2672119140625,9233424,725.06989130594,756.8815955434779,719.3917877908412,753.0962524414062,81631650,1405.0561505394378,1414.097147783154,1367.6077240917773,1403.821044921875,17464890,3350.3817067413465,3350.3817067413465,3090.986372681089,3318.7421875,10372458,374.5319394116942,386.9571898919485,371.02626584102927,381.8983459472656,28197030,761.4592351040986,765.5518076607758,716.4890731382206,760.4962768554688,74256082
3504.6383361596722,3559.233114194575,3468.0254786409455,3550.427490234375,4328036,1090.7742746935958,1090.7742746935958,1069.8953872976438,1083.359375,18574162,1358.2261557270542,1385.81470319026,1351.2233397940015,1383.8876953125,12660930,759.4537972959696,759.7206794979887,750.5726922052945,756.93017578125,46422870,1417.9011371144834,1426.4974232883105,1404.4137607114592,1414.5416259765625,17855722,3346.974201804827,3444.52122088405,3295.6695546237215,3390.3447265625,8374602,386.95714028519546,388.4658963975464,382.60830317461443,386.42462158203125,32318523,770.3666270723245,802.4812623286783,766.5147939369629,786.6887817382812,40555649
3556.8232840964106,3628.8439736397468,3556.8232840964106,3609.33251953125,4552445,1083.3594059306379,1100.8235264178431,1076.724952853582,1094.3841552734375,17197635,1392.1123044504961,1447.2891608293014,1388.5873745776473,1441.5552978515625,24075302,757.585349822155,768.8929201187634,753.2176050765474,763.5545654296875,36712216,1411.478521453965,1454.4601915157414,1409.5023527154926,1452.4345703125,18558696,3373.308047710879,3454.061783992392,3354.762375320683,3438.97216796875,5879660,382.8746228735451,391.9716594279545,382.6083634799961,389.75286865234375,29543660,789.5295559574165,800.699849042878,780.4777241722821,799.207275390625,25061284
3610.3057325626605,3620.4089366489284,3561.08683988795,3576.658935546875,1734661,1088.8228833488845,1105.6039769227384,1087.9447765589168,1096.4329833984375,10851455,1433.7536304630544,1437.983546630723,1407.4341520864498,1409.737060546875,6810606,763.8700143938665,767.0973042572016,755.9110011249785,757.7066650390625,22454058,1452.4346368701142,1475.5558362929214,1450.5819785928986,1453.867431640625,9251760,3427.8253778442504,3490.0821655919312,3427.8253778442504,3449.92431640625,3151257,390.50722975348344,391.3947516185539,386.82404073501334,387.75592041015625,11872688,803.2516957835098,814.1331129043821,798.4850404060916,800.9887084960938,16725508
3563.9603682346064,3596.355749469534,3560.2527371623205,3570.54150390625,1419898,1092.4817843728597,1101.5553578834688,1083.9448648700577,1090.969482421875,12250002,1410.0190163300265,1416.0348049461413,1404.2850385180848,1405.97705078125,4853054,755.1345658211561,762.4141406844706,753.2903831592504,759.4052734375,29545326,1451.4960860069511,1456.1154291491666,1437.3418242246385,1439.3179931640625,11774902,3475.479110803564,3542.652236474557,3457.1768203317893,3503.419189453125,2548176,387.844704269185,388.55471053198954,383.6289963758289,384.29461669921875,13158571,805.0331354685376,808.4997618244676,798.3405635563713,804.5997924804688,14754408
3591.211736958369,3608.915767675147,3547.6934580124953,3551.58642578125,2177001,1093.701262866966,1105.7993202810974,1084.9204320321733,1092.28662109375,16096514,1416.5519427607585,1418.1969101793593,1393.7573942458623,1396.060302734375,9564320,764.3553684919713,770.8099486335476,760.1817573757736,763.94287109375,39280436,1440.1330064471847,1458.41256776401,1437.835758473946,1445.8885498046875,10081742,3519.2879023389096,3552.3389818532046,3483.267528234749,3534.182861328125,2242274,382.1201976859324,385.53712730991356,381.80955237758644,383.67333984375,10751658,805.9960606828112,814.2293420209461,802.1442276568479,808.0182495117188,15071442
3574.898153664247,3605.6714482720763,3570.4489508339425,3594.6875,1932323,1094.871890629427,1095.8475384090284,1078.090796459338,1080.383544921875,12494254,1405.27206045412,1414.6718735675256,1399.9611430962834,1404.2850341796875,7307565,767.6311179466796,769.5480488358222,763.8700045190919,767.1458129882812,24120192,1454.4603416652449,1454.7073627830548,1442.7021123343332,1447.790771484375,9181160,3568.450746004489,3617.5162402391384,3538.7582762859956,3605.590576171875,2965500,387.7559399211235,387.7559399211235,381.4102131161108,381.8983459472656,9641349,813.6997946256373,814.5664806385139,805.1294419180801,812.6405639648438,12523972
3604.7446322415467,3604.7446322415467,3548.2032533352126,3551.957275390625,1860730,1086.8716106071388,1086.8716106071388,1072.6758879821507,1078.7249755859375,11377979,1413.4498626747718,1413.4498626747718,1396.8592841989566,1399.5382080078125,4237727,768.7230745298527,776.0026490992642,765.6656295141681,774.9835205078125,25540554,1452.4841280922399,1462.0438933040555,1439.8613252368543,1459.9442138671875,8157998,3619.560765745425,3621.507812956692,3577.6992507031837,3590.160400390625,1746508,382.51958027789186,383.3183302481955,380.7889225262687,382.6527099609375,9572809,813.6997704563229,818.4182896763856,804.1664596950984,808.1146240234375,12903496
3546.395933901333,3561.1800693046816,3517.6617896669645,3536.246337890625,1774045,1086.8228143148967,1107.4090780810202,1074.3833049204777,1095.506103515625,18306176,1407.152097561087,1416.5519111720494,1405.6481503320965,1408.280029296875,5420939,774.983540294414,781.5836762242601,771.3679826211641,780.2733764648438,32415714,1469.6273935638167,1469.6768460329972,1453.8180422457062,1463.3778076171875,7196766,3609.8254844512553,3611.7725316381225,3577.6992058679516,3591.523193359375,1936792,384.29460735192566,385.3596448481991,380.0345417507453,380.5226745605469,14641141,810.377569958488,819.9590170862313,809.1257358857379,813.603515625,14929083
3547.8781606822567,3553.6251694480566,3515.714508812201,3523.824951171875,1509050,1100.4818894098034,1137.166342002539,1098.7257948267247,1116.580078125,34309514,1414.6717670710855,1424.6825902320104,1406.86987687676,1420.640625,5493456,782.9910236928816,810.4107535609992,778.4291452824868,804.5628051757812,90131196,1469.7757459645413,1469.7757459645413,1438.6510831088215,1441.26953125,8725874,3592.3022101835263,3601.063922891291,3480.346992250977,3494.901123046875,2936151,381.63208897222137,382.29770931274305,375.4638496334078,375.9963684082031,11329972,815.4330423267555,828.7218545519676,809.8478961769484,821.0181884765625,32925140
3518.542084048452,3531.4724028758133,3503.757949581445,3510.431640625,2846526,1125.9463631481642,1131.7514197743346,1107.84804927048,1128.62939453125,15475933,1425.2936379231433,1426.4215695435462,1409.125891319924,1424.4476318359375,7927010,810.3622215983705,816.0159768197282,801.7237698729426,810.143798828125,41408742,1441.6151005379975,1465.1808887163045,1432.8211254931246,1456.139892578125,16113776,3517.4678877586944,3545.284331357324,3497.501094013525,3526.7890625,2618715,376.351347889539,378.5257525366393,374.08817136690516,375.6856994628906,15147549,821.4033966290509,821.4996689454273,811.1478676397271,812.4960327148438,13985352
3547.2763639841855,3594.363328315842,3520.4424268191765,3532.214111328125,4642195,1135.2150241220932,1141.4103637168316,1122.6291439176837,1130.434326171875,69259425,1452.271166938704,1464.2559289959652,1432.249518545518,1440.7093505859375,17301941,811.8423818466847,811.8423818466847,797.4288483846301,808.396728515625,51630776,1456.0660262473004,1457.1281688420868,1423.4097851653107,1436.8724365234375,31170360,3536.2087729009913,3542.046724440859,3449.8161449124823,3468.45849609375,4508508,377.1945010103919,377.46076039319195,371.47000866410593,372.40191650390625,26176371,813.6034982004232,816.6367816070117,797.9072307555297,805.322021484375,18990090
3530.3601242080126,3575.083426076877,3514.185628169532,3537.82177734375,1702154,1126.5317578554238,1147.0203616875408,1124.5804622523651,1141.60546875,12210295,1433.0485032665965,1437.3253492351942,1424.4476516241698,1435.492431640625,5564989,799.2973257667842,812.9343842609869,798.6906945237919,811.6240844726562,28544994,1428.3006178871863,1432.228228955547,1420.3712170566394,1424.298828125,8878386,3454.084081085913,3499.85585963062,3439.022929073542,3465.122314453125,2330559,372.7569026415791,376.26257601400545,372.7569026415791,375.6856994628906,9723008,800.699845971808,805.0331584274583,790.6369197366024,801.8554077148438,12715254
3538.007518878769,3566.4171560139766,3515.6689475626763,3557.8896484375,1338808,1141.7518255521975,1176.6312340234567,1139.2151651192685,1168.7772216796875,27309845,1434.411639204177,1451.2373294804354,1429.1007212609798,1449.404296875,4551525,810.9931467609703,833.2443684249017,810.9931467609703,830.5266723632812,74521548,1425.8058325289194,1438.576872033328,1423.8296636688654,1436.822998046875,7045386,3489.5535379601647,3524.3361901553935,3461.5900131937187,3520.264404296875,2158039,375.41944009223124,376.3069619517722,372.53502920868647,375.6856994628906,10655609,805.996104620019,814.5182621448073,803.3961054308986,811.0516357421875,20917530
3563.4970839383795,3584.3061190627222,3560.2529065957383,3574.017578125,1639845,1172.728745333667,1193.0709797006668,1164.7771913357117,1188.339111328125,25403461,1448.5111662607692,1455.889996430208,1442.8712785271127,1448.2291259765625,4851004,828.8765922572081,830.3082774504516,820.699215435536,825.7463989257812,47596666,1428.8194845866847,1500.875466568816,1427.905458276952,1495.9844970703125,22014882,3533.2161484970234,3556.6661681883425,3524.6308551620195,3535.12939453125,2480187,375.41943732662446,378.43700600124004,374.5763014110614,376.2625732421875,11511714,808.7404727237647,817.3589609223837,805.0331069252793,814.0367431640625,16281760
3550.9837890347926,3653.8705550444147,3539.0267689087714,3646.59423828125,4526556,1198.4369251141775,1204.925006661883,1179.655705374711,1190.1927490234375,20516632,1446.1141853395814,1483.6665071274144,1440.0983968135813,1478.9195556640625,14757754,823.1257354693937,831.3274011881083,818.5153383232833,823.1500244140625,55074650,1495.7128766848623,1519.1798830077462,1488.0552219900264,1512.312744140625,28383030,3529.7328583391873,3533.5104831538574,3483.1760878347363,3497.304931640625,5519875,376.2625936563807,379.19141874299106,373.7331857724581,377.7270202636719,38438054,812.6405440846468,816.0108981811181,807.1998061049042,812.73681640625,20378887
3631.4395370159273,3670.555002133022,3612.94777109011,3618.787109375,2731571,1197.1199835394345,1197.1199835394345,1167.2163513291284,1170.38720703125,12507092,1478.1676356666337,1493.1602914681441,1470.3657449978248,1472.7156982421875,8197544,823.8536668700472,828.2214113967111,814.8270066965403,817.156494140625,26476046,1512.782033239127,1562.1615299634889,1512.782033239127,1546.7474365234375,28957336,3473.364137386407,3508.6373778217694,3471.499998215413,3481.655029296875,3141514,377.63823402627366,379.8570246308186,375.86321841942026,377.1057434082031,18554411,815.5294261991826,831.9959899913704,812.736823556385,817.5034790039062,23636388
3600.1101295040166,3709.207139405148,3600.1101295040166,3687.4248046875,2658723,1170.3870597440186,1185.7535123666644,1163.0209904215824,1182.3387451171875,8636894,1465.900925341744,1503.8761950899986,1465.900925341744,1495.3223876953125,6801771,815.3123910533884,828.5612411045389,815.3123910533884,827.5420532226562,21187024,1543.9066370278445,1560.5805616644209,1537.138282854078,1541.5599365234375,7724306,3468.654560018073,3474.737805435941,3447.8536694545537,3460.16748046875,2961120,378.34824601707334,381.85391921322434,376.88381955208246,380.7889099121094,13391362,817.888612537416,818.9960380974777,808.8368397383734,810.7627563476562,10967797
3701.698567516881,3729.3202350916445,3691.4561924873765,3723.7587890625,2307449,1187.3633258983155,1187.3633258983155,1156.6792514342421,1161.606201171875,16153925,1500.3980870491325,1535.7414752975033,1491.2803144467298,1523.7567138671875,10493173,832.2980286836319,841.9556094944659,826.353042764463,839.8687744140625,45921690,1550.798441129772,1554.750778666898,1538.4473863262538,1546.5250244140625,7749246,3468.507315423034,3565.594662068713,3468.507315423034,3558.23583984375,5087748,381.6320790804071,382.20895565283456,375.02006489132174,377.63824462890625,11177863,812.7368170641629,814.9516094316318,792.6591597257975,795.5480346679688,21142840
3726.1690969595234,3731.8233246647856,3665.920094147989,3675.4208984375,1821198,1167.70405183156,1186.24136013032,1150.7277562015904,1172.33837890625,22330897,1527.469729765856,1537.8095248596555,1509.6100836947476,1529.7257080078125,7269965,869.1812101031826,870.6371250279785,856.3934358619908,858.3346557617188,123217802,1547.661278880494,1556.2329594590622,1524.391963189475,1533.927001953125,9049620,3581.637044479402,3581.784125108127,3537.1406029351588,3546.314697265625,1923801,378.1707597480842,381.32143008834834,377.63824099221983,380.123291015625,7435499,798.292447663417,812.5923552125606,794.440614381567,808.8368530273438,23598009
3707.4919433847676,3751.520060191937,3691.03933131472,3727.049560546875,2518001,1199.0711636260962,1204.8762204814082,1184.729188396717,1202.9737548828125,15275791,1530.4775505601317,1560.3690026530594,1530.2896001922775,1551.5802001953125,8008311,854.0154497500956,854.0154497500956,837.0782938778042,838.1945190429688,45848658,1538.447461634288,1548.822348177101,1532.321386398175,1535.5079345703125,6837176,3548.03199452257,3575.4067196370215,3498.6787748249444,3506.03759765625,1851947,381.6320457914882,382.9633144498743,379.01386628228175,380.7889099121094,9478861,811.7738338725269,813.6034781228886,803.3960850421123,808.2108764648438,13372587
3716.900368316538,3732.4260743437953,3696.508396221036,3718.56884765625,1668616,1195.1685483777583,1212.339925743088,1191.1195862106667,1203.364013671875,9535575,1552.332191113537,1565.8679458210338,1535.3185512266714,1548.572265625,7065022,817.7388811097651,817.7388811097651,796.9678045280713,799.8311157226562,82242548,1535.3102911811948,1579.4530127748421,1529.5547474353805,1569.6956787109375,12269710,3506.037575430059,3569.5196387433475,3500.8372927532337,3558.873779296875,1635209,380.7445568579234,385.1821381877556,379.5020318353326,384.87152099609375,13427543,806.9590387546798,829.3478187678616,805.996080474543,827.9033813476562,24873722
3728.023360391662,3736.597257975855,3687.2858057778326,3701.328369140625,1758882,1198.9736190942626,1209.3154620742414,1187.2658453589734,1204.973876953125,6617190,1544.483343885064,1566.008939897241,1541.5694246287367,1561.9200439453125,5880533,798.472252380916,803.1553977227993,789.6639557513818,793.6434326171875,39087800,1570.0662334946016,1589.6303543798022,1563.6684106310508,1581.824462890625,9500806,3571.579948072588,3577.0743916296287,3526.3476247913513,3563.63232421875,1706210,386.20276307915896,394.5454064017364,384.871494397807,393.7022705078125,21311436,827.9033739699761,832.9589048956433,821.8848847727533,824.5330200195312,10359800
3693.727708193667,3714.0732898340816,3684.551411180989,3694.191162109375,1305801,1204.8762530735444,1219.7548826422453,1199.3639380524303,1217.8524169921875,13366874,1560.2750121000736,1566.7138611771477,1551.9091554243114,1557.6900634765625,5191182,788.6205918556537,799.1516862165171,786.3639118522315,794.2015991210938,48550878,1578.5637202787966,1581.4291893561121,1561.6675000170792,1571.3260498046875,6960002,3581.2937847862586,3615.6349580650312,3577.46729272463,3597.0908203125,2425176,397.25232986369844,403.81995765649066,394.05727377595514,401.6899108886719,27489709,828.0478287632818,837.7255474919629,824.2922680509901,829.3959350585938,13585081
3692.5226544204043,3710.6901382951037,3616.794330433944,3623.421630859375,2669716,1222.2427770643699,1222.2427770643699,1206.2421293822567,1212.92529296875,18226503,1557.5490553427878,1573.5287378659184,1539.2664644712022,1549.32421875,9852770,791.0228924563764,795.9002315965357,786.5581099756618,789.1544799804688,45507182,1575.9946562525065,1578.4648673124634,1544.5241914718106,1565.3480224609375,7134578,3615.683945584045,3624.465425981089,3533.216025705983,3581.3427734375,2231438,402.6662006020045,404.1306271806451,396.2760880434586,400.6693115234375,12065662,828.2403880397673,828.3848552906051,812.2553041995063,817.5515747070312,17343236
3643.6744309405326,3689.092911509367,3610.8619865173036,3636.907958984375,4872189,1215.998657353838,1227.1698965417374,1195.2174298923792,1208.291015625,11307116,1556.608942014421,1565.068773221021,1543.4962495417126,1553.5069580078125,8857679,788.1109895551602,789.0330808548738,776.973264088155,787.1161499023438,44177074,1568.5840280306456,1585.1344421846698,1551.786592769845,1561.815673828125,11940946,3591.1054079867445,3615.242441792854,3535.1783565508854,3552.937744140625,2942924,399.38239433526815,407.81380990765183,398.22861309156133,407.0594177246094,19556596,822.7516382126789,826.5071405152041,818.273858372934,824.9664306640625,8501366
3689.0931958411575,3892.966755879167,3681.0291429084155,3878.13623046875,13509164,1205.8031641621653,1222.389177096727,1200.144359168967,1202.876220703125,12208290,1579.1686539269024,1616.5329122564228,1566.6199259649964,1609.0130615234375,17078316,787.1647047300575,795.1237185250396,781.899157363576,787.50439453125,56049960,1565.619788574804,1586.023756297877,1555.7389442164904,1577.6990966796875,12924784,3561.6701476838834,3598.660448140635,3544.6957489333035,3580.656005859375,2001185,407.0594255817072,411.1420037598132,404.5743755491234,407.4144287109375,19693114,824.9663498407772,831.032975099971,823.6181847723751,827.855224609375,11446064
3926.1042230243056,3930.0897462113467,3853.2025499745814,3864.46484375,4848030,1203.071361476852,1208.2910537479374,1194.241819735426,1199.998046875,15612671,1622.5957659620963,1624.2877782953476,1600.4592739409936,1604.59521484375,6942230,787.892573532859,790.9500183647494,783.8645188167274,787.213134765625,33375694,1585.332123675554,1586.7154660951303,1566.607970695329,1578.1932373046875,5329688,3600.91707375713,3604.841779014631,3568.538255382747,3582.863525390625,943302,407.4144416236789,413.9820700425255,405.7725274869741,411.275146484375,16876907,827.8552953420664,854.4810581363205,827.8552953420664,848.7033081054688,25392820
3867.0595933422346,3887.961184556231,3841.9402998086507,3873.038330078125,2029521,1200.0467517768816,1214.6814682619654,1199.0711040112092,1209.7056884765625,12320605,1615.4519041715741,1633.593589888385,1597.9682742375035,1622.454833984375,6886281,786.5580588939988,789.5912150674294,784.6411278889234,786.07275390625,28950324,1574.5124732819936,1580.9350218080888,1550.427916309136,1557.468017578125,9386838,3577.467205933007,3582.863675888749,3552.8395835897063,3568.096923828125,2220953,411.31947062570373,414.24829551887325,409.5000691316833,413.1832580566406,13497253,849.6180412132858,855.2031872360685,841.9143753130872,848.0773315429688,11893692
3855.936374706022,4008.876158798929,3855.936374706022,4000.11669921875,5613364,1204.8276591098086,1225.8528006567306,1201.70551425829,1219.8526611328125,10999632,1615.827983176718,1659.4431419133819,1615.827983176718,1652.5343017578125,11248896,780.3703737749313,788.1109641715035,776.0754367376819,783.6704711914062,33717064,1557.2211925457696,1574.9079294522828,1539.2627082750141,1567.76904296875,12298374,3571.4817009714675,3609.992870411888,3530.909965500951,3587.376708984375,3240772,410.9201136086524,417.9314884137471,410.60946830322706,417.3545837402344,21907158,848.0292886499858,861.7514450438412,844.9959463584611,860.451416015625,19435183
4011.1260943754664,4049.5428404415234,3981.2568871814256,3997.190185546875,3903354,1213.7058895930675,1220.0476004309733,1210.0472102635063,1218.24267578125,7958817,1733.3256958168,1733.3256958168,1679.2297205297605,1685.339599609375,29819116,784.2528302190582,787.649965003423,778.1865181041212,780.0307006835938,26002152,1567.1020115011324,1571.029623251694,1534.2976544625544,1536.61962890625,13140390,3582.2747046563018,3590.0750084049355,3542.0464759817173,3550.386474609375,2432533,418.02022824325525,425.47537796795797,416.6001876694199,421.1708984375,25939326,861.8476591694113,865.6994922830175,850.581035557251,856.4069213867188,14562742
3994.9142619649265,4013.4954737488206,3962.443412915425,3983.2080078125,1896386,1209.803396134409,1214.9743776440412,1202.8763198631682,1210.9254150390625,9958965,1692.1074068427617,1713.5859571917674,1685.3394724496927,1702.1651611328125,8462126,784.7381898248855,801.2385599263364,782.6271249101725,797.1377563476562,53744822,1518.9327171487766,1519.179738244426,1481.4102368427714,1482.7935791015625,19674376,3549.7977943876153,3592.920686284693,3500.4448159864874,3582.71630859375,3639057,421.21530556282863,425.51975718184343,413.44953827294006,414.07080078125,18762384,848.7996180509505,861.8476914572568,835.8478169663675,844.3218383789062,14614111
3979.1668723137213,4052.2841289170647,3963.651377579033,3997.144287109375,2365208,1210.9253291470568,1218.2426878788428,1182.972994972106,1196.8759765625,19369832,1701.3660923113116,1729.5184853445753,1676.22159343323,1726.651611328125,7113056,799.5641926190166,799.6855188562965,778.9144433374342,785.4175415039062,52002152,1483.1146576505776,1487.8080584659276,1445.5674511277782,1470.1707763671875,18052044,3600.524720570956,3644.088853371615,3394.870068030638,3471.450927734375,6957691,414.07078883419376,441.4506680930601,413.93765914854197,436.8355712890625,56125835,850.2921997086647,851.7366371940136,817.647889030057,831.8997192382812,18279212
3983.3474471890877,4031.287066378296,3965.3237617134737,4000.767333984375,1809793,1195.1685807983697,1203.6079582700647,1172.777510944099,1193.21728515625,20122521,1727.2157639340674,1731.7746506207213,1710.3900744958235,1723.8787841796875,6002845,780.4431686261755,786.6793253968798,770.6885509614999,778.4534301757812,61728206,1467.3053526491226,1491.5134207568017,1458.8078508242754,1477.8778076171875,11913362,3482.194735699708,3490.9762157942337,3435.0982726640395,3453.200927734375,3184060,440.20813578403585,453.210261927794,435.4599375014016,438.47747802734375,43693692,832.1885940113407,835.8478238817672,815.8183025297853,820.4404907226562,19624845
3990.315092493855,4034.909999231854,3970.990814364529,4015.8642578125,2810342,1176.143415035895,1188.5829244027202,1161.6062390935692,1168.728515625,14154461,1710.7660645530111,1721.0118842620095,1703.246213719811,1715.324951171875,5815599,773.0908809941293,788.6206413154175,773.0908809941293,784.5440673828125,25535732,1463.3530011800513,1482.595920809754,1459.474721651074,1474.6171875,12519876,3472.3832227089542,3562.553236573613,3465.5640947496818,3551.0244140625,4691483,434.8830418921205,440.20814495659073,430.13484351054876,434.83868408203125,18567567,816.1071101173486,819.2367244039343,810.0404849474438,817.070068359375,9522375
4041.4128530075227,4108.723462326797,4029.3813390339833,4076.577880859375,3552210,1161.020907069825,1190.2903417018374,1157.0694857554495,1177.802001953125,19309265,1715.7949342558115,1769.9848820315087,1715.7949342558115,1766.1309814453125,11369047,778.9144923179402,787.0433507268658,774.7651110455088,785.2962646484375,43810540,1474.6172851615388,1494.4037007697482,1472.59166375446,1491.044189453125,9859940,3560.6888367643323,3631.3335312385766,3528.4082319128506,3610.630615234375,2617659,438.47750808548517,449.438331919922,432.57552818447857,445.7107849121094,21534703,813.362771563015,832.23673119642,812.7368251429314,830.50341796875,12081506
4101.8026818187545,4116.66765190009,4060.924014095079,4070.3076171875,1746803,1185.558499492736,1212.4863561230136,1174.8263732265093,1183.1680908203125,28458261,1779.9487760733678,1788.784624281326,1752.12534926978,1758.7991943359375,4635931,783.7675425920842,791.9449196556922,775.6629731237323,778.9387817382812,51001148,1493.9341486268256,1509.2989091727318,1493.7613062276428,1501.987060546875,7538550,3631.3336586429027,3718.6583534873284,3617.2048150703467,3703.8916015625,4159919,448.6395936886127,449.26085622757836,438.4775196143826,440.2525634765625,12978187,833.9699855260068,856.1661615632173,831.2255780072089,839.3143920898438,26582781
4079.597869696845,4086.0082967599183,4020.3235344521822,4055.674560546875,1797906,1183.4607897362628,1200.876079269409,1175.0702424166864,1179.9971923828125,23972277,1758.7989073403546,1767.1177185175402,1748.3651383345386,1764.48583984375,2721265,777.4585181584071,793.3522550308714,776.0026033303951,784.034423828125,54595834,1498.9488223237445,1506.8287716127938,1492.0075050067665,1495.1199951171875,8228208,3703.7935990607602,3723.5642064734407,3668.2259567723117,3713.408935546875,1979989,440.47438696700766,441.80565564865844,433.6848857498221,434.7942810058594,13891052,842.2996149354311,847.9328973347123,836.8107410128214,840.469970703125,13528447
4041.4139618583135,4100.87384543508,4036.7686584538783,4074.25634765625,2330091,1189.3147074879269,1194.8271415595514,1181.5095248300897,1185.3145751953125,22297629,1764.344953812893,1772.0058245898792,1753.1122228334534,1756.1201171875,5004209,783.2822470366172,790.0279981871195,780.9527594083772,784.1315307617188,37820484,1486.0789919790418,1492.4520883459395,1483.2629754591517,1487.487060546875,10057346,3705.952149876589,3750.0559785335436,3692.264787816845,3743.187744140625,2703636,437.0574624554141,441.93879038664625,435.32680471107363,439.6312561035156,11982586,841.4810813734941,842.5403707610664,835.8477988655185,840.0848388671875,11636874
4087.309509692771,4105.7977266989665,4055.3961842561653,4085.1728515625,2202244,1182.97292613369,1192.875774860644,1177.5093224180825,1180.63134765625,8725046,1744.699358548906,1755.7911843622094,1734.3595637121655,1741.409423828125,7475014,787.6014491725216,800.7774909815698,785.1991540216145,795.3178100585938,26215174,1493.9836579008804,1499.9121644798522,1486.37545603751,1497.244384765625,10764222,3738.281732709139,3766.6867389108825,3694.9628945378704,3708.15966796875,1998663,440.1637898116665,440.8738242304474,435.72620830215726,438.1669006347656,12114803,845.2848286735671,848.7515140014297,827.6145664441017,830.696044921875,11787203
4055.349340765276,4086.0083392177967,3967.088587644382,3979.212646484375,2811282,1167.8503708068586,1172.3871567184908,1161.1183774313038,1167.411376953125,10735395,1732.3856829456133,1747.8953757120823,1707.1472058471231,1711.89404296875,7400938,791.5323792943032,810.7019249608421,791.5323792943032,805.1937255859375,44119238,1487.0670219426547,1491.3404387261814,1475.481756476256,1481.4595947265625,10268248,3660.1314394799247,3678.332069864614,3588.260268966907,3596.6982421875,2512525,430.26797086538403,443.2700690816439,430.26797086538403,434.08428955078125,22141163,824.9663688604599,826.5070785961769,814.8071707781978,816.4441528320312,12609331
3938.2880347144414,3938.2880347144414,3818.903743027533,3860.293212890625,2787771,1153.2156685567127,1159.9476620150213,1138.5809519506631,1144.0445556640625,14306771,1677.8197340219435,1689.616546348778,1615.405061601391,1646.75341796875,10736703,795.9486953170099,798.8120065813332,776.9732822215763,784.1315307617188,41333634,1462.3650548737628,1466.2186085334113,1416.1721046606897,1430.079345703125,17046704,3529.2912545755607,3539.985980741122,3445.4006784659664,3461.590087890625,2900685,426.0522602329523,436.56933654734354,425.60848524167875,431.3329772949219,25022076,799.25534329257,800.5553134135039,770.3665959446458,781.5850830078125,27676951
3875.065586406783,3956.1723973259723,3865.6352581703713,3875.2978515625,2203067,1146.3862463365044,1158.776926636575,1133.215000102,1138.4346923828125,13575619,1654.5551502330297,1689.0994653436978,1640.126459251215,1646.0013427734375,7690163,791.0471196604719,792.4787456590307,773.2364505401089,777.0703125,45116050,1437.8110173129378,1459.8946792000177,1434.0315221699125,1438.7003173828125,10236186,3481.2136873584077,3566.4778162956036,3479.251334659784,3508.8828125,2125532,431.5548877403152,436.3918583538408,429.602356369564,431.5992736816406,14251363,792.1776770526977,795.9331791962649,766.1778026885571,768.15185546875,17900930
3928.06833926144,3943.8160983795406,3883.7519658026845,3902.472900390625,1237666,1150.2399039367897,1151.0692998288628,1133.3124387535242,1143.898193359375,15753644,1688.2065718679119,1689.9925594528395,1656.341179884447,1684.11767578125,5094329,784.7380959828303,791.0470602671697,777.5555591010518,787.892578125,42346264,1451.4960282823629,1454.954323788822,1444.0853950542364,1447.3707275390625,8174568,3561.6701876062925,3586.9354788820124,3542.390167945932,3569.764892578125,1613097,434.88306494116813,439.8531651484879,433.1967929971014,437.2349853515625,11320399,779.0333009734679,780.6703419145541,770.8962912047291,778.6962890625,17692355
3884.402501608471,3931.7845938309133,3864.8922283404063,3876.5517578125,2441283,1138.5321283444994,1145.8007757584114,1130.678235180199,1136.2393798828125,10806438,1673.1196857214622,1673.1196857214622,1623.4416964698462,1638.5284423828125,6227910,788.1353303314752,802.3547907144078,785.8301315512568,797.2105102539062,33976950,1440.1577210643813,1447.5436277380477,1428.6959662921352,1431.8577880859375,12387192,3552.8394749391305,3560.4435914624055,3480.673908283438,3486.6591796875,2038088,438.4331345718136,441.98319394772153,437.1018376938733,439.0987548828125,21349889,781.9221664085547,787.507312985182,773.06293798995,778.1184692382812,14769069
3917.848430860645,3951.898410084894,3907.210505857532,3928.764892578125,1302536,1147.8984979263976,1152.1912530849597,1140.5323091971482,1143.0689697265625,8687307,1664.9419144885312,1673.8717370362467,1650.6071993461458,1664.471923828125,4258524,801.7237923493824,806.8437833638833,798.7149252998082,800.8502197265625,26644618,1442.6033755756382,1458.9067698886504,1438.6510375603623,1456.7330322265625,6249776,3532.234874417838,3537.680451091567,3508.392241106516,3524.4345703125,848232,441.98320282176905,441.98320282176905,437.6343652317819,440.1194152832031,9556181,785.7739981345145,799.2072786074854,779.5629051443975,793.7665405273438,15320885
3929.9262611677764,3938.2878064043034,3889.372857499192,3898.012939453125,936912,1152.3189994398172,1159.4533399572713,1137.5582949209468,1154.09033203125,10860455,1666.6339385624474,1695.2563240862842,1661.9809621451984,1689.5224609375,4315329,801.7238266679481,813.3468572381819,799.4671466635041,805.65478515625,39316196,1452.483993902439,1455.4482469512195,1440.3799606199186,1443.220703125,8184584,3511.63023194983,3543.0278758230893,3495.9314100132005,3504.712890625,1965035,436.65810276874254,443.7582217148487,436.65810276874254,438.96563720703125,9425644,790.2035442003192,792.5146675912324,781.1517715969126,782.4998779296875,16120449
3914.1324330562766,3933.642706280625,3886.2606141643496,3899.22119140625,1495593,1164.3243778306348,1170.2779103089574,1145.0370803987933,1149.7113037109375,13117927,1701.3662700318037,1701.3662700318037,1681.6737063397366,1689.5694580078125,4176918,790.0764803424304,792.2118340294594,777.0460539246062,778.0408935546875,54055042,1443.3444377180147,1452.5582774619256,1440.6272053348387,1446.1851806640625,6265064,3512.6115093627222,3539.1032721428323,3478.4665227593546,3484.9423828125,1316218,440.1637430579755,441.8500429794937,433.3298840108808,434.8830261230469,8056478,783.3665819906377,789.6258109801142,765.5999894887229,768.0073852539062,17585172
3910.4163685993976,4000.7212473784566,3891.0453628588666,3990.5478515625,3226545,1148.3827912230433,1151.3841824712085,1134.6061339161688,1143.1181640625,13431801,1693.8464406687062,1715.4660123309595,1689.5694795075585,1713.821044921875,7450718,779.6424562895212,783.1366284755188,778.0409261468292,780.2733764648438,32334428,1446.1109681889411,1454.460233101401,1436.3782403810737,1444.43115234375,6267466,3491.957483252983,3511.335715945336,3469.930122354727,3478.46630859375,1584372,436.61369785563306,442.87070869735584,434.7942963223527,436.8355712890625,9609981,771.2815013387534,779.1777715549281,770.7518860016988,773.2555541992188,11788665
4041.413561593398,4112.951226936545,4018.280043659057,4102.77783203125,3457058,1151.33488320732,1173.9679621079767,1147.0543031789523,1168.3096923828125,10961370,1738.9653871768742,1750.1041425189478,1719.6957707243737,1747.378173828125,7335657,790.319198015761,793.0611831331643,781.8263604564881,792.0662841796875,27849246,1451.1502913945535,1462.7602840003062,1440.676620060605,1460.58642578125,9416902,3510.648919858987,3513.494235406998,3466.495984869145,3501.1806640625,2808865,438.87688936925474,447.48579265284656,437.23497527546624,446.1101379394531,13643352,773.2555353649926,784.7147629479969,773.2555353649926,782.0184326171875,11427335
4107.377235436386,4175.430929735349,4078.901616536801,4171.482421875,2055210,1171.9999545311712,1176.67417769156,1154.58237101426,1157.140869140625,6686394,1748.3652410685681,1755.4621458747317,1738.2133969970967,1752.877197265625,2585989,794.759726022084,794.759726022084,787.9896858897818,791.7993774414062,19502164,1469.8067419652286,1485.47150978375,1467.8238660907393,1475.65625,13797742,3532.08785281875,3532.1367200012605,3480.232585824866,3488.131103515625,1898535,447.97390175378985,452.01209380136623,443.40319097362044,445.04510498046875,10591508,784.8110381744631,794.8258283062914,782.4999146750221,783.5592041015625,10151482
4185.417806867609,4241.161440255413,4180.772504085293,4202.41943359375,2212298,1155.4679086606573,1170.8191375512558,1151.3349594196018,1160.6341552734375,10427061,1767.1647855371516,1772.5226328723743,1756.0729606665764,1759.8328857421875,3870333,789.8095595425733,798.8119905444514,789.8095595425733,794.783935546875,31134494,1484.4057091952604,1491.0484162933285,1477.2674041310693,1483.1416015625,8411808,3494.9501913347194,3512.611365799634,3481.213722306453,3505.44873046875,1285569,444.6457074143468,446.77575417595006,441.71691069712347,442.69317626953125,6888634,787.6517443817361,792.5146719871843,783.2221009869668,789.9146728515625,10347493
4197.496096539259,4236.516644581457,4173.851321089861,4228.61962890625,1896990,1158.223268928432,1159.846970432822,1146.513086110094,1156.1075439453125,17234142,1762.5589566406527,1766.2249067508462,1755.0391060531026,1760.302978515625,1966902,790.1250771140934,793.255329982036,785.126471042094,789.0089111328125,47630904,1480.464784262564,1494.964564922092,1477.2426107826689,1485.8433837890625,7769996,3522.4232099822525,3547.2470203460052,3514.4755854732,3528.359375,1714248,443.7582295645892,451.7458986802193,442.91509358922156,448.55084228515625,8801221,789.9146891751129,790.588771746324,781.1517920723019,785.3406372070312,14607257
4236.516374666815,4237.39916370202,4178.171549911448,4182.630859375,1829872,1163.1435847596479,1173.5744592109102,1157.829706794536,1172.098388671875,8564142,1770.9248323444356,1779.9956751616294,1757.4830533776285,1767.39990234375,4300287,792.0177293410987,795.0751744192786,790.0765094162431,791.6780395507812,21300638,1490.1312336221058,1493.6012664349316,1477.8869991875908,1485.2979736328125,10445782,3539.151999558256,3544.1558549311926,3516.4867313464474,3538.6123046875,1734927,450.72521402910553,451.3020905746001,445.0451079369473,447.7964172363281,8686423,788.662838830503,793.3813579571615,786.8331945713555,789.9146728515625,7832917
4180.772575829952,4186.346939264392,4138.964850071652,4147.2333984375,1809253,1173.968043848346,1185.7766075752363,1169.589082848793,1184.300537109375,7518309,1765.4729100507645,1769.6088509029312,1745.5453515046195,1750.3392333984375,5015935,792.988292052303,792.988292052303,787.6499375770427,788.6448364257812,20333422,1490.8749048344312,1498.3849993365056,1485.5955458508122,1487.1322021484375,9249654,3538.612315371432,3553.8205479759677,3519.5284843024815,3530.81201171875,1825180,448.24017431856487,449.9264461841349,443.7138493421569,448.90582275390625,8195369,791.0702271868793,791.5517063269808,784.3295192254573,785.1480102539062,5537747
4170.553269172667,4229.223358650871,4166.837026562577,4183.04931640625,1844164,1186.3178499958535,1195.5677952382332,1181.889638715724,1193.9442138671875,10920226,1757.7651122966831,1775.3897624868237,1752.125224235838,1763.5460205078125,3728589,792.1147410094821,799.7582942162704,792.1147410094821,795.8758544921875,22364266,1494.0723308917522,1509.9601498448217,1490.1313888488291,1499.649169921875,8816114,3543.0279368370334,3579.3314631906665,3527.0347138046727,3573.34619140625,1606911,449.0833064910477,450.8583502184477,445.53324716421866,448.8170471191406,8126402,787.6998695275697,792.9480038850295,783.6554330147424,784.859130859375,8523795
4185.417727677566,4190.063030371992,4168.50864441272,4178.12451171875,930697,1193.9442695051366,1212.8379237983015,1189.6144386937667,1206.7860107421875,16295325,1763.54596510821,1788.5494451104064,1761.431007151832,1786.0584716796875,3830679,797.5502737581256,799.4914938187558,792.1148220435606,794.8082885742188,35773244,1497.5671500638725,1500.516654009415,1486.6117113802566,1487.6031494140625,6251156,3574.081779686039,3666.655860090481,3567.5570530610084,3633.00146484375,3315435,450.4589492663018,450.5033352031046,443.7581917194657,444.29071044921875,8260450,787.5073199593448,789.0962247326166,781.0073511539267,785.677734375,12833290
4179.611593409034,4238.83920976465,4141.101848062617,4186.3935546875,1848058,1203.1451193533376,1206.8352956977394,1197.8804917932434,1204.325927734375,12291305,1792.450420519267,1833.903574209478,1783.5205978872887,1822.7177734375,6514531,794.8081968881353,795.7788068064845,791.1441207498361,794.4927368164062,26921188,1492.1142662167426,1494.5680511870519,1480.2170096090344,1485.4716796875,9610286,3635.258357368185,3654.2930826386964,3615.6348304728103,3619.608642578125,1278175,444.11321976952377,445.79951979911414,440.65193221566744,441.3619384765625,8081932,784.5702603306938,786.9295198766698,776.625854503473,779.41845703125,10371300
4143.61019488178,4232.8000107357375,4143.61019488178,4191.7353515625,2133641,1199.504093644897,1215.2980967161698,1197.5852499624118,1202.4071044921875,10806748,1816.9838956969513,1833.4335688344042,1805.610144647818,1817.3128662109375,7228284,796.8707505966252,798.035494358065,791.6052035874162,795.1964721679688,49052604,1490.2303777286736,1523.8401488737275,1481.2083164719252,1507.90283203125,38335358,3621.031354915697,3640.1642939269036,3582.814583620265,3614.114013671875,2165489,441.9832074702022,450.5921108617591,441.4063027627872,448.2845764160156,19389694,779.5628735084862,785.7739662465469,777.0592054590912,784.3295288085938,18247268
4180.772468175268,4266.47830377286,4169.437748026632,4230.70947265625,3637222,1210.3777397050092,1215.8392482869917,1199.4548426639624,1209.5904541015625,21211148,1821.6837784081808,1832.9635541258785,1812.2839653100993,1827.0416259765625,13466759,803.6650654368904,806.5768953841255,786.7521983416328,794.395751953125,445342100,1520.865886117465,1526.5418444404818,1490.4534771750382,1496.6995849609375,41620730,3648.3573473216406,3674.5056024529986,3597.3850419212913,3634.9150390625,2592912,445.4888768545288,451.87901762056,443.9357346345459,445.44451904296875,15523349,786.8814263829273,790.2999167148297,784.1850960274376,785.3887939453125,8911426
4251.380667040353,4262.529392565808,4191.920797571257,4200.32861328125,1216500,1219.2341641068904,1219.4309254466023,1202.997389524353,1210.3284912109375,12516759,1826.712755054023,1857.1681741009113,1826.195834151735,1846.5933837890625,5573739,799.200245545704,799.200245545704,787.747000900005,789.56689453125,34049680,1497.9389648135596,1513.7276641806195,1493.7253530981907,1503.2679443359375,11240852,3636.2395948078406,3651.8893098608423,3597.336047902118,3613.770751953125,1277813,447.30833402811544,455.2072315592306,446.6870714764106,452.67779541015625,16497266,787.0257841074723,794.8257813768107,782.9332114506573,791.6961669921875,11813750
4200.329136859027,4232.706988670382,4176.9633540945715,4192.24658203125,1717263,1207.6224463883482,1230.9935629487222,1200.930998773239,1227.79541015625,19114907,1848.9432889467964,1848.9432889467964,1820.2268132183985,1824.73876953125,4694322,792.9883758285047,795.875916903195,788.4264969467081,794.6141357421875,37282860,1508.2250430567562,1509.9600595401412,1494.5927706873033,1496.203857421875,10923800,3624.4162621096075,3644.039788741092,3597.875394431524,3620.687744140625,1211993,452.67776768740197,457.9141271779408,450.769622334864,452.10089111328125,12481552,791.6961816359209,795.3554113830713,786.159171468402,794.2479858398438,10548350
4159.357971016076,4168.694848446134,4121.9632824379705,4161.49462890625,1265505,1220.070629288316,1223.859186152754,1213.1331701237295,1216.62646484375,13505843,1805.797942802085,1811.5318054350637,1786.0114064851507,1807.06689453125,4778310,795.4148040993854,798.2295964742419,792.0176694876126,796.773681640625,24682744,1487.850885016148,1504.50709100704,1486.6612078847159,1501.5823974609375,11983304,3581.2936243039085,3611.710090702106,3562.749487382364,3582.07861328125,1930121,443.7582030567318,452.677751368125,443.71384524676586,449.3939514160156,8739052,785.2443376942574,788.325815931437,783.5110245528155,786.2554321289062,10789570
4163.120774045665,4179.843865751271,4138.1754048562225,4158.42919921875,1688793,1218.2502546691317,1224.9909529744998,1211.65718744667,1216.23291015625,9142811,1810.638983993486,1823.5637269032381,1794.9882723576418,1817.1248779296875,4081810,798.8119853769339,800.7046866194709,796.8707654853739,798.5450439453125,22876318,1506.0439573959175,1512.7113538076746,1474.3179410781217,1480.192138671875,16264168,3598.954854579987,3598.954854579987,3540.476648256813,3555.93017578125,2958770,451.16898926523896,454.3196878148697,450.01523610168874,453.69842529296875,11318636,788.0369123055189,791.6962009160937,784.2332739868236,788.422119140625,8395074
4156.570844055927,4198.378570967705,4125.029055295338,4140.5908203125,1649179,1206.3923063523205,1214.21555165295,1185.7765708665058,1188.8763427734375,10170479,1806.6441381891027,1820.2738676395406,1783.00358450389,1787.7034912109375,5848106,795.0751920423825,799.6613005199742,793.0368755313057,794.4199829101562,26029602,1479.721175380084,1484.182646260627,1449.110527949692,1452.2830810546875,19394228,3547.050767159477,3555.586953612089,3469.635808359902,3507.460205078125,3096557,454.40842025952134,454.40842025952134,441.2288060631329,445.2669982910156,14245025,781.4406841241514,782.7888492947188,748.2186217676717,753.514892578125,40220096
4138.96443998131,4171.713821913821,4116.202458212613,4133.90087890625,1184938,1183.710090812365,1218.5453765912819,1181.299103730193,1215.2979736328125,13863250,1776.564732765143,1805.5631341580754,1775.6247514250556,1780.9356689453125,4772612,794.9295342541234,800.0252363967779,791.0956131747174,799.0546264648438,23792914,1453.943839140462,1457.3395627288749,1443.1371406451965,1449.928466796875,9010298,3516.53601662637,3526.3477800656174,3486.9536456750407,3510.943359375,1454589,445.5332646679885,454.98530397420916,444.06886619293823,454.1865539550781,14265060,755.9222919924988,759.0037704153561,742.4408753200211,755.2000732421875,21322103
4127.30496423786,4217.888362209953,4125.446843253818,4188.0654296875,1385591,1217.216888818786,1221.5467196441462,1207.4256692162026,1217.5614013671875,15545130,1790.5704823041315,1818.8638977650467,1782.2046254069915,1797.5263671875,6909600,802.6943484628727,802.6943484628727,794.9294696385643,800.9229736328125,26606646,1447.995226435091,1459.446383962114,1445.0952218200862,1449.011474609375,10768260,3517.5172547816233,3556.76430922828,3503.7807857252933,3528.457275390625,1203483,454.3196763029774,457.0709575777058,451.5239809612763,455.8284606933594,11332248,758.8111049121503,759.5814597612606,748.7000432350214,753.6593017578125,12824701
4200.700941634944,4226.621639858806,4154.061921274154,4161.58740234375,1325919,1211.8538609951502,1219.5294755207808,1206.83524540051,1216.62646484375,11993242,1799.7822173243185,1810.4040523138208,1790.6644442667855,1795.50537109375,5312946,800.9473902400173,801.9665188998836,795.5119386518413,797.7929077148438,22226684,1450.5234230036904,1456.1745712275017,1435.1561339115874,1439.072265625,9760202,3527.328916053436,3536.110396322093,3450.208360485282,3470.37158203125,1865165,455.2959709577359,461.064821380934,454.364063075112,456.4941101074219,15497555,751.1555836071334,758.811113576376,737.0482802754062,740.1296997070312,20060665
4190.296089653868,4211.060687361837,4116.9465647505085,4197.2177734375,2742216,1218.2502705064035,1236.9471648033514,1206.7860981365827,1232.174560546875,15376442,1809.464116978717,1838.9795546148218,1796.1164275717779,1833.3865966796875,8555092,802.6944342572692,810.4593139115112,799.32158835399,808.8092651367188,32424046,1444.5250498204912,1473.2767495080643,1433.4953029575859,1467.1298828125,22349376,3491.025513301957,3569.568729378419,3467.4772804972217,3553.82080078125,3751523,457.15972630822966,461.95231069647195,451.3464903537594,461.0647888183594,19085324,746.2927156991332,760.6408185171384,744.1260594277486,758.5704345703125,17578964
4208.644488913913,4224.43851900476,4185.417974074432,4201.76953125,1458786,1232.0267776590285,1235.9137150505585,1222.2355585854264,1230.403076171875,9877288,1833.3865832495185,1841.0474542218399,1819.4749280775688,1827.417724609375,3843127,812.400503038587,812.400503038587,804.1746076631325,808.4937744140625,23860532,1463.7590600068495,1470.451266381587,1456.918113729867,1460.016357421875,8711328,3553.8205769800456,3566.3305748697467,3532.2838049926586,3544.989990234375,1752455,461.06478122957145,461.50852809733834,454.4084094452432,456.0503234863281,9165077,761.7000092457633,765.5518424151477,756.0185318111974,761.5555419921875,12950936
4205.857591838961,4223.556015887551,4175.616848928026,4193.0830078125,1155120,1231.042802375231,1245.4098646133787,1224.8432581989914,1242.7037353515625,8973335,1828.9686923682912,1834.8435757434945,1817.0309752474043,1833.1986083984375,1570181,809.0033572167779,814.2446744093743,807.5717313009576,810.9202880859375,15172820,1464.8993077290233,1468.2206009201684,1452.2088525514882,1458.7523193359375,5481774,3551.024192949311,3600.917104783176,3544.9900543819117,3593.31298828125,1045964,457.8697459360179,458.84601159207153,452.36715513571806,453.60968017578125,7821668,761.5555716904744,765.5518722692779,755.344537482079,756.451904296875,9553736
4193.0829242332575,4214.033060161901,4149.184809090063,4186.02197265625,1699364,1239.849987924078,1251.9538142521255,1238.3247871252927,1247.8699951171875,11513121,1830.8486394119768,1840.9063937669002,1825.584766901514,1835.360595703125,2793127,814.3417351276187,814.3417351276187,807.6202731787942,809.876953125,20127122,1461.3796100548857,1464.8248328952707,1454.0677548146177,1459.6942138671875,5935328,3598.954873295229,3635.258398462057,3590.8110616325876,3625.642822265625,1289060,453.56527143027444,455.78406201482926,449.30517775626555,450.636474609375,10889862,756.5000258703583,758.3296701716079,751.637098153009,753.9000854492188,10665630
4178.031572295144,4178.031572295144,4014.4706436360752,4037.83642578125,2961779,1241.8672616672682,1274.6852037097235,1241.8672616672682,1267.796875,12466597,1822.388800311061,1822.388800311061,1768.3869188956942,1778.585693359375,6385468,811.3570886275262,824.4846115422112,810.9931099061356,822.494873046875,40917342,1457.413766699014,1469.3110219373734,1448.0447266088618,1450.9197998046875,8574714,3619.5595364583974,3687.211597532537,3614.8498420937167,3660.229248046875,2249929,450.72523863670733,454.76343093157726,448.2845745094767,450.2814636230469,5638729,754.7667043250664,765.3111094724715,753.0333911386886,763.3851928710938,18324412
4078.6227421526683,4108.492406554244,3978.051921437468,3991.384033203125,2927551,1267.7968764476732,1279.2610475522447,1264.8447355687065,1271.388671875,13172268,1795.9282898631557,1809.370068657787,1766.036952686509,1780.5125732421875,7976570,824.6301946967953,834.2392569551141,824.6059649927001,829.1435546875,30651776,1453.6959512825117,1463.8581906691413,1443.0876132109174,1457.0916748046875,16955902,3679.411416757271,3679.803791490386,3604.842012044324,3614.359375,1711564,452.63337290269794,456.89346666395045,450.4145822727039,451.0802307128906,14461616,765.5999675189145,771.6665929182252,755.0074264560737,760.6889038085938,10645478
4010.6620715019503,4023.4833814320996,3927.604135103798,3980.93212890625,5447908,1274.340862241716,1340.616403523679,1270.9459481482343,1317.09765625,73257767,1790.664520804125,1800.0643345616268,1755.3212440246816,1791.3695068359375,15242974,833.0259912779876,846.8328941482245,828.6825354394553,845.0130004882812,60623386,1461.3795684407844,1482.1997658201985,1458.7770437683578,1473.2025146484375,30897320,3630.352499714604,3738.1836849016377,3610.9742667769383,3722.48486328125,5401701,454.4084053209533,459.15663177722325,450.8583460271267,456.5384521484375,24725118,765.4073730812867,765.4073730812867,750.625986843672,752.7445068359375,21372244
3994.9602305588905,4003.69330870643,3951.294386178363,3965.69482421875,1702319,1309.7664484410157,1310.553734024932,1287.62539277616,1300.8116455078125,11380409,1794.4243751721033,1803.73021337189,1765.7078993837924,1782.6275634765625,3636672,848.7984163669939,857.2184459846895,844.5519977602407,854.0397338867188,26965350,1478.2340798324108,1488.6441789861601,1476.2015834923338,1480.5887451171875,8832314,3728.4701283367426,3766.5398186087614,3678.4301345090653,3716.401611328125,1937874,457.4703669208341,461.0204264871007,455.8284808966198,458.8016357421875,8105508,756.8852061006995,775.1814133728537,755.4407686844768,772.1480712890625,17309545
3950.0404365312907,3986.5990621222545,3939.216971195143,3968.29638671875,3012026,1299.9260678444703,1310.1601805182468,1294.4645590257803,1297.5643310546875,13886037,1774.6847802570394,1796.210376017183,1759.0811128709156,1784.6485595703125,7277616,856.5633141386422,864.6436541344489,851.3462854547951,858.0435180664062,33039036,1475.7554165819738,1487.6526722077606,1475.1357678514642,1476.6229248046875,17137444,3716.401540067454,3759.671512071468,3703.9406485759473,3720.228271484375,2676546,458.84598883876305,459.55599507559924,456.31658107204504,457.2928466796875,7015487,769.6444158126969,774.4592072785255,766.9962805064912,768.6814575195312,15180653
3950.691085610406,3985.298594296038,3939.2170960290077,3971.501953125,2713073,1289.8395992053097,1306.568398126912,1289.1999446337225,1302.7305908203125,8728019,1773.1337292502485,1787.4684442930745,1764.156976545127,1781.546630859375,4268341,854.2095009540504,867.7252316684056,854.2095009540504,863.406005859375,31965312,1471.1948125268714,1483.6869066134093,1467.5264194610884,1481.15869140625,7069002,3716.2545761693636,3741.4216540256025,3706.8842940073782,3722.43603515625,2113862,457.51473537232573,460.88730730174024,454.67468220228506,459.3341369628906,8802667,768.3444760133515,768.4407483367515,759.4852476109977,763.7222290039062,18465571
3957.7979636084015,4010.5684216660406,3957.7979636084015,3987.992431640625,3964251,1298.9419832399822,1312.0789860913483,1295.8914616978661,1307.84765625,11100869,1783.8966765192179,1802.8372091877666,1779.384720079492,1786.1995849609375,8952803,860.4700264333525,867.7253122548344,858.0435015109396,865.5171508789062,31899644,1477.8870868947113,1491.122760061236,1475.309372285805,1485.12451171875,18818998,3729.4510699902903,3731.364315842534,3666.0669859793516,3691.332275390625,2750597,459.4228959190351,464.836771186585,458.84601932926836,463.9492492675781,16086557,766.5147888755175,773.2554968178902,762.277748944874,772.1480712890625,23198842
4027.4778141813813,4067.4274211040574,3995.0069638417276,4003.043701171875,3012477,1311.7346011418329,1311.7346011418329,1283.0496081575457,1285.7557373046875,17117379,1816.137952637302,1856.0871602157958,1789.0665584656958,1792.3094482421875,14908931,862.3869272945984,862.9692695590985,849.2836931713828,850.5697631835938,35613502,1486.1655345930462,1520.345334807694,1479.2254687210307,1513.10791015625,20597478,3667.63714640242,3667.63714640242,3582.27480511376,3635.89599609375,4095425,461.730441478933,469.0524337523458,461.730441478933,463.90484619140625,17916386,772.1480434176262,778.0702601200948,768.8740206569526,772.91845703125,15193681
3982.7894470349006,3993.798904910472,3957.8440813783095,3965.69482421875,2503416,1271.4871691598821,1276.1122623682022,1250.625419751032,1252.69189453125,12622212,1767.1649937536263,1787.1395980713203,1758.2351706468926,1763.029052734375,6986955,848.7013681367213,849.987378933711,836.8599148404105,840.572509765625,26383534,1506.3908994638518,1511.9181178232873,1461.7761901136828,1463.9324951171875,27008814,3629.3713305426427,3645.7078210056707,3596.0113345333293,3606.36279296875,1837697,462.0410428214885,465.3692286846989,456.2278070132723,459.86663818359375,10936940,772.1962595176911,772.8702832866289,757.3185425049131,758.71484375,15484573
3953.66354966123,3991.011966244493,3941.9577493270317,3983.71875,1823365,1249.542987688833,1259.8262312755362,1247.3780121127852,1254.069580078125,10972413,1762.464916843665,1794.3772357071236,1762.464916843665,1790.0533447265625,4029072,836.6658121791694,845.4013020975134,834.773110848595,837.7334594726562,24572284,1467.9726595996829,1475.2100841908111,1450.3002051077794,1452.2830810546875,16431642,3597.9736638855506,3653.9007156557923,3570.8442337132515,3584.727783203125,1674100,459.86661349160954,461.2866258822409,456.1834247094442,458.1359558105469,5285319,758.811137952777,770.7036494096986,758.811137952777,767.4296264648438,13280535
3960.2137504333123,3975.4502533375357,3911.345072809307,3932.481201171875,3350119,1233.6012439093365,1245.5574384870451,1228.2382360313827,1236.307373046875,17648551,1776.0946700907043,1797.1032292411892,1768.1048290238766,1779.7606201171875,7503887,832.613483062025,837.7091852435565,812.0850591484665,816.282958984375,48473398,1424.2750076222521,1436.9902726871705,1390.070396353704,1394.928466796875,37757294,3515.0641863391256,3548.914769571142,3419.7918693086954,3431.811279296875,5315877,451.3464911442906,457.6922177343659,450.9471020792447,455.0740661621094,16481353,760.6408027275493,774.2184915699847,755.2482008550121,764.6851806640625,15944135
3925.280999271066,3993.1024224537377,3924.398210251953,3950.597900390625,2965463,1227.2048887996382,1244.2289485494368,1216.4787533567373,1219.97216796875,13488887,1776.141704358394,1836.8174281895435,1772.8047248589348,1803.025146484375,10001483,812.6431974622866,820.4808848190723,802.2091402837622,804.4658203125,48683232,1391.9046094477658,1405.2145916660443,1369.9442340651563,1374.653564453125,37072876,3448.8347173640486,3486.6591118888045,3403.2100191115796,3428.180908203125,3445879,452.6333999628257,459.15667068272745,445.13389168557245,446.908935546875,18930962,762.6629675013947,779.8517495092212,756.1629990283715,767.1407470703125,20097454
3970.712148613736,3992.405805122665,3929.3689504456147,3969.73681640625,1472619,1221.7435594913184,1242.8020684792546,1205.4575341441214,1214.215576171875,20667247,1807.7721694283628,1825.4438655173053,1801.0513942623245,1818.2060546875,6112575,801.8208473760044,805.1209448670484,782.7969162571121,785.1264038085938,94458296,1381.568793209071,1384.5431070803497,1349.7188488374588,1358.98876953125,22181340,3439.0230046228585,3446.823308464715,3364.453604237313,3403.06298828125,2304227,449.97085980040646,457.0266211371439,449.74898635096883,452.8109130859375,17114457,770.3666227637009,774.2184558775194,737.0482898388944,742.1038208007812,24267990
3969.5042681636573,3975.821698560318,3905.7243509858204,3951.52685546875,1541867,1221.202267135771,1227.8938344569156,1210.1317389284563,1216.8724365234375,12219259,1821.5898836675146,1840.436440915146,1791.9334261359113,1831.6007080078125,5637391,791.0470635179641,804.0532597925816,787.1646239424159,801.2627563476562,29734406,1361.2194430814652,1389.004514771482,1353.4118695241307,1385.3857421875,17020808,3427.199867646705,3471.892498087252,3403.700742084125,3465.9072265625,2249452,452.63339702416863,454.89657371344003,449.0833374525847,450.8139953613281,9868331,743.6445559601656,755.3445229531092,743.6445559601656,752.5037841796875,8560960
3957.7979865079874,3990.315106115447,3945.441662514293,3951.248291015625,1082504,1223.2195743635768,1244.9177369185495,1212.9854623508438,1224.302001953125,14765997,1835.3606336116181,1858.3431317562972,1828.3577036972526,1835.548583984375,4857163,800.5105298956967,804.0289908485573,790.4161630516477,792.5758056640625,41125642,1385.5594536683957,1388.979866453412,1360.7486928237201,1362.8306884765625,14310610,3475.3755505463,3490.730863775683,3415.4746897080636,3421.4599609375,1645791,452.4558677197935,452.4558677197935,435.37116365980967,436.3918151855469,24874940,757.5593104537433,774.5554892758929,753.0815308248506,767.8629760742188,18758697
3951.526804113441,3989.246753361262,3900.7537355297673,3927.510498046875,2378875,1226.8606284171833,1234.6837542167523,1218.2502169484444,1223.6624755859375,9118195,1840.3895163779584,1846.1233796899428,1799.2182871655539,1803.82421875,4782119,795.4147877416559,808.2510795642027,792.2603056670246,806.7709350585938,21754766,1368.209166456891,1374.132983939481,1357.699948504806,1359.31103515625,22358646,3448.8348138799515,3487.9836537870738,3390.454822009153,3395.213623046875,2686116,439.63128105582945,439.8975404359125,434.39492158878744,436.7024841308594,13292273,769.4036799200226,774.6518143977434,765.5518467289336,767.5740356445312,10241015
3849.0977975212186,3941.028518940875,3820.7151796266107,3854.858154296875,5759183,1217.2661601929808,1221.0055869072553,1202.5054549359925,1203.489501953125,8472512,1802.8842276209207,1830.1436867455332,1795.4583520140732,1818.9578857421875,4709431,807.7658537028776,807.7658537028776,797.4774117796152,801.238525390625,23672594,1358.2700551936466,1371.4314188021033,1357.1050671377104,1360.35205078125,7980122,3404.0932364871355,3431.2720138454197,3382.1149813961556,3416.995849609375,1280465,437.5456162489988,438.38875219322694,432.57551620558445,433.2855224609375,14949380,767.6703835690523,772.9666543229133,763.6259468748779,770.1259155273438,14322720
3846.3106857656626,3869.9087330608727,3829.7735893951135,3843.1982421875,2137590,1201.5213486036762,1218.1517663968125,1197.9788035414683,1212.099853515625,11833929,1816.1849669571325,1851.2932470173037,1815.1979406537325,1841.3294677734375,3751378,803.689297804442,821.1602762579215,802.6943989459767,819.2432861328125,18527508,1367.6390728953818,1368.2587216327886,1356.5350159311083,1360.7734375,12221432,3443.929060119898,3506.5772671882323,3435.3928736063813,3488.131103515625,1974378,435.7705826929564,442.8707297967612,433.6849216890066,441.0513000488281,6970606,772.2925246699068,779.273972056262,771.136963002821,775.3258666992188,8967564
3837.995460690613,3874.1362795372975,3804.5030088222256,3824.75634765625,2759474,1219.1849221736488,1238.2263267782284,1215.691627570544,1235.470947265625,11657338,1842.3635074756771,1871.9258760220825,1834.6086610794148,1841.70556640625,5353705,822.1065938917583,824.0478137120458,813.1284522229286,817.3020629882812,19651130,1346.8933067731043,1359.9554295521655,1329.2208521541709,1332.5174560546875,33762794,3502.7996714731376,3502.7996714731376,3453.887933183721,3485.040283203125,1231552,441.98318067862937,443.2257056420901,438.8768682699775,442.4713134765625,8347216,775.6629124338771,777.5888290383062,771.9073515455158,774.8444213867188,6252104
3795.212679191423,3823.0844981328532,3778.675354588552,3804.456787109375,2359151,1228.5826203359522,1234.9296751311315,1221.7926723383464,1223.3179931640625,7869727,1837.66365041544,1841.9406117141925,1801.3333460914546,1804.8582763671875,3111512,815.3609038822862,828.8766360391955,815.3609038822862,824.9214477539062,20470682,1328.5270030007441,1352.3215164873245,1326.1723376036346,1342.4814453125,20034438,3483.1758875374667,3514.4753158919875,3447.41205908006,3466.103515625,1961835,440.2081640936547,442.73760011362725,436.9687218016791,437.7231140136719,6939430,773.0628831824524,779.0332361787332,772.3406644838936,775.61474609375,6494240
3821.0402585925135,3836.974010815032,3802.5985417542856,3817.510009765625,2522659,1229.5175181191341,1236.897870871355,1204.867212000474,1211.60791015625,8459497,1819.0518851747047,1859.2831333510103,1814.3050481446446,1849.977294921875,8162822,822.5676501021808,823.8780090897097,808.1298269832027,811.988037109375,14695732,1354.0067695283685,1356.7332239102464,1340.4737382347967,1344.811279296875,15543660,3483.077852737479,3515.5548859613777,3455.506940841957,3503.093994140625,2968537,439.3206464164686,439.3206464164686,433.1080492847109,433.90679931640625,7669729,779.514689677183,789.1442720079697,776.1443358614076,781.0072631835938,18580553
3809.128022883925,3861.4219511234783,3799.814751434331,3839.908203125,2361000,1208.3604278039818,1248.6572232672752,1205.7035490362575,1244.327392578125,11018126,1780.1366215888147,1820.6027474745542,1757.0600349091483,1766.788818359375,10526196,807.1106759435778,820.6506963237373,802.7429312558701,816.2101440429688,24809724,1340.5976258716714,1356.70849216764,1329.840427555484,1347.66162109375,12082452,3502.750550500965,3524.827018928877,3473.609660085124,3510.452880859375,2102609,433.7736250834996,436.2586749322282,424.58784595834544,431.9542236328125,22616838,781.0554274190987,792.1294474976112,773.1592166434322,790.010986328125,11704698
3848.8025545031073,3855.647899798256,3790.501385728475,3799.675048828125,1595450,1244.3274858742436,1252.0522311372122,1230.6000776735575,1238.9644775390625,7742775,1777.5986762175419,1784.8366013292746,1727.6856903747387,1741.5504150390625,4654601,832.2980010606213,848.3858722296796,830.3810701774502,838.9466552734375,46548354,1355.4197431686716,1362.2358797577067,1346.1002013000875,1357.4769287109375,14067408,3512.6112737459366,3553.7715730251043,3504.0750875539347,3518.10595703125,1750549,431.95423781408044,432.7530159179544,423.65595210991864,429.247314453125,7680088,794.1517285715379,795.8369056109815,779.0332713770955,783.7999267578125,10359618
3786.7759141091938,3808.941544128123,3731.222344636917,3739.743896484375,1928049,1246.3938747133964,1264.4019824079978,1239.653176958133,1247.279541015625,20090801,1746.6732140121014,1765.0969393741664,1736.098424337156,1740.4693603515625,4125240,839.601939418289,844.4307004744691,830.2112402699462,832.0797119140625,38875280,1357.4767913068545,1364.2186177698431,1328.749900940748,1331.84814453125,15831960,3517.51730166589,3524.0420287366096,3434.117309855123,3445.793212890625,1363574,429.24732175988674,433.46302952571807,426.71788584919966,427.60540771484375,12772970,783.8480454773676,786.5924530851014,758.329650876446,761.1222534179688,16645356
3724.9364095884875,3831.0608725895195,3720.7918215935465,3787.00927734375,1966476,1240.8832443668052,1247.7223228428932,1223.2196490881518,1231.6331787109375,14055447,1734.500561986716,1772.804801466981,1733.3255853155424,1760.9610595703125,4311910,827.4692671141377,847.5851345291038,827.4692671141377,842.3923950195312,38036090,1326.048205061888,1345.8521531156357,1323.5696102860716,1327.064453125,17214742,3435.147533894267,3447.8046130863913,3378.1901984396873,3390.356689453125,2125268,426.8954190593147,428.9366941192119,425.56415026999287,426.31854248046875,10553961,760.7370259136948,763.2406938816622,750.9148399002006,756.8851928710938,13866198
3729.033775833075,3798.8833095961822,3729.033775833075,3769.9189453125,2676744,1230.3047750515273,1240.3420065108755,1221.251590602818,1232.764892578125,12223031,1749.6813644323036,1770.9249206806642,1748.3653675509743,1751.5142822265625,2906475,843.5085346118838,858.3346247570413,843.5085346118838,849.1138305664062,30832258,1323.8424540123256,1332.1952468902052,1311.7964576126847,1328.3287353515625,22155934,3379.171363583563,3409.195455837588,3352.434307933838,3377.8466796875,1924421,427.7829319671288,428.1379350949523,417.13272562053703,418.6415100097656,13596626,756.9333844585227,767.4777899396578,755.585278059477,765.1185302734375,5607500
3778.441074679716,3810.990914951962,3755.763166335102,3778.90673828125,1759676,1227.3526156126327,1248.657257098042,1214.5107542672154,1235.4217529296875,13546055,1751.6082405232555,1763.7340231622866,1735.5816269882255,1750.2923583984375,4689120,851.7102142266036,853.0933215296461,838.9466699408074,846.0806884765625,26130478,1331.996862815434,1332.8395608533488,1310.6809472586556,1316.4808349609375,18597496,3360.5289959569714,3370.3407594488162,3252.648704273135,3263.784912109375,3236774,422.2802860102857,437.9893351421083,420.86027359030857,428.0491638183594,32154050,768.4407046924659,771.0888399529977,743.4037895019845,752.0222778320312,9717125
3789.5234771784344,3850.106352412569,3772.8062006829505,3809.919677734375,1532534,1264.9924978474703,1286.9367953731105,1260.1706432204314,1272.2252197265625,24096412,1748.0832475331754,1768.9509020729429,1745.5453438193326,1753.3941650390625,7018940,845.4012471416386,849.7689918168825,839.043763962605,841.6158447265625,22012142,1325.552505604476,1341.4155124030337,1310.7800563182918,1322.9251708984375,10824350,3253.5808406321084,3309.5078936827813,3201.137011601489,3277.9140625,2991674,427.73853932024565,431.24424086047924,422.45782216873073,429.6910705566406,8946214,754.7667145175037,774.1703480481368,754.5259749390806,762.7111206054688,13757251
3814.576053505887,3821.700614609533,3781.2811109026725,3795.390625,1445885,1280.5894733227,1314.0470695956533,1278.5229987539544,1310.6029052734375,20656117,1754.9627985871089,1760.2866061853301,1738.8011693476826,1748.59326171875,4621252,837.7091441080032,856.0779244597386,837.1995502183419,850.1814575195312,35794926,1316.728719636798,1331.6994085045892,1308.995576227512,1328.52685546875,12008361,3253.580783765879,3320.6931504356885,3253.580783765879,3317.259033203125,2253467,430.4454495599473,434.1730244214629,427.1616496836426,433.0636291503906,7131161,766.5148254883454,803.925732845734,761.2185547092174,801.8554077148438,28274791
3795.158291397516,3824.960761415852,3781.234995410785,3804.1455078125,1935002,1302.878217992093,1309.6681662645217,1284.771729306591,1291.21728515625,15055031,1741.6532608340028,1748.308049494395,1707.7613496606602,1713.227783203125,5919715,845.4012662208864,851.5889046504595,836.7628139716957,841.8099975585938,32715724,1323.569732267355,1338.4413022928309,1314.0023313459362,1332.3935546875,11984423,3316.3270738977785,3373.6767856803704,3289.8844182364055,3344.192626953125,1785128,433.0636412897533,437.76748187143,431.7767303629288,436.2586975097656,6640080,797.3294530672716,802.1442444505282,790.6368812896834,791.9850463867188,15977682
3790.501362953683,3798.23142349314,3688.055380171151,3695.925048828125,3740372,1286.3953474845157,1297.908648500615,1267.9937179678298,1271.6346435546875,23497314,1699.728089871948,1699.728089871948,1660.3697457491953,1670.589599609375,7395236,838.6070472346083,843.8968836285101,834.4334360468695,842.3438720703125,22895912,1328.5269031210519,1331.5012170832633,1314.7955112005386,1320.64501953125,9331650,3463.552369049658,3586.150300889314,3442.3099977883576,3554.114990234375,7637083,436.6581074335961,437.5456293433338,430.17922280768573,433.81805419921875,8111694,789.625816992613,797.3294834998579,783.4147241162844,789.8184204101562,13402324
3715.855640568731,3724.3305810268316,3703.003280699814,3710.593505859375,154895,1269.3713115804678,1275.521605000899,1265.7303859247397,1271.19189453125,1007022,1677.4819828348002,1678.9080088899161,1665.6460129974564,1674.011962890625,371966,841.0335262277963,846.4203996311912,837.6849100339031,843.120361328125,1759692,1321.6364480777281,1330.4601492824747,1321.5868277686543,1327.1884765625,2127335,3556.7150766034893,3573.3459674275714,3551.858301696634,3558.0888671875,212796,435.7705544719371,436.74682006469067,434.26177014569237,435.1492919921875,1517892,791.9369337915391,795.0183533490626,788.566579722976,790.7813720703125,1637141
3693.9228999424704,3717.7647384247807,3644.51594943524,3691.92041015625,2269192,1269.5189366152897,1271.1918884914494,1249.7888674900407,1256.82470703125,14309121,1639.4546463788554,1679.8587185569368,1633.275200045737,1676.6739501953125,7336722,846.8572030494149,846.8572030494149,830.3083148266296,831.8612670898438,28089248,1326.3952636738204,1328.52687951389,1274.0969107675833,1291.0009765625,19796890,3556.71492978336,3556.71492978336,3464.4352521823753,3507.16552734375,1724189,437.9449959595894,437.9449959595894,425.60851720016433,430.0904846191406,8754385,792.2258449875555,806.4776167890851,777.2036594878515,799.1109619140625,14498161
3670.45333173397,3712.2698276535116,3670.45333173397,3698.6259765625,967590,1252.6918064806564,1280.540384084737,1242.9497173467564,1276.013671875,16431920,1673.2039554066878,1681.2371893406507,1658.9436944231081,1667.68994140625,3160880,826.4743572133567,855.447039991069,823.999313734677,853.0933227539062,44232406,1281.9292880644173,1298.337634786513,1275.1379622128013,1294.1240234375,16267479,3489.0631139839893,3517.517228243139,3475.228431577917,3507.50927734375,1251506,428.6260890085853,430.48987661737266,423.3009855731891,426.1854248046875,7610046,799.1109232553587,819.8627216790217,795.6442968785319,817.7442016601562,26254561
3728.6612931693503,3864.8210432401042,3702.258078759821,3855.3681640625,3792017,1279.507133687592,1294.0218271864514,1272.077530661039,1281.5736083984375,12037405,1677.0067780250674,1737.089967643031,1675.7233776805178,1733.7625732421875,10421494,859.7177486791857,859.7177486791857,847.0270119492034,851.83154296875,27787910,1298.7837703539942,1316.9271340293028,1289.0676296160968,1314.0023193359375,21625209,3526.347628742835,3591.007051214807,3490.436480278207,3576.8291015625,1819732,426.1854418177213,429.91301718409824,424.2329103766593,426.98419189453125,11749720,817.7441759391488,829.492278606691,814.8553011245552,823.13671875,15002433
3883.3549260647524,3916.975471746434,3804.5179478782275,3865.845703125,3724349,1276.4565194695,1282.016408736549,1254.905867336954,1258.30078125,9909035,1723.5426610222241,1735.6638830746192,1698.8724555004114,1714.1309814453125,4550965,846.5174998307751,854.5977803501312,843.4600547619757,847.6094360351562,18895456,1312.6639327180499,1312.6639327180499,1291.4471349781516,1294.4710693359375,9611974,3578.693680400606,3594.0489945648405,3551.8584112270605,3577.90869140625,1581009,427.5610311124764,428.4041670029908,422.5465454495721,424.1440734863281,9267980,829.1070762299017,830.4552413269911,815.3367846280997,827.7589111328125,15283847
3869.664729338886,3883.401806296226,3834.8795655512195,3862.214111328125,1648039,1249.739603368689,1254.6598380276207,1232.7155433996181,1238.7674560546875,11195808,1728.3437169759088,1749.829154713953,1723.7329222391422,1739.704345703125,4210960,850.2543248355499,855.0103373353861,847.2696873607207,851.4432983398438,19902986,1286.5394340693545,1290.505185727704,1264.0833410989228,1272.7584228515625,19814406,3571.8743489226604,3597.973736090544,3552.496115683558,3591.39990234375,1622142,424.14409199348466,426.62914196530926,421.21529515296464,424.2772216796875,6325023,827.7588901564618,831.5144508501054,803.2997858129482,811.9182739257812,26139105
3844.7052007056577,3943.5186546704363,3834.8794257124828,3910.36376953125,1406487,1241.8673121816607,1255.545589486218,1226.7622147783625,1249.0509033203125,8387780,1738.8011800020988,1775.8778590726738,1732.669314114394,1768.367431640625,3804234,851.4918196964699,865.2016844692026,849.8660007285889,857.1941528320312,24565362,1267.9994654475693,1274.9891511168566,1256.151830843746,1261.802978515625,9056552,3577.36907123832,3592.0867168961845,3538.1220161506803,3560.5419921875,926127,424.2772605760544,427.3391873834848,420.77158685924735,423.3009948730469,5700343,814.662743202751,822.3664098051412,810.810909901556,816.2516479492188,12621337
3926.475609493647,3928.3382639573533,3878.3726489183473,3909.15283203125,1587640,1255.7915869540607,1274.34084864136,1244.3274155266408,1250.330078125,13486168,1778.8249314544848,1788.2367269114475,1769.223045604574,1776.638427734375,5012450,859.9603824917264,861.4162973605047,829.2163253609564,833.8509521484375,31395406,1264.6287615317467,1278.2610337323058,1256.6476373969983,1263.33984375,10671091,3581.2937002087674,3582.274876564989,3512.611355273257,3523.747802734375,1116206,423.8778783496949,424.1884955450853,418.1533859891892,419.66217041015625,5236095,820.9218861125494,821.7885720240326,793.766452435842,796.0775756835938,11350729
3891.1780687289943,3908.5472291817673,3847.358853332509,3865.333740234375,1098813,1250.330002060316,1255.8898912252891,1230.058659378344,1233.6995849609375,12260404,1769.3181384269985,1780.8213927172376,1764.7549244206982,1776.2581787109375,4257495,833.1473377113161,839.2864576545572,811.9152444974701,815.967529296875,35728500,1259.374078659472,1264.5295076822267,1238.8017408266169,1241.3299560546875,14633633,3517.5171821205345,3536.9936283053685,3469.0960338791992,3481.16455078125,1568694,417.1771207432275,421.30405680700125,415.57959256886795,419.08526611328125,11548660,792.8517297121596,800.940603318519,774.8444556831504,778.6962890625,13756706
3851.0375903197846,3874.3207680121654,3833.7616543718636,3861.18896484375,1825432,1233.7488030417599,1247.4762092717035,1223.219549242433,1236.897705078125,9506892,1773.5961711004963,1783.4833086013102,1764.469627272938,1772.5980224609375,4311431,811.9637453515568,827.3721783747438,811.4784403744485,821.5,27146470,1242.866693712679,1261.7040163358736,1240.38809863068,1256.746826171875,12612633,3491.0256418103063,3498.6297589334176,3434.264491079784,3459.873291015625,1291765,418.1977517730254,419.7508939310638,410.254469103816,413.53826904296875,12087836,778.6962686314655,787.6999054097373,771.3777501381329,774.459228515625,9461484
3923.681541984777,3923.681541984777,3716.1817937910387,3743.4697265625,3313944,1239.8991689148563,1242.4576669848584,1229.468295169204,1233.45361328125,6195554,1758.0049000608628,1758.0049000608628,1706.4778709351956,1722.1165771484375,4839244,825.0184258091194,834.190701332557,822.5919010273279,827.4934692382812,27081968,1256.7467703539512,1262.0014401044657,1233.24973843027,1249.9554443359375,13620611,3454.8200627535784,3501.1315375049285,3444.763005396193,3475.4736328125,1233217,413.582667962433,415.18019610837695,410.0326085412211,414.07080078125,8448573,780.9592121300385,786.4480864115857,769.6444516583641,784.136962890625,9322451
3743.8421064286954,3848.3835842405188,3738.4405905885956,3762.142822265625,1776233,1236.996341503432,1240.8832791422965,1221.054707873685,1229.173095703125,11537317,1735.4737552340218,1767.987103735295,1730.7679155470983,1734.7607421875,4669769,831.8127776666084,851.1036515944076,826.3288074195308,845.5226440429688,50981272,1249.9553610165642,1270.5276979121372,1224.5745744010292,1231.0189208984375,14183746,3492.8895277768793,3539.103028822926,3429.211279660695,3439.906005859375,1826460,415.35769691286504,420.4608983587322,413.80452663353714,414.7807922363281,7121472,788.6628877822667,789.9147218810267,770.462951477566,773.2555541992188,13677029
3767.1252292109634,3811.4098822098795,3747.660582048356,3793.156005859375,2384347,1228.6318816632047,1236.8486497660301,1212.887130281342,1230.5999755859375,9593870,1751.16006482196,1774.9271666789355,1730.8154024223286,1743.6021728515625,5436504,848.9925368361551,853.6514527573436,841.6158656563873,845.0130004882812,35716512,1231.0190296194417,1233.299264427905,1206.8279179645579,1212.5286865234375,19433843,3463.5526809703333,3464.0923758976187,3387.462403483639,3417.927978515625,1510581,409.14507908254996,411.8520025055283,404.17497910804383,405.7281494140625,20313155,768.9221597525542,768.9221597525542,733.3408407931131,751.8296508789062,29486577
3791.4326091135326,3962.7504103811857,3775.6000484761144,3953.111083984375,3096553,1237.931065448711,1260.9577881469831,1235.962971544977,1257.6612548828125,11604338,1762.6633798054363,1819.6569616576032,1743.554652462339,1808.4388427734375,6301486,846.1534758192824,851.3705040721685,839.3592064666866,847.1483154296875,24773612,1218.8737871048172,1257.9859641270039,1211.983221035894,1254.5655517578125,20471957,3434.117194004093,3545.48070872394,3407.723646245321,3535.6689453125,2534018,404.8849760938828,422.90155996145944,404.26371361127775,421.2596740722656,20214206,756.8851983330345,789.5776432728918,755.0074179563543,785.8220825195312,20665405
3986.080344448122,4030.8772729139196,3960.189630652715,4018.77001953125,4052167,1275.3249381508517,1290.2824048083883,1269.420656029783,1280.1959228515625,22717581,1821.5107285834974,1824.6480325215346,1789.1874693080074,1796.5076904296875,12764638,866.293664684976,875.2718066744363,856.5147576427843,866.560546875,427737274,1278.9549045518283,1293.2811339485756,1271.4694999174592,1275.9805908203125,28923341,3591.1055764763187,3690.204391564873,3585.218518154227,3682.35498046875,4753829,425.1203780003654,427.96043122898016,419.26278403833174,423.1678466796875,14427013,796.3664717835007,818.1293046973657,795.0665016573014,813.1701049804688,23434605
4024.310731522724,4066.7329532289605,4014.0197491006056,4053.78759765625,2060669,1289.691969633128,1293.2837651950626,1281.6719625867895,1284.132080078125,7646955,1811.00558516297,1842.9961275482167,1803.7329448177684,1829.2587890625,6850495,878.4019987795361,878.4019987795361,858.8927626136716,866.5363159179688,30935566,1283.8626226527838,1286.737817131633,1273.2046638791435,1284.606201171875,9247557,3684.218894723248,3684.218894723248,3620.540646913955,3632.903564453125,1141534,426.00790505967507,428.3598254865603,420.7715735570813,423.3453674316406,6791715,812.7367744440559,815.3367735105277,804.5997653621181,808.3071899414062,8893744
4059.6083950341376,4076.7911069702654,4027.104715840101,4035.02099609375,1558993,1277.7849738450245,1289.9379297411074,1277.1453192983001,1279.9498291015625,21938082,1834.9152380654443,1845.6580141122217,1817.4702091826562,1829.5914306640625,4447143,868.6473457001546,881.9689429401197,866.3421471774458,879.5181884765625,32714976,1282.4250432843673,1292.6864023015983,1274.9892583407009,1282.1275634765625,9572746,3634.2771868414757,3649.9760083829074,3615.634836261025,3629.076904296875,971816,423.78912772455067,426.0966904116353,419.79532115623977,423.3009948730469,7339184,807.4405312232043,811.292364407334,801.2775746188726,803.2034912109375,8375108
4022.4020594566896,4041.913545627335,3942.3079225932315,3953.390625,2558544,1280.294297193127,1289.593492566128,1261.8434173872402,1265.8287353515625,22803745,1820.4648690644453,1820.4648690644453,1760.3341042723987,1765.0875244140625,8468790,882.769668950273,891.0683714170436,867.7252160984541,870.2245483398438,35722392,1278.905374093644,1285.4984608667178,1258.184417128475,1259.91943359375,15027412,3630.3526385374244,3650.466754507699,3579.3314663201418,3597.041748046875,2124283,423.3453549185364,429.3804644079403,417.6208626211006,421.4815673828125,14967609,803.2034750413964,814.4700986330259,799.7368487551913,807.7775268554688,13505677
3930.2002766528776,4003.4958997310346,3907.5223713104324,3977.558349609375,2017425,1262.6306978559342,1282.4592691846208,1262.6306978559342,1279.3594970703125,11397228,1759.811276019277,1784.4340168837268,1754.0121263454853,1766.2283935546875,5244346,874.1799313606635,875.7814023363161,865.2503073983569,871.632080078125,27669536,1269.0406134614407,1288.3736540571424,1264.3312830599236,1281.1361083984375,13202307,3566.6743185324817,3679.411387631506,3566.6743185324817,3654.685791015625,2094305,419.9727756769193,425.03161943508326,419.4402569251216,423.12347412109375,8668142,809.9442265086632,812.7849653323096,800.7479862272926,807.8739013671875,10822949
3976.7674579403806,3993.717796218345,3939.560751463305,3982.960693359375,1670944,1279.1626909163074,1289.6428152581445,1268.58418590124,1283.8369140625,9626400,1767.3216723437565,1789.9479994533772,1744.6953452341356,1787.095947265625,2868263,875.2475527258944,877.5042327860683,861.4163604593637,875.8298950195312,15110876,1276.9722229086012,1300.1222774340952,1266.1160245478172,1297.941162109375,11024152,3637.073513461759,3647.8664529100997,3603.7623859829273,3634.326171875,1158369,422.45784823353785,425.38664526883133,420.15031373251634,423.5228576660156,5689595,807.873928059787,810.8109393035892,801.8554383084241,805.4183959960938,6651119
4018.0715527591838,4027.9900963818563,3972.529744122267,4007.26806640625,2010905,1283.1480184509742,1291.8569303693412,1275.4232736408442,1287.527099609375,11509276,1793.9408410909798,1806.0620629902432,1778.8725217831325,1798.789306640625,4715792,884.5653546960274,891.6993733770357,881.3623537076274,886.3125,43410242,1305.7237413234882,1315.4398813546288,1295.8093621182986,1311.9698486328125,16869482,3650.9571706802785,3727.3418447668805,3631.8242320002823,3715.763916015625,3252670,413.5826685185779,420.150296739833,410.69822941298054,419.3959045410156,23073942,806.9590409400479,824.8700414893754,805.8998103387524,822.3182373046875,12186182
4017.3258027448396,4085.6855752155147,3994.508288951376,4055.37060546875,3302642,1281.819549984778,1298.9419911656362,1280.9338836934899,1295.0550537109375,11570281,1791.0888644737497,1819.56180716774,1782.5327074778559,1796.0799560546875,4705573,891.9905313310416,905.0937654692016,888.6662041479593,902.7157592773438,44669084,1314.6467414933138,1317.0262168141671,1292.884726573221,1297.74267578125,19608540,3703.9406271680937,3762.811206672752,3687.309736367028,3718.56005859375,2510166,421.0378138404822,424.41035759923045,413.93766694127874,414.5589294433594,13957078,822.3182146362292,831.9959333561703,818.8033934913788,827.855224609375,10749716
4098.584762623309,4180.728007626903,4060.5867928833363,4157.4912109375,3746747,1295.2518809925427,1321.4767579162362,1287.7238973177443,1315.1788330078125,19210697,1806.2997139926326,1853.7388717964993,1795.7946087095554,1839.4310302734375,9050038,902.6672600453907,912.349070670313,890.6316728815866,905.457763671875,39682714,1303.0964459866593,1318.5628538088617,1294.966703202915,1310.7305908203125,16858723,3738.281871404723,3810.8889208755763,3689.2230541946874,3759.42626953125,2765170,414.9583263692382,419.57339521958045,410.4763590816044,414.9139404296875,27432375,828.1441384564639,839.1700227524034,823.9070984244045,833.3922729492188,14716036
4147.198819162285,4158.37474232194,4109.712910230939,4140.2138671875,1842087,1321.0831368877882,1325.6097291981625,1305.5351457750585,1307.552490234375,8942672,1837.4822303839658,1842.3781605401093,1818.088252003757,1827.5950927734375,3573331,901.2113107944992,904.7054828102569,894.9023463139778,900.6531982421875,17783156,1312.5646685095264,1312.5646685095264,1298.783657405313,1300.3204345703125,9037514,3759.867537340408,3810.8395976163874,3728.469896110008,3793.914306640625,1856562,417.1327297650406,421.5259532874458,415.09145472778096,418.15338134765625,7842234,833.199706421366,843.0218932764863,825.2553000902753,831.6589965820312,14520568
4126.19916212064,4162.474087112963,4112.322021739467,4146.40869140625,2066639,1301.008440803049,1307.8476391384686,1299.1879779810015,1301.205322265625,8000764,1829.3062538776032,1835.0103583375276,1803.6377838079438,1828.783447265625,4274645,899.585600026442,912.3733745717748,897.3289199910699,907.5203247070312,26947912,1291.8436769577456,1303.7409326166044,1282.0284168341586,1284.0609130859375,14650002,3794.699635845581,3884.4772742889863,3794.699635845581,3872.99755859375,3332753,418.4639618565727,418.9077368278381,410.8757108172056,412.6507263183594,12154116,827.1811795615839,834.7403787055949,825.2071268017763,826.266357421875,9630346
4122.193406026578,4185.1975942064855,4109.108442002176,4128.15380859375,2087828,1297.957930171136,1310.750540551898,1294.2677540997624,1309.2252197265625,8218214,1843.3764867481466,1868.664660829215,1836.721697987323,1852.45556640625,6174921,911.2570600965298,911.2570600965298,901.963517909446,906.59814453125,13325480,1278.2113501165884,1283.812998621138,1269.238788448007,1273.8489990234375,16043729,3880.5525653326586,3888.8925645249033,3827.8634418741863,3849.302001953125,2349493,413.00576919388504,413.982034779044,410.5650771030177,413.0945129394531,9163636,829.8774588919769,836.7626343106416,826.2663652334417,835.3663330078125,7379849
4127.502045111503,4143.148158287083,4104.358476029229,4123.404296875,1635256,1303.567008056277,1310.01256393174,1295.005847236935,1306.3223876953125,8138066,1858.5873457085745,1880.4530791874988,1855.7352935156714,1876.79296875,5025612,903.492253077643,908.4423993938311,901.0900171351183,904.1716918945312,14045426,1273.9978081396894,1278.9549980546296,1265.1244866020038,1267.2559814453125,11724373,3849.3018937465476,3873.3407142719752,3828.5501098048444,3843.0224609375,1237958,414.64764990839933,415.5351717369577,412.42885940098836,412.9169921875,7005617,835.3662917047014,837.6292201091063,829.0589268478445,829.684814453125,7006973
4125.825703197917,4177.002312539005,4122.054010099808,4149.01611328125,1914642,1300.467319981326,1317.392879799611,1300.467319981326,1308.04443359375,9076896,1877.791037372581,1900.227273174294,1873.370449502188,1889.0091552734375,6462130,898.2994568437374,906.8651010060448,897.183231769173,902.30322265625,17293790,1259.1262215126183,1267.25596445406,1249.8066803924569,1252.0870361328125,20906813,3856.0229883966945,3884.47710205153,3774.536246038242,3787.242431640625,1899867,413.13890698990156,415.2689256931872,407.5031586682021,408.7900695800781,13380617,829.588577653526,832.2848491458258,819.6219827317773,822.0775146484375,8845103
4130.389630221359,4186.222421425734,4092.624040484277,4166.66455078125,1967048,1304.206657466483,1325.658929951843,1292.5457246301107,1323.44482421875,13536684,1872.6099443049989,1907.500003205855,1857.4465798294907,1901.0828857421875,5362693,903.8804969466607,909.9468090067054,887.7441068669418,908.3695678710938,19009002,1249.2119494931856,1264.2817595214547,1228.986588963027,1261.951904296875,28630222,3786.3595813921,3824.6254595144874,3722.7793052182087,3813.83251953125,2300361,408.2575584671943,421.0378115655174,400.84679442097826,417.1327209472656,32976794,821.0182301359672,830.9367477307743,804.0701874198363,829.63671875,9379370
4152.787550664486,4167.6887843067,4095.045270300907,4111.99560546875,1646224,1323.4448020295467,1328.9061906725217,1318.672198220594,1324.6256103515625,9071006,1897.0424188970678,1900.9877808683423,1880.072732013709,1882.4019775390625,3119221,905.1422772502634,907.4959944793276,900.3620351992098,905.1907958984375,13107082,1264.0835044447913,1270.0321327010022,1255.7059013940218,1257.44091796875,9486781,3808.9265222894905,3840.7165396405203,3784.642408063147,3804.854736328125,918660,417.35459575232846,421.0378129462512,415.3577066901408,417.2214660644531,9354160,827.9515344064523,834.3070944496669,826.025617806868,829.0589599609375,6432713
4107.152673369455,4128.52681305927,4021.470576782156,4031.24951171875,3225027,1320.591043814433,1326.5937063526414,1304.8955425723648,1312.47265625,9879257,1870.9463322304846,1884.2559097971648,1861.439491111427,1879.1221923828125,5811050,900.8958970749953,903.8077269850552,886.4095551207139,889.6853637695312,21079532,1250.2528426173371,1253.078416496042,1232.1591005022085,1234.6376953125,17462791,3790.3332169161704,3802.4506006965134,3725.526473310008,3735.534423828125,1690180,417.1327264699478,422.2803140258282,410.96448733951416,416.73333740234375,20608409,826.7478560331779,830.6478254844673,815.6738353243519,819.044189453125,8791216
4015.6031250525107,4062.44869495374,3995.0207057764947,4049.2705078125,1575404,1304.108322781897,1313.6535308964567,1286.5922376487658,1293.1854248046875,8510595,1869.8054617493733,1887.060284654621,1864.8618349910091,1881.54638671875,3064095,888.0353013877913,891.0199388482123,877.0189020931173,878.74169921875,23422312,1230.027558928225,1249.162239402372,1230.027558928225,1242.5196533203125,12670179,3735.534708884533,3747.112638210369,3674.505585257353,3687.407958984375,1318341,419.5290388678347,420.5053045175723,414.38142310888753,417.5765075683594,12841386,819.4775061625006,820.4404644541135,805.9960900799213,807.103515625,8295338
3987.942872155441,4064.311698759071,3969.3163290813845,3978.536376953125,3015763,1265.4844508567164,1282.2132499737959,1263.9591299468714,1266.3701171875,11517304,1838.623014099366,1863.1031292043601,1825.3134369549032,1850.2213134765625,5323592,873.3548187057529,874.0827761662058,863.3575480971324,870.3944702148438,25380770,1228.3916379278016,1234.2411461229626,1218.4772582835096,1219.914794921875,14244653,3632.4618797708927,3691.3815667096774,3630.3524464645975,3646.394775390625,1856838,416.24520549634906,420.9934321229976,412.96140545412305,414.07080078125,15161531,794.0553903446263,806.9590550690585,789.8184090909501,801.95166015625,9453398
4031.7151268140337,4081.0754644719555,3867.3358891418975,3883.913330078125,4116989,1263.4671101390386,1277.0470069229707,1252.1014392500044,1267.84619140625,58491181,1877.743552521445,1882.3067661561822,1816.9948208472201,1827.3572998046875,11056720,864.9105130352275,872.3599918831414,857.5581899695972,859.7177734375,25692348,1213.5200660980383,1228.8873545167635,1191.2127119418244,1194.980224609375,20312896,3646.3949505772566,3654.882030481039,3539.20143062288,3561.523193359375,2796593,414.02640741203714,414.8695714730185,407.63629494293747,412.384521484375,20231570,803.9738871433539,805.0331177359144,779.9962025910175,781.922119140625,10244198
3911.6199645875045,3927.4061398642916,3832.317557835385,3872.737060546875,2195338,1273.9964575675247,1286.149413849784,1266.5177244802055,1276.1121826171875,6827512,1834.867922920088,1844.3271834459897,1814.855975875461,1829.4014892578125,2781793,864.8135067920166,876.4608267488114,864.4738169898098,874.0343017578125,11044592,1204.5971709809228,1216.6926661807136,1202.8125341694108,1211.834716796875,10052824,3600.9173598235134,3630.352651593188,3548.9641177590415,3571.97265625,1217612,418.1977397754907,423.9665895043808,415.00265554758255,420.9046630859375,19562956,787.025851437494,793.4776841679945,782.114787338898,790.7332763671875,4933200
3872.737858457334,3928.338276273141,3872.737858457334,3892.482177734375,1181886,1276.1122805813325,1283.689394924585,1269.6667242632777,1276.5550537109375,7138516,1832.015755380025,1846.2284355881454,1749.2586619372746,1814.9034423828125,2360544,874.5438211790217,877.7710517489787,868.4775092184595,872.6268310546875,14485834,1211.834663048231,1222.9883400626134,1210.5457452942906,1212.28076171875,6734917,3579.2821703192803,3609.747743489315,3564.0248303713397,3571.236572265625,627922,421.4815623327857,426.22976080207064,419.48464513072406,424.6322326660156,12009880,793.7183788955526,795.5961593356999,779.2258682332135,781.9702758789062,10602771
3892.482098814087,3911.527922278893,3858.628263566546,3882.79638671875,1208464,1286.149397655659,1291.8076677677632,1268.6333134333681,1276.6533203125,7338444,1814.9034908105154,1825.0757640546135,1808.4863732653307,1813.3348388671875,3623321,872.8452166518102,879.372544346817,864.2067650913875,869.059814453125,10481678,1213.767935093776,1217.1883476811242,1203.8535553911518,1206.1339111328125,10016178,3589.1432144579144,3596.1585297889987,3542.3902555550567,3561.1796875,1124705,426.49605137888494,427.6498327224273,422.45785886844703,423.3009948730469,9188830,782.8850840507691,792.3701996282533,778.0702926359427,782.35546875,8318714
3877.1146004513926,3893.832103292384,3862.446199068469,3878.837646484375,858100,1277.834372258314,1294.9566951975391,1277.834372258314,1286.6907958984375,4756066,1815.2361283318478,1829.258717915249,1810.0073661143083,1822.2236328125,3937500,871.0253675774094,876.4364704987394,868.2590937552997,872.6996459960938,7259330,1207.86900439277,1217.3867853075249,1206.5800865394056,1210.595458984375,7000397,3564.0250117517803,3575.063246103768,3535.669109990014,3540.1826171875,1309122,425.78600188340243,427.69417528170976,422.4578160167487,424.7653503417969,16906420,786.0628842447148,787.9888009322062,767.6704033888981,770.0296630859375,10649800
3865.938955213331,3910.921874141445,3829.617196780828,3873.203125,1527169,1284.1320718868315,1305.3383325760412,1268.8793435378464,1273.9964599609375,14207425,1821.2254956591669,1821.510747311123,1793.4655661808106,1812.00390625,7789055,869.7635560951499,880.8285332674382,859.4751142791366,862.82373046875,22222218,1205.9852538075309,1212.7269598518426,1197.756269680847,1200.333984375,8818766,3539.9860621495345,3554.8019208726373,3498.8748688467635,3511.5810546875,1591690,426.67355353066995,427.294816060941,422.45784551297163,423.3453674316406,13578360,772.292577441985,778.0221912364731,755.9222859001974,759.1000366210938,21515438
3851.0379404710184,3855.6481919731173,3755.157851490963,3813.5986328125,1555429,1266.3701041548643,1269.3713754212274,1259.6785365277274,1261.203857421875,8449607,1798.9794709559926,1803.4476395627287,1754.0596496753712,1787.2860107421875,3613063,859.1353716990042,864.7163785916373,856.8544029024364,860.3728637695312,14117236,1197.6570485426987,1208.6619856280877,1195.8229125326573,1205.043212890625,6405475,3495.489813505843,3552.4471478790047,3483.176002545589,3539.74072265625,1267628,424.6322177071176,430.1348363036615,421.1709021796047,429.247314453125,13787501,757.8000566357981,769.5962959772957,756.8852344830239,765.5037231445312,9086044
3813.225406604323,3850.106048966684,3804.89007492924,3830.0361328125,763161,1261.2039030056599,1272.3728127979782,1246.8859706361397,1263.1719970703125,4705399,1781.5819053214227,1799.5973216045268,1781.5819053214227,1789.6627197265625,1838368,860.6640693133434,870.637110073425,854.6705648241472,865.1774291992188,7313806,1204.4483521073844,1215.800389087432,1201.2261788160188,1210.7935791015625,5892590,3532.234950153374,3619.559647532166,3532.185843425619,3598.46435546875,1202029,431.3330125070726,432.0874047386494,427.9160826223791,429.51361083984375,18931186,766.0814709969738,769.0666770195652,760.2555849821816,763.8185424804688,7273098
3837.0680112666887,3895.7416240603297,3815.6011015015547,3888.989501953125,1720835,1264.5988495821298,1272.7664882086394,1258.0057823459824,1270.0111083984375,7433222,1793.9409285299619,1865.8602051810894,1792.3248119514092,1861.296875,7083645,862.4354683380634,875.2232427161829,860.4457297678027,870.5158081054688,18558576,1210.7936258321927,1233.7949384205442,1209.554328364606,1231.167724609375,15486276,3607.393077046229,3653.9989538368345,3581.342796952162,3643.598388671875,1882900,430.75611694752047,434.8830529409553,428.0491934724373,434.0399169921875,27131131,765.5518634653022,772.6777785343264,757.848196914708,771.522216796875,11398319
3892.901405684608,3892.901405684608,3811.2704382055867,3818.348388671875,1791953,1265.6811494083963,1267.4524819820733,1242.1132728120124,1244.86865234375,11194997,1856.6384617090841,1856.6384617090841,1827.214835312903,1843.1387939453125,6218003,869.181218624921,871.2437647886038,847.4881097293069,848.8954467773438,24426194,1233.2498182568117,1251.244443122699,1224.921714407087,1240.437744140625,15521102,3638.2017563930235,3649.8776586605363,3582.7161881701013,3591.007080078125,1290107,435.104912655584,435.7705610825458,425.8747471935482,427.42791748046875,38500784,771.5222327205842,779.5147751769242,762.8074715102198,764.0111694335938,13336514
3823.563603014824,3864.681605615779,3787.148620607623,3813.78466796875,2085593,1247.8208957681682,1257.3661039966464,1236.9471279387867,1243.933837890625,7504047,1855.7352837034794,1875.69964894824,1832.9188662808956,1842.2830810546875,7164403,844.4791507386858,852.7778537230372,827.8332261221516,830.1141357421875,18816348,1243.213556672038,1251.1946805005002,1204.5970973122883,1207.5714111328125,14816766,3615.389489506093,3622.748311996437,3518.0077385505383,3535.37451171875,1212012,419.9253105618029,425.5937435344478,406.69894820698454,407.98931884765625,22009958,767.8629313364202,768.055475966793,744.5111937959167,747.6408081054688,11419367
3832.364669490885,3856.020287112112,3736.065309985075,3751.6650390625,2669054,1246.2955634538516,1268.387371227451,1246.2955634538516,1258.8421630859375,7539758,1849.0806215360017,1861.962437838805,1828.7835386947554,1835.62841796875,4294832,832.2980215119891,835.209851324859,825.0184469798143,831.5215454101562,13527906,1211.5371275851955,1233.8444805890147,1210.7935491517349,1230.2257080078125,10070505,3539.2014334818487,3581.146723932662,3528.0158789679554,3574.719970703125,1453540,410.61619292699265,412.551763098371,405.68510619666324,406.56072998046875,14294780,750.9629781385199,754.8148111917903,746.1481868219319,749.9037475585938,9669152
3757.811618423141,3842.6556080381715,3741.839449635328,3826.26416015625,2181277,1260.1213925757818,1264.500353533012,1232.3711960120443,1243.58935546875,7566309,1834.8202633622047,1842.9961231909604,1795.6045452981161,1837.81494140625,5482050,829.022239132803,830.6722879270967,816.9381331798057,822.2522583007812,19738190,1238.3060678446636,1260.167324257905,1234.6872949225542,1254.664794921875,19346579,3593.0679428266913,3594.8832149675354,3522.4232426946537,3528.65380859375,1813201,408.31192319196157,416.65327289988676,402.8739144906199,414.3490295410156,13482926,751.9741707073787,754.911181809416,731.9445907621887,742.5853271484375,15641490
3819.372861544339,3853.599136272882,3748.871437714519,3761.490966796875,2392472,1237.9311554007072,1244.5734728084612,1228.1890658447487,1242.260986328125,8684920,1838.6705399259386,1855.5926464465324,1816.3294646707038,1822.74658203125,6833503,817.3263871062876,819.6801043914131,804.6841687860751,809.3916625976562,40420222,1256.1518282285128,1258.8782824728921,1237.364128300027,1244.0067138671875,12794704,3532.136640437175,3538.4163127933175,3420.3807501834913,3461.491943359375,2921681,414.2108186154645,424.57991468291425,411.12312660534036,414.85601806640625,19732649,742.5852812864381,742.7778259178452,699.3484321602015,732.2816162109375,15351029
3911.5740395746316,4001.9127733457603,3883.6342250062416,3972.715576171875,7894300,1238.9151869887507,1244.7702186556908,1223.2688154875007,1229.9111328125,7854524,1841.475056372847,1880.2630131182193,1836.9593070090002,1869.947998046875,8036913,810.9446489326335,812.8373502667392,802.6944639943603,804.029052734375,17453280,1243.114481097643,1245.9896754309787,1225.4173374439545,1231.266845703125,8120332,3434.0681338002832,3485.334598319579,3426.5622305068487,3469.586669921875,1794238,414.71772931211405,416.60719760759747,407.8510728791192,410.0631408691406,9145729,732.1853132713054,735.1223830791824,714.5631882955921,715.71875,11779296
3953.48417981758,4026.081320920444,3937.0927292528613,3996.41845703125,4003771,1215.1997021699149,1224.1052557235084,1205.3592318634503,1210.1318359375,9669336,1859.538056114521,1885.0164358188285,1852.8832675701437,1865.4322509765625,5804152,795.9001470292906,799.1759555612708,788.2808827329198,791.4595947265625,21669066,1219.4687349455062,1234.5881643828388,1215.899582365329,1229.234375,13764861,3439.562633790394,3467.967639827642,3383.684691293909,3399.089111328125,2137212,400.93834065834005,409.2336166719609,400.93834065834005,404.67120361328125,17799607,714.0335881192036,716.3928477377098,695.7373801970662,702.4780883789062,10414733
4006.5694375522967,4017.6521397931906,3929.3156678223904,3942.354248046875,3441709,1213.6743510380347,1224.9908916090162,1207.868449677033,1220.5135498046875,10342698,1871.7543886244132,1874.5589763818855,1835.8660634362316,1844.374755859375,5792162,795.8516298211142,803.7620652641559,794.4442335639691,799.1031494140625,26661432,1233.4479678208604,1242.6187691440975,1216.742262047884,1228.143798828125,13095266,3400.6102099138716,3426.2187693846085,3383.6849175705347,3397.42138671875,2924491,406.468518001142,406.92936666100724,401.72178243012405,402.4130554199219,18048459,705.800278346691,728.9594130704888,705.800278346691,720.437255859375,11960975
3928.338036632813,3964.1477485251917,3918.5127168051804,3957.76806640625,1653474,1214.3138943569554,1224.5480063080474,1210.3777066929133,1218.49609375,5355382,1850.981884706997,1861.4869901029845,1841.5700892018165,1853.501220703125,2985439,803.9076993782851,806.9165665577839,794.1045624787163,797.38037109375,14022892,1234.2905907014622,1246.2374660533972,1231.2171573529768,1241.478515625,9578856,3405.957458707444,3459.774836941175,3405.957458707444,3435.49072265625,1155446,402.4130665906223,407.2058759094838,401.2609449089771,403.1043395996094,9786805,725.252061939764,730.7890721249498,722.2187198068513,725.7816772460938,7792299
3967.4536113637214,3999.118734083526,3903.9837578032057,3917.441162109375,2637705,1225.2369076646085,1235.4710205893364,1219.8738995113004,1229.173095703125,11895924,1868.9973329214629,1869.948017007702,1822.3187674971882,1833.3466796875,7533579,802.1363163454865,805.873200199019,797.2832665938832,801.7481079101562,21212454,1248.1212833322295,1264.0834104275011,1240.586378973141,1255.6065673828125,14117603,3468.45838299686,3476.7492752112885,3418.1730952660005,3441.868408203125,2305460,403.74953568775027,405.0399345529054,397.34375562074734,398.95672607421875,15774070,732.2334984141427,747.929706597395,732.2334984141427,737.9149169921875,11816079
3945.5156582213353,3946.179768328342,3888.7499900580783,3911.750244140625,1761466,1223.51473271735,1229.0746219251816,1198.569166937447,1205.9002685546875,9790533,1759.7161759087412,1766.3709642563163,1722.6394979722525,1725.9193115234375,16409953,797.5987456720695,800.9958805790999,790.31917087129,794.3229370117188,23112076,1310.9288585996749,1314.6467509950228,1273.997794139219,1291.19921875,29366277,3457.665425707677,3512.4642201709044,3445.842202889545,3501.474853515625,1600246,399.09496873161544,407.20589448929087,398.63412003792996,405.731201171875,11270061,737.9149066564445,739.5038113032925,731.2705298930534,735.79638671875,5766573
3932.1425484323627,3932.1425484323627,3858.447160711793,3867.647216796875,1287799,1204.3752079938956,1221.9404238041425,1195.8631769905248,1213.28076171875,7676418,1733.0496195308024,1737.8030402662885,1704.7193015774908,1723.8756103515625,4333011,789.1059123060181,806.0672979791628,789.1059123060181,801.35986328125,17557618,1304.7324245206253,1304.7324245206253,1289.1172758229052,1294.272705078125,14040244,3507.607068183891,3549.0617669668163,3489.5535200348877,3525.366455078125,1593334,404.6251056122919,406.65285087793734,401.8600137743947,403.4269104003906,8742771,740.5149313492541,755.9222641211501,739.4075057965499,750.38525390625,9198929
3884.245030505511,3899.135870393051,3822.3102791739225,3827.85888671875,1971591,1217.216791341657,1219.1848851844006,1173.6727150709557,1177.0677490234375,20520898,1729.3418737355341,1741.3204695981628,1704.6240883474466,1711.896728515625,7169109,804.756952160241,806.115829748555,792.5272908307279,797.0648803710938,31158144,1299.2795231523412,1301.7581181984158,1259.324522599558,1262.7945556640625,14562976,3544.7450409346275,3574.720027879145,3461.688554449648,3474.44384765625,2576596,403.7034408317465,411.99871701322076,401.16877310962934,403.2886657714844,15686500,755.7296474236301,755.8259785163474,728.044596835733,730.9334716796875,13751780
3841.2798581228535,3948.598485486215,3835.77871966863,3942.38623046875,2409223,1181.840346118592,1188.236651072606,1172.787162540538,1181.299072265625,10377123,1718.266356355729,1773.786327477544,1716.127317266663,1764.8973388671875,8373913,797.0648841596673,811.3813805875693,788.8389294808721,808.5423583984375,30619306,1267.3552034506358,1271.9157939003728,1257.83730213362,1266.1654052734375,10273590,3495.931358053237,3514.917216368667,3424.4036974855876,3451.974609375,1626055,405.45465494630946,407.34415137338146,402.36696322633964,402.78173828125,9619648,733.7742364327505,734.7371947482791,710.6632368600655,725.5409545898438,9908339
3953.198226312215,3975.3449548724125,3926.688470425829,3931.810546875,1822998,1178.150279677383,1188.6304043313805,1167.0797508434964,1182.5784912109375,8770650,1766.370941552174,1786.8582289789933,1761.3322697336553,1773.4534912109375,5907471,818.70954271768,818.70954271768,801.3598888041311,807.9843139648438,34909158,1259.126173066555,1266.4132176584087,1250.7980702365203,1252.83056640625,8720682,3426.267674714997,3461.393834523996,3395.4588343972428,3437.305908203125,1993204,400.9383635063573,407.2519962354426,400.10884148331786,405.731201171875,8888248,722.2187354602709,727.6594734437961,715.5742995843119,718.2706298828125,10986405
3892.49689011529,3962.683237549143,3892.49689011529,3938.355224609375,1910099,1183.9070048715128,1198.569330226456,1182.824577120033,1189.90966796875,9216792,1773.501188842313,1801.4513245969808,1772.312833717117,1782.96044921875,4887027,805.6062761215885,810.6049411699597,798.0840488445496,800.6561889648438,24236200,1255.1605533566642,1262.1006196074513,1232.8531975505623,1235.6292724609375,14235970,3448.344280291684,3454.820140016338,3381.182807077918,3393.10400390625,1206454,404.99380003866463,410.1553106977586,404.6712003484769,407.02154541015625,9665384,722.1224594960153,725.7816893156935,711.6261904172143,716.58544921875,10579213
3890.599675788401,3942.148791419916,3832.7908361324735,3855.648681640625,1551782,1175.9361728164579,1214.9536606503923,1174.0664594794448,1208.3604736328125,16164687,1757.5772848453794,1771.1245336940863,1722.639643077662,1732.146484375,7652371,796.433983923838,797.6472463633178,789.1058906376462,790.9500732421875,22804166,1228.4907387555406,1229.8291557820492,1209.5542981292017,1218.82421875,9536019,3382.310964343468,3428.1318506048647,3337.1277468724393,3392.564208984375,1552938,406.2841788337263,410.1553189378108,402.36696511353375,405.6390075683594,10480203,712.5891362148737,727.3705224901476,708.6410307266503,721.4483642578125,11433353
3861.007745197988,3890.599779117484,3820.69802052405,3832.07958984375,2468272,1227.4509517938643,1243.8353577059515,1216.28204282006,1227.0081787109375,18066499,1739.7519532584283,1771.5998715284597,1734.9034874184256,1739.5142822265625,6999495,799.2973542955573,817.3992549290822,799.2973542955573,810.6535034179688,30179312,1227.400329601704,1234.0925365684338,1208.0672872533735,1223.8311767578125,10568025,3399.727041435355,3416.603227219977,3339.9734958614013,3349.637939453125,1657689,405.54686138859637,407.2059054794515,400.4775256212389,401.3531494140625,20813072,728.9594308479976,731.6075661648166,717.7891381122306,724.5298461914062,14140860
3845.0732274227375,3896.148108723218,3845.0732274227375,3888.5126953125,1217089,1232.0268875547777,1235.7663143361442,1223.2197146425951,1231.6824951171875,7666777,1754.0120684956396,1795.5094503993766,1749.7339902797964,1788.474365234375,5145155,812.8857890816031,815.8704263644069,809.9011517987993,814.0020141601562,12619890,1225.4173498520336,1232.1095562529247,1217.53546627882,1224.921630859375,5928156,3366.4159666711275,3389.964198440322,3347.773616520515,3384.763916015625,1238704,401.81399087571464,403.2426105877509,396.42205548568967,399.4175720214844,15158510,725.1075785552505,732.6186413192878,722.0261003310969,730.355712890625,9251973
3888.6080671418995,3917.0619915773636,3849.3417440444105,3888.750244140625,1531251,1230.058696999526,1239.7515355072983,1219.72620394473,1235.5693359375,11921041,1780.7738303869369,1794.1308715011382,1753.0613674474346,1768.2247314453125,7336056,815.7976693049923,823.9993352943973,811.696865930955,820.8933715820312,25744846,1224.971246456504,1246.237542749693,1221.8481926097397,1242.3214111328125,9269259,3389.9642782998344,3451.5822007897996,3331.0936974899964,3356.55517578125,2717740,399.09499054178985,403.7034777304941,397.6663707644809,402.04443359375,22496695,730.4520203133268,736.6631132188579,726.7927904600431,734.3519897460938,11085824
3898.1871578608666,3915.6865044368305,3874.7126731511203,3900.46337890625,1492943,1234.4870409428568,1235.963111537846,1219.332692143045,1232.814208984375,10195417,1778.729881094765,1803.875428129993,1778.729881094765,1787.095947265625,5820470,818.830797136207,827.2993450265934,817.2292670650723,824.4118041992188,15821686,1245.09738698474,1256.1519448799122,1238.306060895825,1254.2681884765625,6584612,3435.147386229306,3522.422971557076,3415.523859925367,3500.248291015625,3995513,402.32089335691995,413.10476360530413,401.0305226922514,412.4595642089844,13546181,736.5668412651819,748.7482287285419,731.3668428360176,744.2705078125,10083763
3901.032960408717,3922.7526963272944,3846.970505085766,3863.236572265625,437172,1231.1904328305643,1241.2276642201673,1214.117241339197,1235.520263671875,3011914,1787.571323971164,1797.3633003755383,1754.9628135718901,1760.0489501953125,1701402,823.8051750140157,831.3274019434516,813.3954072501344,820.6264038085938,5587528,1254.2681799336815,1259.6715896071485,1230.374548522757,1253.7724609375,7118453,3510.6489825054387,3560.885163747996,3337.961944796954,3382.60546875,4752505,412.92042997358686,434.5803185994335,405.1320757909766,426.33111572265625,30393007,746.1000586507049,749.9037555863902,724.2890890176571,737.6260375976562,9363077
3823.1639848038094,3866.8882740010763,3792.6234860032378,3858.968505859375,1265713,1226.9589513144845,1239.8991931084147,1218.0533982313877,1233.0108642578125,6176831,1745.4560668085503,1784.0063547913574,1742.033627142517,1771.4097900390625,4823228,810.4592960980566,818.6124432523412,807.2805248629369,814.3417358398438,20276540,1240.2889757645512,1245.2461659154887,1226.9541826685895,1235.232666015625,9252345,3355.6230688993624,3355.6230688993624,3208.446618509039,3227.28515625,6077580,425.8242034381593,428.77364640147414,416.88372730958895,418.7732238769531,16991730,734.5445718854385,734.5445718854385,725.2520596511663,732.7631225585938,7862190
3873.242905885086,3906.5815588564824,3856.5026066809596,3895.389404296875,2547132,1242.6546259748302,1260.0722101946521,1239.8992462672875,1247.9683837890625,14839077,1795.8423067996916,1816.9474478919842,1782.5327290891591,1805.1590576171875,7334787,819.534460691003,837.5393220656948,815.3366201880791,835.1613159179688,28616502,1237.3642207434832,1277.7653184740125,1235.9265630557768,1274.196044921875,16691069,3253.5808242038374,3384.077280663159,3244.995531015724,3374.41259765625,4742516,422.13740225440523,424.30339673436174,413.61170144468196,419.51055908203125,18923681,738.5889944967314,752.3111498703669,737.2890243394788,750.3370971679688,12020807
3936.1259160718655,3936.1259160718655,3865.9395744358853,3880.261474609375,1693912,1249.9364358288246,1257.366038635732,1244.9670706142904,1247.476318359375,6840709,1812.0038151596648,1825.0281403385413,1800.88085809743,1803.4952392578125,4996744,841.0334885893271,846.4688803989707,834.1907005592836,843.3629760742188,23675506,1271.6679530846961,1279.4507170461238,1265.7688244708304,1267.2559814453125,10112028,3379.8091095689065,3385.9905686499983,3315.836457728667,3319.515869140625,2670316,419.5105361259467,420.1557355112139,411.53785980899255,413.05865478515625,12836283,751.107474382643,753.0333909836241,736.6630998752845,737.6741943359375,13419162
3893.8244160755,3926.1671344471406,3842.749763323274,3872.341796875,2284536,1254.6598163131562,1258.5960039721779,1243.0480146698765,1252.101318359375,8396554,1822.46137881177,1829.116167362465,1806.2997494743677,1821.177978515625,4765255,842.2467875560731,848.7984047453597,836.6657803207547,846.299072265625,26760716,1262.7945076095025,1276.9721191435924,1259.4732145791813,1270.577392578125,9956001,3339.9242025552717,3339.9242025552717,3279.7780460632407,3289.638916015625,2874856,414.76383123938655,414.76383123938655,403.88781313807607,406.56072998046875,17469129,740.5149273858113,742.2963767183029,722.2668559769037,724.3853759765625,32745391
3879.218228908592,3879.218228908592,3801.444171507491,3821.7412109375,1548940,1251.707841237699,1254.6599823726938,1229.616033126662,1236.8487548828125,7382039,1824.648004479721,1828.8309215990796,1796.2699917999128,1809.769775390625,4126260,849.2837426225924,857.5339275509261,837.1511177279839,840.9122314453125,23509600,1265.2236540965398,1272.7089385364054,1251.1947819010975,1255.8544921875,8764283,3303.6206611792763,3306.515083407039,3248.773000846423,3274.087158203125,1722789,405.5468681216365,410.616203973157,394.85517233647147,397.11334228515625,18875982,731.6557177630287,731.75204885935,704.6447487163948,709.8928833007812,37240692
3831.7949614241543,3843.176530616503,3807.4669498989556,3828.902099609375,1339511,1237.143764104477,1244.8193782805915,1229.4190196551453,1242.4576416015625,5740361,1811.0531389851265,1811.0531389851265,1785.9550565261386,1787.5712890625,3828734,833.4142336911924,836.3988118099606,829.1435263354559,832.6619873046875,17195950,1253.673337746878,1255.6562137259161,1234.8856362555493,1242.916259765625,6970972,3284.782101722402,3285.959465386548,3232.0438750085987,3265.992431640625,1236663,393.5647642710035,399.37144626315796,393.103915600897,393.7491149902344,12227140,712.5891688607044,716.3447298819926,706.233667350861,709.5076904296875,12667049
3811.308028813468,3831.7949459001434,3751.1754977809574,3759.284912109375,1810908,1235.815414286521,1241.7196963503554,1228.48431210643,1232.764892578125,6586627,1790.2331848086437,1809.1518213900456,1777.7792464526458,1783.150634765625,4411601,826.4743520691721,830.3567917735487,819.5344674010676,825.6978759765625,22724704,1253.7230036544372,1253.7230036544372,1219.567891058193,1224.2772216796875,8859714,3297.6847117439966,3297.7338184720784,3170.1808888673863,3178.66796875,2593537,395.2238434422364,396.836813931307,384.80867382114087,385.5460205078125,14288751,710.1335578124041,712.7335567858637,699.6372896053772,704.0187377929688,13017060
3766.446193388272,3814.4858114252734,3737.0910418049134,3746.57568359375,1678002,1237.1437132102558,1249.49354984024,1224.7939967031841,1231.8299560546875,8809352,1792.0395140512057,1801.1660581275596,1755.9135185424811,1771.26708984375,5633947,821.6213102303759,830.8421046157138,815.8946879155817,828.3185424804688,22809570,1209.0089844264594,1216.3952699200001,1183.1324776076385,1206.1339111328125,21131654,3197.6536043221495,3237.8818331583598,3161.5953748165225,3227.7265625,1632415,386.80994975406657,387.4185038147077,381.61379694988227,383.76715087890625,13884574,705.992919921875,711.3373268740813,690.5855867123075,705.992919921875,12697743
3763.5057059907817,3779.1078947757164,3701.144188811121,3708.636962890625,2277310,1232.5681139223714,1245.8034979804984,1226.0241773689,1228.976318359375,7263785,1776.3532848619434,1781.106705479717,1745.1233346132335,1752.3485107421875,5237744,824.5332029174352,831.934104238501,821.8883143385714,823.9022827148438,12602434,1206.629682868639,1217.4858807075602,1201.622872489872,1205.687744140625,8511216,3227.726895364606,3252.501599824765,3191.7177688701327,3202.21630859375,2127644,383.81395645691885,387.55893945511997,382.92451156606495,383.57989501953125,12989029,707.1965624268578,710.1817094926294,699.2521568630419,700.6965942382812,12370571
3722.7215010647665,3744.536174828968,3699.009899147157,3732.06396484375,1681975,1232.125182860914,1243.3433423047895,1224.5971995418054,1239.99755859375,10368438,1762.568310549922,1767.6069826690268,1738.1832403249714,1764.8499755859375,5292961,825.9405276867242,825.9405276867242,815.3123371576534,822.5191040039062,19959892,1208.56289732395,1213.5200872227356,1195.1288642881832,1206.827880859375,10298145,3213.4017062314106,3223.949352168714,3160.908770636458,3176.70556640625,1378340,385.49918673722794,389.6654917445899,382.3627577670518,384.0948181152344,14124236,703.8744122850989,705.7521928080495,689.6707767316124,695.400390625,10417539
3657.7517993998813,3731.257767104663,3657.467213858333,3703.278076171875,1799806,1231.1904296875,1238.0787586965241,1213.5759643398394,1231.1904296875,8386151,1747.8801254076848,1761.3797918708847,1732.2888845014002,1751.4451904296875,4428956,817.8359099627821,834.7245465784594,815.918979031997,833.4384765625,12938946,1200.7304615718228,1216.9900679473901,1194.1869953911457,1214.412353515625,8166683,3153.0593133707102,3178.42257833882,3134.416962685713,3161.203125,1966689,383.6734960648676,385.1714949759147,380.81795796252226,382.5500183105469,11975265,692.4151383583221,701.7558454140641,685.1929512700127,700.7447509765625,9093600
3697.492804650458,3722.1528742505816,3665.339960372217,3673.591552734375,2149879,1232.912442887429,1237.537415485285,1217.3153228151366,1223.2196044921875,8135042,1751.445375977347,1769.8410902296603,1746.977091046225,1760.619384765625,4365260,831.3517231291166,840.3298652963055,828.0031069049801,836.2047729492188,16350910,1214.362863790828,1219.3696743222742,1205.6877809072391,1214.908203125,6673250,3166.256065891852,3179.9925347243548,3123.0843067039864,3159.534912109375,2428215,381.98828064755554,384.6565868517638,378.243297503952,379.4136047363281,12998403,700.7447443190354,701.2743596122846,690.7780909672726,698.9151000976562,8562003
3672.6425540939376,3675.2508303067148,3573.9548205315027,3589.0830078125,4366672,1215.150440982361,1244.2782088063445,1210.6238487061553,1241.52294921875,10683412,1756.2937934312417,1758.004955145868,1716.840404092615,1721.498779296875,4611411,833.268662828246,843.4115489066289,831.0605014404679,838.21875,11884112,1209.0586678925579,1222.1952216847485,1207.125412159616,1216.9405517578125,6217338,3159.5350127175934,3240.6784906837115,3151.146146335195,3214.235595703125,1677978,378.99226598682156,382.73724896523663,378.7114036922215,380.4902648925781,7079032,695.3040270429543,707.6298814976512,695.3040270429543,700.3595581054688,6766606
3567.6478288188787,3592.782128290818,3557.9735409942346,3584.625244140625,2888572,1235.323399403501,1243.8354301295267,1226.8606190775215,1230.009521484375,8398849,1716.5077280780874,1740.7025920720746,1716.5077280780874,1735.14111328125,2218020,830.3567961314325,832.152400807599,817.8844822121968,818.7579956054688,26390510,1213.4704313005311,1228.738599945727,1211.5371757067999,1222.4429931640625,7795582,3198.684167030369,3223.605951743544,3186.6156494153197,3214.1376953125,1236693,374.45150926845105,378.1496629377972,370.940587610997,376.4176025390625,15355585,698.0485270359545,704.4040285962709,696.5558945833883,702.6707153320312,7423268
3581.4955514917533,3620.287642408916,3580.4521483085296,3590.88525390625,1833931,1221.3007691973355,1224.843314551203,1205.0148626007026,1213.28076171875,7786428,1731.956275207461,1739.6092122968646,1717.1255109603246,1725.4915771484375,3379879,815.74907568617,822.567574466393,813.977700828203,821.3786010742188,15680940,1218.1797397323817,1229.3830367840985,1211.6858938870325,1217.634521484375,6904025,3214.1374761511306,3262.3130903234783,3209.3295683975134,3252.69775390625,1706850,376.41761935814907,377.54112576751635,373.7493416368229,375.3409423828125,8240986,700.359526366243,704.5965661934869,693.3299428670359,695.255859375,6571602
3550.2436192378755,3569.2603724469545,3480.863556771993,3486.175048828125,2508516,1207.1304651110468,1212.2475818317712,1190.9429392289517,1198.9136962890625,11522480,1711.2789698500455,1718.8368620656656,1663.9348549947076,1677.101806640625,7594720,815.8461881773111,817.3506217636291,806.1400885993494,813.9049682617188,20693646,1206.1338768607443,1212.7764626626977,1200.1356289010387,1204.1510009765625,7172498,3227.7758172868807,3262.901978815365,3188.8231637798635,3196.378173828125,1512844,374.49829943659796,377.6815292674185,373.3279922508586,376.27716064453125,7037625,684.1818648659195,693.089229046088,684.1818648659195,689.8633422851562,6912148
3438.1824887498096,3469.4818051991183,3434.625748244206,3442.498046875,4101954,1207.0320830347105,1212.0015686679765,1201.5214435997075,1204.6212158203125,11059417,1659.0863139546623,1690.744023588038,1659.0863139546623,1680.524169921875,5092963,810.9931388087847,819.1948048046805,810.9931388087847,816.4528198242188,24138708,1200.6313497853835,1210.5457292220917,1191.2126893205104,1193.6912841796875,11552182,3172.142961183161,3187.7926751766895,3146.0435759227034,3165.176513671875,2529084,376.3708172507043,381.05204632098673,374.96644852961964,379.03912353515625,15760891,692.318880181649,692.318880181649,683.7003916586949,684.5670776367188,8599635
3425.5677363307773,3450.512388419143,3415.1346312530945,3426.3740234375,3823856,1205.6052412387521,1215.1504493679895,1199.0120540726923,1202.9482421875,12008162,1668.640674098442,1688.2723238346587,1664.7428925260701,1677.2919921875,5757079,816.5499163188684,830.235493033587,816.5499163188684,825.358154296875,35786800,1202.416039651657,1204.597154814102,1190.370043898487,1196.7647705078125,11509215,3177.0489747843317,3197.1630896648376,3124.0654526600715,3149.08544921875,2572065,379.0391368935452,380.5839368267905,374.0302158974239,375.996337890625,19051003,689.4781266274379,691.1151674539011,675.1300247842662,677.8263549804688,12033139
3400.1963006835795,3414.470731581497,3278.8403664103434,3303.737548828125,7085018,1196.6011747582393,1205.4575979266801,1180.9548031360748,1184.8909912109375,20215075,1668.4982752722037,1668.5457398498413,1599.4785126706022,1604.4696044921875,12182167,817.7388430279666,843.0960267361039,817.7388430279666,840.7423095703125,54516728,1191.7084634163882,1206.9270123506615,1183.0830013175257,1189.82470703125,23007298,3139.568164101987,3139.568164101987,3081.8749462348164,3104.294921875,2494680,373.5620607013944,376.8389208829856,367.1956009202271,369.81707763671875,31954776,674.9374748612561,675.3707590632506,657.3152915031974,663.28564453125,15780609
3305.3972886171223,3341.6760393458467,3297.0032889623258,3313.032470703125,4990439,1191.188847446512,1197.5851526992194,1184.9401732626818,1186.9573974609375,8158881,1608.8427856333933,1643.3525496222132,1608.8427856333933,1624.3388671875,7504969,844.3336059197142,845.9108470636534,822.1551333662954,825.7706909179688,21205364,1193.6912720117396,1196.1202465389174,1146.1022512006402,1161.2216796875,17944938,3106.3552595666883,3166.256124456815,3100.5173081138937,3137.115234375,1352460,370.70650179069327,373.56203978887015,366.2593346503496,372.1108703613281,10702826,664.5857216898627,671.5671696530677,654.8116710316503,669.544921875,10598479
3294.964557324782,3367.9962990962294,3285.764501101665,3350.02294921875,2797737,1187.8923015092375,1197.2407475483415,1187.0066352283177,1191.0904541015625,9574490,1611.4095762179882,1615.2123126810395,1587.6424733239176,1605.0400390625,6759673,824.04786119963,831.9583561196923,821.7426625301964,829.8715209960938,19920958,1152.2491409974891,1163.948157257321,1149.6219272411693,1151.9517822265625,11377373,3111.35923233798,3160.3689418475724,3108.1704092827163,3152.51953125,1442098,370.19155946983375,371.8768189431307,367.80414426427035,369.6766357421875,13404774,667.3300691464701,691.8373684334783,666.4633832092842,689.5262451171875,14386214
3339.3997995005207,3414.8026927498004,3339.3997995005207,3364.24951171875,2501894,1197.5852173719204,1206.3923901078597,1191.9761974350436,1196.305908203125,9052846,1608.9852468032536,1647.4879525703643,1608.9852468032536,1627.0958251953125,8180782,825.9647760106438,830.2597724194886,819.316121569752,820.1654052734375,21583872,1151.0595745918054,1172.8712116641736,1147.0938223968292,1165.5345458984375,8664095,3152.519713999044,3183.91735820943,3127.84322382045,3178.66796875,1945855,369.34893741865807,386.4354218493058,369.34893741865807,379.226318359375,15665018,690.970715357852,704.2113919626877,690.4411000485206,703.2965698242188,10409805
3373.6869322947687,3423.4338299242468,3353.8641244726305,3415.988525390625,2786513,1208.3604997504162,1208.3604997504162,1189.7128566225836,1198.6185302734375,11949475,1630.4231429408271,1637.3631829139892,1607.7017709749155,1631.231201171875,10610547,818.7094845214233,824.9699304836942,811.5512362127743,820.7477416992188,32966088,1186.75131332057,1203.5561393973805,1175.002796955133,1199.243408203125,14468014,3188.9212846995256,3204.9633739617284,3154.48189971204,3198.53662109375,1854837,383.06496126915613,383.57991359952393,375.01324171862086,379.8349304199219,17869996,708.7372906926826,709.4595093992308,700.0706662141035,704.93359375,10928847
3414.4707542689284,3438.1823567291294,3390.1899807262357,3425.093505859375,2051315,1191.7792822265046,1198.4215993904008,1187.0559287614878,1195.17431640625,6620284,1619.1100684643093,1620.9163914654462,1592.871210498742,1602.8533935546875,8019331,816.2829306934012,825.5765323887408,814.1475770525966,819.8013916015625,13372914,1205.5885908312287,1244.0564330934674,1201.622838887705,1239.0992431640625,16474965,3198.5366351008324,3227.088962235665,3179.1095353253827,3183.622802734375,930240,377.82199696260744,379.97537953583947,376.08996501773333,378.1496887207031,11180761,704.9336444546556,707.6299160648454,701.0336749136387,705.6077270507812,7246729
3420.636010676855,3435.4321442725973,3397.9678097594306,3404.654296875,1004626,1188.7287844485525,1206.2448692222129,1188.7287844485525,1195.469482421875,7363437,1602.8533592169706,1634.225933863566,1593.5366088108908,1617.5413818359375,7558981,819.6801059027778,824.969941998729,816.7925649870414,818.9521484375,15604050,1234.3402190424754,1247.2289120927182,1224.8224391488623,1227.7967529296875,11931051,3184.898425682085,3185.192826495493,3109.39695361073,3117.884033203125,1777752,375.48135271072846,380.9115952921479,374.8727986777293,379.1795349121094,9785018,705.6076955415114,711.1447057760574,699.6854784765769,701.9003295898438,7400109
3374.6352261327497,3403.8004968476407,3355.3338893126197,3391.043701171875,1995450,1197.7819082260587,1228.0906025562624,1197.7819082260587,1225.5321044921875,10927950,1597.1492261839649,1597.1492261839649,1556.3173920894415,1579.6566162109375,12671234,816.4771337496867,822.1066598317914,810.4836289220838,817.9815673828125,19898430,1229.3830600118497,1238.801720552263,1219.2208210077197,1236.62060546875,10089838,3110.6235584273086,3144.0815296132955,3101.596783544536,3135.300048828125,1274649,375.9027032097249,382.36279376469145,375.6218408876654,380.3030700683594,11099475,698.0484671027334,706.8594999287487,695.9299471730827,702.8150634765625,5538789
3381.2746199098347,3385.305592458114,3307.15224085139,3325.5048828125,3174167,1227.0573656262773,1231.9776006544478,1215.5933141089804,1224.105224609375,11548372,1556.1746748414012,1556.1746748414012,1486.6796971141694,1512.3956298828125,14870008,820.9176607269924,833.9966062113717,820.9176607269924,830.4296264648438,18784106,1247.2289270068015,1252.1861167007874,1233.3487958636417,1246.287109375,11977555,3144.67013857302,3161.3010294624005,3093.698076123559,3133.53369140625,1360149,380.4902527622482,386.95034247967084,378.2432687612253,386.10772705078125,13844306,703.5373526546633,709.7003096539208,692.4151953776362,696.2670288085938,5547762
3321.806162986754,3342.6723750664873,3304.544161123429,3330.105224609375,1693004,1231.0919570840585,1235.5692985318378,1225.4336872491594,1230.10791015625,8132940,1520.381526929375,1526.8462251444753,1492.8592690164621,1501.938232421875,7822888,832.8076643515269,835.112863088808,825.0427843943695,828.2214965820312,15736264,1249.2615727756533,1253.326444606414,1233.2002036288977,1237.215576171875,9505270,3141.9720055011107,3172.2902592716723,3118.227585447547,3127.303466796875,1414376,386.66953531662665,387.98027378974945,382.17556667393245,385.78009033203125,8196569,699.0114385308547,704.3558452266985,697.663273429962,700.88916015625,5908337
3309.1915231821918,3348.505317121511,3298.1420081114443,3317.443115234375,2690906,1236.9964228158067,1253.626722273369,1234.7330664957105,1248.7557373046875,11164812,1468.949515897204,1515.3904095675546,1468.949515897204,1511.63525390625,7526032,827.4449541690359,836.6657483797172,827.4449541690359,830.0656127929688,18950652,1231.5145912773855,1246.6340190017775,1222.5420300210542,1228.2427978515625,16640917,3129.9523827877642,3179.0603042887783,3099.535917625877,3113.7138671875,2805790,386.669496920414,389.71229562499354,381.0520223888826,381.94146728515625,5257805,701.9003527020252,704.1632812757161,695.5447924372056,696.3633422851562,5149563
3317.443115234375,3317.443115234375,3317.443115234375,3317.443115234375,0,1248.7557373046875,1248.7557373046875,1248.7557373046875,1248.7557373046875,0,1511.63525390625,1511.63525390625,1511.63525390625,1511.63525390625,0,830.0656127929688,830.0656127929688,830.0656127929688,830.0656127929688,0,1228.2427978515625,1228.2427978515625,1228.2427978515625,1228.2427978515625,0,3113.7138671875,3113.7138671875,3113.7138671875,3113.7138671875,0,383.8607734546159,385.6864641717792,381.7542204295601,383.0181579589844,13861897,696.3633422851562,696.3633422851562,696.3633422851562,696.3633422851562,0
3364.2022912119846,3364.2022912119846,3284.294187734508,3316.8740234375,3051244,1284.771625690972,1297.2690935608202,1281.3767118900164,1292.1519775390625,11278014,1523.9465678973438,1523.9465678973438,1495.2359553339961,1508.307861328125,7387068,842.004146653194,849.7690263917825,840.6452690024086,846.42041015625,15221406,1230.4241762433128,1242.5196714129374,1228.1934407470596,1236.471923828125,16162399,3213.352511021465,3263.9813059444155,3206.974864816384,3257.06396484375,1616312,383.8607709374216,384.56295527450226,376.9325578592833,377.3538513183594,12830387,712.2039126231394,721.5446195922909,711.7224334883822,717.5001831054688,7604850
3331.0061697900233,3394.505799750347,3331.0061697900233,3379.52001953125,2845192,1298.9420363179743,1303.1242360561191,1290.1348637421092,1300.6148681640625,10886735,1513.4891497172634,1551.4214700841842,1513.4891497172634,1535.8778076171875,7186750,851.2249908210027,860.9310910584144,848.9440809617447,858.3832397460938,17833978,1241.1316434245866,1262.1005814534499,1239.347127629136,1258.2835693359375,15971477,3272.4685565268173,3295.6732823449274,3215.2168183211816,3287.97119140625,2434722,379.17954934766647,380.72434920469203,376.27718165061447,378.1965026855469,16994037,720.292765833536,724.8186813309343,716.6335362646441,721.7853393554688,6963197
3295.9131965165147,3429.8837688929057,3286.428554224381,3393.699951171875,4161925,1295.005932648197,1327.47948567053,1290.676101553966,1321.673583984375,60494318,1500.1320035723254,1524.802326821007,1486.5372898982932,1514.0120849609375,10074677,851.9771897387066,860.9795616616999,851.9771897387066,859.15966796875,33508264,1264.0833359554676,1270.0319634187874,1259.2252659887295,1265.4217529296875,21780769,3293.8088743272724,3389.964152755653,3270.0153487978005,3351.649169921875,3042073,380.06900971850354,381.5201793399715,376.08996490330134,379.6944885253906,25302035,722.1705565633118,727.611235450561,719.3298179504133,725.3001708984375,9577327
3414.470721860925,3461.6568103088644,3382.792113898217,3441.9287109375,1834751,1334.3185449313019,1351.0965951268047,1323.592528220555,1336.4835205078125,9352280,1519.1455370257738,1527.8443193262497,1495.1407646724408,1514.2020263671875,8857726,863.3575457763671,875.6843039218336,860.7611760226637,873.5489501953125,17393736,1279.9463572168718,1294.8179260458828,1273.254151243817,1290.9512939453125,20299319,3384.077100222148,3450.797089440793,3381.1335712860314,3416.308837890625,1955564,381.05201646627233,386.5290597637776,379.74127814367813,384.703369140625,14362572,729.9223707530908,753.9481914133478,727.1297682523594,751.8778076171875,12095064
3457.1514681076355,3518.8016314620927,3450.512219746386,3469.244384765625,3135390,1337.3198832805363,1342.0433569660177,1308.8317704607064,1322.263916015625,16419207,1525.84798372026,1555.46181670782,1525.84798372026,1548.1414794921875,9890140,875.9269782864857,894.7567761384419,874.2769294910811,883.958740234375,39101416,1296.50346593687,1296.50346593687,1271.6183955406093,1274.4439697265625,13713899,3439.0230976614544,3458.646624609594,3370.6842608825614,3404.28955078125,4235900,385.73324448631945,388.77604313821394,382.6436449762537,383.6734924316406,20338110,754.8630261504609,756.8852150473521,740.7075275492936,744.2222900390625,15190143
3459.7598808023267,3490.8220797184467,3438.988609875757,3448.42578125,1734499,1322.608385783058,1336.3357930453642,1310.2585481884407,1314.58837890625,10859639,1545.8123648464964,1556.9829031533513,1516.3411573986234,1520.5716552734375,6651302,885.681575218163,886.8948376499686,874.5195608455505,876.7277221679688,24478442,1279.9464094999762,1282.7224842048433,1257.8869148358597,1262.150146484375,12074747,3407.625423665269,3430.977468430945,3354.1513132161595,3379.956298828125,2315715,384.14163817608556,384.9842822489654,380.34985413594273,381.3797302246094,13891436,743.4038006048552,747.3037699282959,733.2446023903115,735.7001342773438,7711852
3428.5556939598323,3474.2241497420814,3424.4297823215356,3463.0322265625,2528474,1311.8822515956433,1329.9394896015347,1311.8822515956433,1315.326416015625,15109614,1516.8640098840594,1540.0606082841557,1507.7849306219216,1524.469482421875,9426573,873.548970937254,893.4464752752693,872.6268796196651,885.8514404296875,41658100,1267.2064821612498,1273.9978081396894,1260.4151561828103,1267.2559814453125,15028056,3394.870223253125,3461.5902160800647,3386.0396359672063,3435.687255859375,3467864,381.98825745938433,384.51613235664644,379.78807428168614,383.3458251953125,18642328,735.5075423870684,747.063042059369,732.3297917320479,743.6926879882812,15648616
3462.8421711364117,3472.2793419166683,3406.787854378717,3420.303466796875,2051919,1314.6867654992452,1336.2865486646785,1306.027104024632,1326.8397216796875,8266544,1511.5877308709687,1519.620965158934,1483.0672076469882,1493.1920166015625,6799047,887.6227647317345,891.0198994245295,876.3879431494396,887.2344970703125,28773648,1269.0405652360093,1284.6557128160619,1258.1347478785124,1264.1824951171875,18147129,3443.8308160982156,3447.853734999173,3407.1840227158823,3426.562255859375,1348143,384.70338591875066,389.10375252075136,382.12871001952664,383.626708984375,12981873,743.5001147786132,749.7593440220716,738.5890507280865,742.92236328125,7628185
3388.577913444674,3399.295604939385,3343.3362185857513,3367.806640625,2618493,1318.6230094191676,1330.7759661157215,1294.4154767036698,1297.416748046875,14288024,1463.3404602190724,1471.0885586286036,1442.9957978349414,1451.21923828125,12680733,874.5195261060333,878.3534470865061,856.7330877140463,857.9463500976562,28511006,1253.7723771839194,1266.9585500115554,1238.603449529153,1241.8751220703125,12099648,3414.4937040802274,3435.6872090959696,3365.434886492868,3372.10693359375,1935147,383.6735031628839,387.9802393973372,379.74128809208565,380.7243347167969,15206240,738.3964100364205,753.7556066211873,734.92978367858,743.1149291992188,7011125
3361.3570398330285,3380.421262394588,3348.126010889205,3361.3095703125,1764313,1301.0577695360655,1316.605640115626,1301.0577695360655,1310.0125732421875,8042214,1459.4902057913214,1478.9317655581158,1459.4902057913214,1473.7030029296875,6193478,859.3294691298255,873.16066049231,859.3294691298255,872.0444946289062,11573564,1236.8685913550723,1244.8000957785905,1233.2498182568117,1240.437744140625,10142590,3368.3784083421438,3392.662522995936,3343.84899960094,3355.52490234375,1338839,381.0988523406854,383.86078895831395,380.1626065139579,382.9713439941406,8001323,743.6926981564776,748.2186140115384,735.9890316029483,747.20751953125,5458436
3311.088041352429,3321.521146037298,3221.1261324235493,3227.765380859375,4537821,1300.8608684683468,1311.7346357410256,1300.172083625529,1308.3397216796875,4591008,1458.967226269639,1458.967226269639,1411.8133230002038,1422.6986083984375,10459504,864.3766781830471,875.490173946712,862.3869396359797,871.0496215820312,11250038,1222.4927580494818,1241.08222182284,1222.4927580494818,1238.0086669921875,7434366,3335.999412946053,3397.8135197153474,3329.131178860576,3355.77001953125,1200631,381.09882796400086,384.0480249871138,380.77116480316903,383.29901123046875,7059566,741.4778693122336,755.6333676630561,741.4297331535035,750.3370971679688,7956680
3189.3056688327865,3224.446080623458,3125.663631237096,3129.362548828125,5317367,1308.3397764539347,1317.196199721689,1301.0085540085365,1313.998046875,8648542,1388.4742004590178,1399.4070681791675,1376.5906485892897,1380.0606689453125,9590254,879.8579280746396,893.9074835384829,878.9358367650708,881.9447631835938,33540454,1230.473619610667,1234.7863505024063,1182.9342181609516,1194.38525390625,17908652,3335.999590821154,3339.728108861073,3176.3622465458607,3198.781982421875,2366979,381.52014294173955,386.4822339855749,378.7114056930887,383.57989501953125,18627592,750.2408294522949,753.9001182138272,736.6631401821917,739.0223999023438,8231194
2940.2386292720134,3121.7745604042666,2898.5536795332505,3105.31884765625,6623955,1274.5868794921314,1303.8622778051142,1244.8194576780902,1267.009765625,19185012,1285.3248095467156,1336.5667020131123,1242.5440281638737,1327.867919921875,21715252,855.4956105111871,863.7700245665659,843.5570610557007,853.0205078125,37995450,1122.5059464290011,1161.2216449878495,1105.304523000697,1155.7191162109375,22156106,2991.655670666104,3032.4235941840825,2909.482154847765,3010.739501953125,4953864,365.27629507252,382.0819186994949,365.27629507252,380.16259765625,26762866,702.9595626780941,725.7816862623683,702.9595626780941,719.2335815429688,14923235
3131.875989149625,3176.4063332063806,3087.535291604866,3123.244873046875,5557558,1279.113469327377,1289.1508208042862,1266.8128818235116,1279.1627197265625,13085762,1360.4288608109712,1384.671303823326,1345.2179161757683,1358.33740234375,12805001,856.5633039940931,864.8134887917699,849.4293443655757,858.5773315429688,35563872,1161.9653833278503,1186.3547349162204,1153.3399207865864,1172.0780029296875,19555040,3066.127010634854,3133.779072579321,3034.4840731036807,3101.5966796875,2877816,385.6396149281719,389.29096760296807,381.28607794776286,386.2481689453125,18600796,731.8482821294997,745.3296978529378,730.0668328471972,740.1296997070312,12911288
3092.514474322123,3101.4774131953245,3046.513968346596,3079.283447265625,2990265,1284.1320386492785,1284.2796697185806,1264.008326268558,1280.04833984375,13005622,1335.758736096975,1339.9416532809853,1313.7503760547593,1334.4752197265625,8546854,856.5632934570312,861.4163432783175,850.982286162552,856.5632934570312,22454608,1159.4867811653644,1179.613021672609,1157.9996241138485,1175.2010498046875,10223104,3099.339917217843,3099.339917217843,2990.625529205188,2996.65966796875,4451381,386.66952496818857,392.3338007695701,385.0310947776454,389.7591247558594,21785572,738.5889950046072,739.5038171183404,713.5520799197053,714.7076416015625,11319387
3120.0198074686773,3128.935276473692,3040.775593704065,3064.96142578125,7108961,1284.2796640863085,1303.8622226242683,1284.2796640863085,1290.7252197265625,13064247,1341.652928180614,1367.844321400648,1328.1532604606723,1339.941650390625,12567440,861.2950087869681,882.9638878798253,861.2950087869681,876.8247680664062,32775766,1184.917153801556,1212.1816988912137,1184.917153801556,1208.5133056640625,11224242,3055.3831407534835,3097.5737236219484,3041.793752546452,3057.29638671875,3979116,393.2232383889498,395.51705204166717,390.4145009718859,394.6744079589844,8939356,730.8853451496299,731.5594277102952,718.3668873275676,725.9260864257812,9360327
3143.5893021337306,3143.5893021337306,3071.69590901875,3080.801025390625,3512160,1329.4474418665204,1332.6948448810174,1314.8834988213314,1328.66015625,15202603,1374.3089224037624,1376.3053358191778,1339.513907284088,1355.675537109375,10178530,905.0937456982635,910.8203678930464,900.240696123474,905.0452270507812,49298344,1240.288998738938,1240.288998738938,1226.5079856590305,1229.4822998046875,13378535,3120.140652155829,3210.4088722810916,3116.3141603815607,3196.280029296875,2161492,401.8366972313636,401.8366972313636,392.2869789172459,393.59771728515625,11685880,741.4778565892068,742.1519391227857,729.0556715859763,735.2186279296875,7859090
3080.801013758816,3109.1602290119804,3062.5905495252055,3105.081787109375,2384391,1335.35175670462,1338.0086355110902,1321.4767182608662,1334.7613525390625,14039073,1354.7249077086744,1357.1016180730755,1327.9156612183533,1343.4117431640625,12022740,914.2175024102767,914.2175024102767,902.9098732067754,911.4027099609375,19136820,1223.5336585713449,1230.2754856402491,1218.477348782242,1228.689208984375,8248464,3208.446678792638,3215.1187259113617,3163.4107799450203,3166.94287109375,1578260,391.35075980822495,398.8875273661801,391.35075980822495,397.3895568847656,13034594,735.2186797710156,746.0519609071307,732.3298048013849,743.1630859375,12536694
3078.2405325476193,3133.346394679939,3052.157767289551,3128.888427734375,2932346,1340.271938683508,1386.4237644145942,1338.4022254639915,1384.2587890625,17490424,1329.0563853909828,1359.2881865002564,1310.327954849587,1349.49609375,14264227,913.3439239431574,931.6398970227459,910.7717839889756,925.3309326171875,35703084,1229.5813957339365,1269.238916912585,1217.0893007676923,1263.5877685546875,15398401,3153.598823065942,3188.7247427629723,3102.8718170188463,3186.173828125,3209331,397.9044638020452,400.5727700384027,394.6744043729881,400.0110168457031,22410217,743.4038315336337,771.329623132695,738.7335071379982,767.9111328125,27034818
3120.5420796132057,3181.1488478659085,3114.8512945544117,3150.418701171875,2432946,1413.0915548092914,1413.0915548092914,1382.2908342910866,1387.3095703125,16882426,1340.4645789137878,1399.2169026224717,1340.4645789137878,1379.442626953125,15648970,933.7267676045618,946.6843866809207,926.9324979858176,935.231201171875,34247298,1259.126169726638,1289.7616259352505,1256.1518559398821,1284.4078369140625,10429964,3188.332556518871,3228.0701987835314,3164.3919493428566,3218.7490234375,1643003,400.76000152305585,401.7430767519647,394.6276029884348,395.89154052734375,27388236,773.255458543513,793.8145932403959,771.7147488855273,786.447998046875,16398507
3151.3669464223676,3162.0844056249766,3125.189244347029,3143.58935546875,2710498,1390.2616620074302,1396.1659440599142,1376.5833845612567,1393.902587890625,16135274,1368.9850198763202,1368.9850198763202,1349.3059066357173,1352.63330078125,9399738,939.0651467003056,956.3419923313835,939.0651467003056,952.0227661132812,45961750,1288.8694787336528,1292.7361113748846,1275.2868257139828,1280.144775390625,13051707,3218.258385130219,3223.1642668148684,3186.8607423484605,3196.476318359375,2060322,398.79387226130666,407.0796239509172,396.5468596960377,405.9561462402344,32031936,790.7332527762891,804.5516812424216,783.8480772367818,791.9369506835938,25117557
3191.581874951358,3244.6009284823726,3165.3094642241085,3237.108154296875,3543923,1406.2031056627204,1407.0887719511927,1388.7855225220842,1401.676513671875,13990764,1374.6891479419496,1414.4277879886072,1368.6047467603623,1402.1639404296875,11136642,960.3699954066212,960.3699954066212,932.0281739470523,933.67822265625,30570642,1285.8950708007812,1294.8180126953125,1274.3944143417477,1288.869384765625,10480888,3213.744827462232,3252.599505609687,3205.2086413746097,3238.863037109375,2381699,408.39042088422286,409.5607281098517,401.5090086831345,403.3815002441406,19566317,795.4035350043313,800.2183263784495,780.0924749249118,783.3184204101562,12104382
3225.8214222352462,3236.633820616935,3213.1118640484187,3226.295654296875,2252175,1393.7057666784372,1398.5275007158652,1376.4849447649922,1380.3226318359375,15678099,1397.4105217628291,1409.7694145318515,1389.4247524558623,1398.8365478515625,7114292,926.9324466168475,933.6781972127433,924.5544405338061,930.2325439453125,25931754,1281.3345072026398,1293.3308829080645,1279.2525115884996,1290.4556884765625,10468940,3244.750135843254,3244.750135843254,3218.258374830926,3238.470703125,1993448,404.31776695955654,408.2499822981009,401.9303229524835,402.63250732421875,26064089,782.6443782863423,788.6628678148439,781.1036684767707,783.2703247070312,12713521
3243.747204561521,3298.568475558524,3229.5202431380058,3270.30419921875,2742991,1387.5061560869792,1392.2296293483562,1366.2507666566128,1382.38916015625,11705093,1402.7343459374797,1427.642222162945,1391.3261370921732,1407.2025146484375,8329979,934.1150265036636,938.094503546439,918.099962552793,927.5148315429688,18500878,1292.3394247863746,1313.85358083958,1277.071255478384,1289.2659912109375,14431012,3247.6938131494953,3272.9099981703844,3169.2979163177597,3210.50732421875,2004819,402.63249298157206,405.11356719755287,396.3128338610747,400.52593994140625,22944377,784.811056973124,788.6628903815811,757.8482231139246,769.0667114257812,13131038
3257.9739444135007,3279.5989706182713,3229.5200235015927,3266.035888671875,1593296,1383.1763860592027,1412.1073907727903,1381.4051736009749,1406.00634765625,10948561,1407.2024661808139,1416.1389193452367,1393.0373668593481,1409.0087890625,5886253,927.5148236825167,936.4929655182809,926.156005327847,931.882568359375,13920492,1328.5269802313521,1362.8307123815491,1308.8964585313056,1357.0804443359375,31104496,3198.6347554899353,3287.725611926078,3193.5326866110368,3264.66796875,1689485,399.4492659595311,403.05381801388353,397.6704046490059,401.4621887207031,6287095,769.066700695532,792.3221093100369,767.8630027721836,787.073974609375,11317611
3276.9436254865236,3314.8821913387555,3253.6113148639492,3293.541748046875,1578332,1406.0063095097996,1415.354755397171,1399.9051464358704,1406.9903564453125,10786910,1408.9138107783806,1435.3428747016321,1401.4033833138335,1423.6494140625,8056743,931.2032084346736,936.0562581779409,922.1764885191324,926.3501586914062,18918308,1359.2614765022709,1398.8198762816546,1358.2700385179512,1387.7156982421875,32538970,3272.2230986583695,3312.8437033754367,3252.5995718298336,3259.76220703125,1843861,401.5558052623093,402.21118873045583,397.90445247166593,398.8406982421875,11189930,789.6257719721119,798.2923962986351,779.0332311285836,782.4517211914062,11283059
3293.0671433029925,3329.013837756505,3192.5299551721982,3275.710205078125,2809332,1410.1393895834246,1410.828174453101,1377.665837694902,1404.235107421875,14192027,1422.9839060733532,1434.3921144618078,1409.4841231835037,1426.12109375,7704183,928.3883766867898,939.9871769317172,927.0780770079656,934.2120361328125,31936870,1389.9960230274132,1400.3070020394923,1357.2785702742715,1392.9703369140625,25480745,3261.4301098683964,3291.846575995328,3241.1198078152197,3278.110107421875,1930714,400.1514719800394,401.93033338689156,395.0957500866863,398.6534729003906,10026546,781.4407087956405,781.4407087956405,755.440833087098,759.4371337890625,25635764
3293.0674491310842,3311.562499608635,3243.7473145242825,3254.180419921875,1721761,1404.136620262742,1423.5222971739024,1401.8732642232824,1407.2855224609375,8842434,1425.7408206525301,1448.081895785028,1422.4134264838601,1432.5858154296875,7402310,936.5415014593009,942.4136794135693,931.7854893276606,932.7075805664062,17840404,1401.8932881277126,1414.4845019236116,1397.0352178747166,1407.6436767578125,13007841,3262.411449697103,3311.37205503395,3262.411449697103,3272.125,1411889,397.06183232395665,403.990045229964,397.06183232395665,402.1175537109375,9263372,761.0740226752047,773.6406747464794,759.7740525588761,767.1888427734375,14720184
3272.2013429677813,3323.892639545098,3268.786779377753,3276.27978515625,1284443,1417.0276759030696,1423.719243532893,1403.251017942901,1406.5968017578125,4565705,1440.2864278864722,1447.8919007730015,1428.6881281546378,1434.2020263671875,4282493,941.0063068714467,947.3152712805899,937.754787372496,939.9386596679688,15068024,1418.747808269532,1427.1750314493302,1414.6829365878357,1419.0452880859375,12685649,3286.940767342896,3286.940767342896,3238.5687254547884,3267.513427734375,1947332,402.8197624517931,410.5437904360518,401.9771469315377,409.0926208496094,11525305,753.0333941109573,769.4036852872824,753.0333941109573,760.737060546875,23986447
3281.68603515625,3294.0160693923863,3259.871359200009,3281.68603515625,1324763,1406.2030986214052,1410.8280712604956,1397.740318833432,1408.7615966796875,6301690,1431.7302219442606,1440.856765886036,1425.170478593818,1436.958984375,4270530,936.638567281111,941.5401354999643,933.8723527219415,937.4635620117188,17490156,1418.7477523435755,1419.7391903256466,1398.5223933042987,1408.7342529296875,14084117,3283.0160595322345,3289.8842939664023,3240.6292892189426,3271.241943359375,1695516,409.60755115118997,411.6204739738847,405.3944449107777,407.7818603515625,15026568,764.5407210502615,769.5481157490566,742.5370895801225,745.4259643554688,18869468
3244.3163408615387,3281.211501134211,3244.3163408615387,3267.5537109375,1477128,1402.2669857299177,1418.9957848579238,1398.3307976997987,1412.5010986328125,10480453,1426.026145690909,1443.8990531370239,1422.7937965506155,1433.9168701171875,5691799,938.5797640346196,945.7137230326645,932.950238518458,944.2092895507812,21420778,1408.7342420156256,1412.2042749259901,1390.6899982666434,1393.9617919921875,13440169,3269.279715893045,3276.93293960756,3222.2814628541255,3258.879150390625,2422707,405.76890647461266,407.2669054042834,402.30481430744925,403.662353515625,9710361,736.9519304230361,753.4185516163304,736.2297117419523,747.3518676757812,15586266
3270.304189784248,3297.809648457028,3251.9987864937443,3271.15771484375,2543591,1415.6500090207114,1425.7857413048096,1403.3494213569647,1412.5994873046875,15306490,1433.631664427957,1441.7124795125974,1427.1669659401214,1436.864013671875,8424409,948.6741890736062,948.6741890736062,931.348765916796,935.91064453125,34803430,1392.0780527042998,1408.6351396947061,1386.030305191398,1394.9532470703125,16106175,3247.7919890181015,3302.6396521287957,3237.6858245265303,3261.33203125,3204333,401.6494314878609,403.9900458904708,396.54688066139005,403.1474304199219,19937960,750.1445368852355,757.3667243392013,735.7001619773041,740.5149536132812,14491673
3223.8296054868374,3268.5970664946117,3222.976080385976,3263.001220703125,2531757,1392.6232842813388,1397.2483773146432,1364.8732065732167,1366.742919921875,13491197,1426.6915991963783,1436.8639888159648,1420.4171072727893,1433.2513427734375,4478653,926.9810441332826,931.3002703673066,915.6734734771652,917.080810546875,17188796,1373.637308764333,1382.8577303043132,1362.731491083779,1365.4083251953125,13668904,3268.298288470599,3411.5500297244885,3268.298288470599,3379.072998046875,5637694,398.7938876519881,401.7898569013842,396.0319512675585,396.546875,8226512,728.4779526212103,752.7445134918086,727.5149943229668,750.38525390625,13578216
3324.3666713915923,3443.3989159735165,3321.7109255991563,3433.8193359375,2228678,1386.9158758891217,1429.8203013758846,1381.601998025975,1425.39208984375,9925445,1461.2014458755218,1551.516434397431,1456.4480254270004,1546.66796875,11372857,930.6208021509265,951.149226156264,928.0487213449755,949.8388671875,18618972,1388.013077711669,1426.6791563050656,1388.013077711669,1424.2005615234375,10674081,3446.87254344212,3534.9822282429814,3424.305487222601,3519.67578125,3147384,402.11754148288384,408.3903993096515,400.8536040315856,407.7350158691406,8031891,769.4036424963954,774.1221614356956,763.6258929907904,771.9555053710938,15096824
3433.8195935429753,3436.285693012091,3329.5834737286627,3333.8515625,3062887,1417.126034216079,1424.8016487219365,1404.6286855985884,1407.777587890625,12475424,1529.6507024801845,1532.6928451513845,1487.4403056280353,1491.2430419921875,12846210,946.3446699698328,952.0227142931207,931.7855212010662,933.0473022460938,24242102,1421.226256646525,1435.304626683893,1400.3069407641844,1403.57861328125,11407896,3519.6756709198476,3538.1218337691867,3478.2700778457474,3499.85595703125,2374439,407.1732884018215,410.02885520481095,398.23215253511023,400.61956787109375,14976369,769.018476685771,777.7332963407931,767.6703703271746,772.0518188476562,13909596
3339.542044274439,3377.4806076856794,3327.7811822404,3365.814453125,2119499,1407.088799803615,1417.7164351068907,1394.6898318883327,1403.44775390625,8026837,1496.3767741072957,1516.3411402167324,1492.0986956552736,1513.869384765625,4870057,932.8047011833116,936.7356597192896,923.5353878045329,927.2236938476562,15445308,1407.8419941921477,1417.6572548355593,1403.3805230837922,1412.204345703125,5570160,3519.4795640274842,3548.91485449886,3499.8560370465675,3505.84130859375,2440116,399.8705809376595,404.3177484214116,398.74707456561424,401.7430725097656,9557309,775.9036380329437,777.5888150314639,766.8036704860727,771.0407104492188,9281719
3380.3262508294533,3414.4709604337913,3332.997982084671,3395.40673828125,3548330,1403.152601872172,1433.2644152009339,1392.9184893353395,1427.6553955078125,18209264,1511.3975456512203,1538.7771765983814,1493.5246391320036,1533.453369140625,11151167,928.6310129632633,943.8210814498384,920.6234813646776,938.4827270507812,32241458,1412.7992032271827,1448.8875719918406,1400.6044669576877,1441.7491455078125,20177211,3526.34786497057,3580.0181643664896,3476.3078702255784,3550.09228515625,3720879,401.7430504961949,407.64138719634747,398.84068300407523,405.06671142578125,24263510,774.6518391145711,779.4666307570579,765.0703919911599,777.82958984375,17058854
3408.6849264465072,3408.6849264465072,3363.348529175367,3377.76513671875,1666727,1430.115536446277,1435.4292940858757,1423.915992369514,1430.8043212890625,6439208,1533.0731584594146,1533.0731584594146,1503.5069061207216,1511.49267578125,4576751,938.4828285590543,943.3358785376587,935.8621697223413,938.9195556640625,15868010,1440.757623701411,1448.4908883531898,1434.9082364412498,1443.9302978515625,9036695,3573.4443622898734,3573.4443622898734,3532.234954487519,3536.846435546875,1278520,407.17328847071144,408.3904251412249,404.5518116867584,407.92230224609375,16402035,789.7644580739088,789.7644580739088,776.9946347468432,778.0751342773438,14733924
3367.0473541083206,3367.0473541083206,3323.1334225866804,3337.455322265625,2537377,1423.4240376832488,1436.413410510274,1420.7671587350164,1425.8841552734375,6005334,1498.7533295424078,1506.8341435615073,1478.9790558755526,1482.876953125,8855798,940.0357840059994,943.918224001894,937.1239540090784,940.8607788085938,10202964,1439.667043567546,1442.1456384779733,1425.886031660542,1428.4638671875,6195791,3536.8464460499713,3551.760279104204,3519.4796720478375,3532.43115234375,1519244,407.266912756039,410.54377297361634,405.0667294669892,407.5946044921875,7543854,778.0750903727592,787.2104729702169,778.0750903727592,780.9237670898438,10666184
3349.785509814958,3374.635222590325,3313.93352100354,3318.011962890625,2038374,1427.0649116587983,1435.724573309837,1412.5994688048465,1415.25634765625,11352383,1492.573904126385,1505.4081383338412,1481.1656959419795,1483.637451171875,7143998,935.7165491131649,938.8710315810085,928.388455536133,929.310546875,23879090,1425.88599760598,1432.6278240113834,1409.6265122020175,1412.4024658203125,11270560,3561.6702358039292,3565.594941297928,3489.063184164951,3500.64111328125,1532347,409.1394313008186,412.69715405726095,405.30081764973795,407.1733093261719,9868414,784.0180560729261,785.2459236919375,769.9220998339915,771.7393798828125,11324667
3327.212019490534,3354.7174780325026,3318.0119641520128,3344.0947265625,1440153,1419.88149736354,1428.1475165201844,1415.5516663650185,1421.6527099609375,5510460,1490.577561992386,1493.5246593705174,1475.556707413097,1491.14794921875,4157309,935.1827306623918,944.8403119658641,932.3194193274059,935.085693359375,15132040,1411.708464386899,1423.9030780659657,1405.9580760983038,1416.9630126953125,6136364,3498.5804378335674,3542.53718590278,3488.0818988739466,3521.44189453125,1563885,408.7649303606408,410.2629293856914,404.4581938781033,405.3944396972656,5776672,773.0654298291093,776.9946060925355,765.3052827270537,773.1636352539062,8206040
3314.881923566922,3317.5376692737764,3273.4340900331863,3297.8095703125,2034383,1418.11006923761,1422.2431385993382,1405.0223165661077,1419.0941162109375,7245933,1478.789066286349,1483.8277382618005,1464.0534632471729,1471.18359375,6158990,929.4560306672615,933.8237752836327,924.6029810935157,931.7369995117188,21306670,1409.031659643212,1411.6094953044076,1384.9397884743898,1397.332763671875,12134466,3517.517181412424,3524.38541579733,3470.322503606713,3484.549560546875,1597159,405.3944162358384,405.3944162358384,395.9383282951614,398.934326171875,19451749,774.0477442991881,774.2442151084329,766.4840678018166,771.346435546875,7355826
3297.809582057325,3352.820498295267,3286.9971842477944,3333.471923828125,1274331,1419.1925334305297,1428.639480716087,1411.5170389146704,1426.67138671875,5203706,1473.5603223754533,1508.9257236923431,1473.5603223754533,1487.6304931640625,5038421,931.8340640363383,940.0357299039,929.1163680438908,938.3856811523438,9566072,1394.5567410207764,1421.5239286750705,1394.5567410207764,1414.5838623046875,6474883,3502.7993989904503,3563.239955026323,3484.353236599373,3532.136474609375,1119217,406.3306853522196,411.01191444613914,401.6494562583,408.4840393066406,18536884,773.9495383488706,780.874699700136,772.2796264031289,776.5034790039062,5534158
3339.542185709067,3362.3053247198645,3329.204019365113,3355.002197265625,967470,1434.7404521515875,1448.1234666381572,1431.7883113035389,1437.2989501953125,5608725,1489.3414997424045,1505.6933338273104,1485.6338090106342,1502.5560302734375,3170102,939.0651219212037,946.2961778607493,935.13416349166,941.5886840820312,10802860,1419.7391840414937,1428.6621258406371,1412.898237790455,1422.5152587890625,4842944,3547.7374606151934,3603.370111223932,3540.476611967004,3580.01806640625,1678934,410.30973168302756,415.2718231131618,408.90536294937203,414.66326904296875,13107662,777.9769427872259,783.4286631605596,775.2265312430146,780.33447265625,4965466
3349.9750123424055,3357.5627247146417,3303.595213090552,3318.39111328125,2467680,1429.3282240162364,1439.660717201896,1412.7961868700127,1423.3255615234375,14842959,1501.985817890451,1504.8378701621398,1479.6447417622219,1492.6690673828125,7775714,937.415037254252,945.3740503477449,929.989907003196,934.8429565429688,26162148,1413.8897021801247,1424.696400543767,1401.794207036506,1409.9239501953125,12640414,3580.01811997658,3596.0113424783226,3535.178408444583,3571.48193359375,2013954,414.6632418792466,415.88037851185567,403.38149188670627,406.2370300292969,26986022,780.3344684569088,787.1613645883718,776.0614530866071,779.6468505859375,11995043
3338.5939127547476,3347.1300903725864,3312.985379901231,3317.443115234375,1222933,1424.5063806110309,1434.7404932016627,1419.487765050342,1430.6075439453125,8618343,1503.0315254066693,1509.4010623010483,1492.5740005619675,1494.2852783203125,3623370,931.8826007257043,938.8224856498367,930.6693382733266,933.484130859375,18157594,1407.9411620533203,1410.4197571984832,1398.621620102477,1400.8028564453125,5944611,3591.1053980031797,3594.0489270179364,3551.8583444730903,3577.663330078125,1293244,398.2753781298962,402.9475037342144,393.79393430833676,400.65911865234375,431851622,780.4326591919574,784.7547771957036,778.6154390963333,782.4463500976562,6873519
3324.0822341714443,3350.4495836467595,3306.820233088302,3317.822509765625,3188072,1433.3627849687755,1439.5623288964678,1421.9478642011566,1433.264404296875,15545514,1510.6370121874,1529.555648703017,1498.8485063145804,1507.4046630859375,8609500,935.6679454442282,941.8798725130029,925.6221566559584,935.42529296875,28917794,1400.0096192804465,1407.842003929875,1396.5395861721686,1405.660888671875,13771917,3594.9318692177867,3599.8377508808176,3549.895971369164,3586.493896484375,1972248,402.37538231693094,403.1381676108757,397.22650883681956,399.2765197753906,21478547,784.8529869834019,786.2282227070898,777.3384131262393,783.232177734375,14034127
3310.139637529337,3325.97894134562,3275.1414056184462,3284.910400390625,3404365,1436.6102684488903,1437.5943154688398,1421.2591589622632,1422.7352294921875,11803975,1514.5387348868949,1515.5027951891782,1499.2101525439637,1506.5369873046875,13148092,937.560664423884,945.7623300992254,934.406182182701,943.86962890625,28748078,1405.8590585766528,1418.3511529457182,1397.6300749154059,1408.7342529296875,13788484,3586.4940466109406,3625.741101558025,3585.7090576029964,3605.92138671875,2571304,399.61025828083166,400.5160622005545,397.03580693342064,398.60906982421875,30656239,783.8706869171444,800.0785394661832,778.5662748283969,797.91748046875,22037314
3272.201121116267,3281.6857620470387,3242.41944121709,3272.011474609375,1877585,1418.9958296640707,1436.7086763589064,1409.9426449581042,1427.3602294921875,9458990,1503.9340358386107,1503.9340358386107,1483.6887699715526,1497.9569091796875,4374509,936.6871049098005,939.5504160632175,925.9618769879231,937.65771484375,14668822,1400.0095486308933,1405.3633379328091,1383.650821945961,1401.5958251953125,8098668,3605.9213762531426,3627.703443776553,3537.729618480499,3610.336669921875,1954517,398.8474376645607,400.8974777159352,395.2718270145734,399.8009338378906,14973380,798.4577080916993,807.9859725290632,794.8723707211232,799.2435913085938,26891575
3268.407343175387,3294.490106360913,3225.252225904789,3229.7099609375,2848125,1431.6899803606145,1431.7883610343827,1409.1552804132207,1414.961181640625,11167345,1502.9700087561519,1510.9717563250315,1480.410974183671,1487.5450439453125,6853403,940.5209813981357,947.3152506136021,931.7854924068217,934.0178833007812,24377584,1410.1222707307113,1414.2862617875367,1391.3840689247124,1393.466064453125,11252626,3619.6457221369187,3633.7083192679256,3580.329782758445,3609.54443359375,2472483,399.5149278857097,402.0893793944988,396.32070963544066,397.5602722167969,13216486,801.7484370268255,803.9094959854718,790.8940994751483,795.4617309570312,14247597
3242.9152450223373,3248.465279476926,3224.7342507303856,3235.164306640625,2544807,1414.4691895072294,1417.1260683724902,1403.6446724484365,1408.1712646484375,8025388,1487.545069852834,1501.3311794658816,1486.0025968815146,1495.4503173828125,4548307,932.2708380103269,943.0931624292062,932.2223193620798,942.073974609375,12961542,1402.5871874772963,1413.493004678654,1394.0608455067168,1411.3118896484375,8126827,3609.7424388776626,3626.2808538220524,3580.329771064847,3591.42138671875,1086783,397.7509287646849,399.5149025311001,396.60675079881145,397.60791015625,12598933,802.5342413659282,802.5342413659282,790.9922862422444,792.2201538085938,9607927
3262.0530702216233,3262.0530702216233,3218.7057063727016,3225.786865234375,3584683,1408.072806574806,1435.724501880477,1404.5302615748733,1431.591552734375,11385668,1492.2689554139665,1511.3572786610305,1486.195328477135,1498.43896484375,6948539,945.3740366284826,950.6638723983343,941.5886343458625,946.1505126953125,22255418,1415.7734397380668,1442.244785474372,1411.4110884077945,1430.0501708984375,13716817,3594.7883746045572,3641.828913569135,3577.0616155800667,3607.36572265625,1466416,399.0381564747108,401.37423378518696,396.4160419459044,399.6102600097656,13212523,794.3812098308251,797.3280919793597,788.6347536685006,791.72900390625,13595507
3225.7868448606714,3244.7331673196672,3213.9212139850256,3238.322021484375,2070390,1425.4904326139017,1438.0862820195339,1419.0941272375726,1436.413330078125,11580994,1498.8244913615613,1512.5142181403369,1487.641415492617,1507.5975341796875,3960020,943.432829986841,968.8143027617217,942.8019098505041,960.2728881835938,30127008,1428.6620302216834,1439.0721282906131,1424.6962785763767,1431.140625,8182161,3609.742360631415,3631.529557321097,3587.9551639417327,3620.93310546875,1172711,400.7544518057209,401.7079480309055,399.5149183523392,401.4695739746094,8774988,792.3675287830383,801.9939985959651,788.88033690073,798.6541748046875,17163935
3253.440835404879,3285.975243758928,3244.7330032516393,3274.396728515625,1718678,1441.6289396983907,1443.40027245163,1410.5330766960358,1411.9107666015625,11022031,1521.2871674371763,1530.9277705261318,1514.5387452749073,1516.3704833984375,2903202,968.1833931080394,968.1833931080394,958.9140802403333,960.3699951171875,13202588,1444.5251287223314,1445.0208477095387,1432.9253528317358,1436.3953857421875,7885125,3628.5586753109446,3673.024267606258,3626.7760380862514,3643.314453125,898170,402.375397024289,403.9009967663349,400.94515272206996,403.3765563964844,10473123,802.9272300169949,809.9014942207324,801.2573180380161,805.5302734375,12793040
3291.7168496023487,3335.5426613582063,3275.6409764041855,3313.629638671875,2419874,1416.0435714397854,1418.7004501751119,1393.902514902332,1400.200439453125,12905272,1527.0715350387688,1549.726952383094,1520.8051430073597,1538.6402587890625,8591925,962.2627345803987,962.2627345803987,951.7315810074685,953.7698974609375,15533126,1437.5850079496329,1441.4516401070769,1423.704876838395,1426.1834716796875,7913181,3668.1716786661445,3668.1716786661445,3631.727592034163,3644.205810546875,1454535,404.75914276623337,408.62079079284285,403.3765616168375,407.14288330078125,13041075,806.4634476687678,807.4948444720902,800.1767415127031,802.5833740234375,6560513
3320.423693236899,3338.604687522634,3300.424692969312,3322.24169921875,2847013,1399.1180802484353,1411.6154291671444,1395.9690577575766,1408.1712646484375,7136877,1532.9521677606,1575.8528485433976,1532.9521677606,1572.4786376953125,10597410,954.8860400853163,954.8860400853163,944.8887696252715,946.538818359375,11096394,1433.4210733170682,1456.0257865422643,1430.7441181682645,1436.4945068359375,8195700,3654.2079940176677,3656.2877777101226,3620.7351303210544,3649.157470703125,1265737,408.0963712404173,408.1917266795449,405.09286404746234,406.3323974609375,20789182,802.5342598525855,806.0704945433416,798.6541862626485,800.6187744140625,7197825
3322.241373890929,3324.920724772973,3275.6406661399797,3286.16650390625,4060134,1407.679242298958,1413.5835243358638,1397.3467487343728,1402.4637451171875,7953247,1558.8856061675938,1569.4902701551284,1540.6648417796544,1550.7874755859375,10483574,946.3447246989118,951.6830795561876,939.2107650861756,943.1417236328125,16349130,1441.055094094315,1444.5251270006308,1422.1186530105915,1429.2569580078125,8828114,3649.157403635138,3672.1329443594564,3550.3227091501217,3569.039794921875,2335718,407.1428518408551,407.3335627082408,400.0392939574362,401.421875,18508835,801.5519752269744,802.0431222706184,787.0140347260071,791.679931640625,13448521
3246.933943792306,3301.76403815699,3246.933943792306,3297.1708984375,2178493,1381.2083238229704,1398.822788875249,1381.2083238229704,1393.5089111328125,7573103,1519.3591134860721,1551.1731050755648,1513.7675163758718,1544.4246826171875,6968315,931.7855323379068,938.0944968797781,928.3883975845915,930.6207885742188,12117762,1411.8076840776937,1423.2092208521976,1402.1907840779525,1415.67431640625,9757276,3467.333312317492,3561.216372952479,3452.1812588153534,3552.699462890625,1981445,395.70092072544685,399.8486349912841,394.27067643366814,394.6520690917969,17873926,772.3287088939938,782.2007522600275,772.3287088939938,778.3206787109375,11377117
3291.716884024651,3357.7426005937496,3278.5116939874692,3345.590087890625,1934088,1394.000986381205,1406.2031934701922,1391.639249505445,1404.13671875,5451137,1542.4964798976407,1576.0458254086714,1539.7006814911979,1565.441162109375,5591842,933.7267280054107,940.957783641244,931.8340268436207,939.2592163085938,16513746,1414.6828043278585,1430.050092219024,1412.204209506703,1425.489501953125,8458093,3540.9145008243536,3618.358030699406,3527.3470680834566,3593.599853515625,1322630,395.65327347360335,399.4195661344484,394.0323182383462,398.75213623046875,7006629,778.4680786132812,781.3167555010375,772.2305350251097,778.4680786132812,8085001
3358.6996527248457,3368.2685976044036,3337.743756885341,3363.771240234375,2111940,1404.1366513466178,1406.990411596049,1395.1818479070278,1400.49560546875,6970098,1562.452616510744,1588.193099360836,1557.535932091381,1580.962646484375,7622083,940.0357879023232,942.2681790609491,931.348816527236,936.4445190429688,16978736,1435.602128554236,1435.602128554236,1413.5922548276174,1418.9459228515625,10366599,3586.9648163998227,3592.51074496453,3567.1582740674103,3587.261962890625,930603,398.65677784510535,399.5625818006199,396.3683927227586,397.98931884765625,9028406,779.9415184126576,784.7056208342702,776.5525917636725,778.2716064453125,7753156
3367.4071820205213,3385.4923927635227,3294.683207501011,3302.625244140625,2696327,1394.3945278693373,1409.1552321163663,1387.7029605615166,1390.064697265625,6751745,1562.7417700471647,1585.589952431105,1562.7417700471647,1574.214111328125,5629707,930.329645039179,939.6960548333931,930.329645039179,938.5313110351562,18433816,1417.7563491543892,1430.4468040463896,1413.4931173168031,1417.85546875,6681735,3586.964791688359,3603.8994819775367,3552.5013599115728,3566.6630859375,743311,397.6079031209599,398.99048420762057,395.60555534311806,396.5590515136719,8036215,778.4680756237817,781.4149579289822,774.3915311197982,777.8787231445312,5710169
3301.2855030665887,3302.242397415304,3265.8804121641356,3276.40625,2672768,1385.538241229197,1392.1313083904192,1382.2908379271437,1388.78564453125,8849883,1565.5375611980423,1571.4183055533617,1553.5831898154863,1560.2352294921875,5147760,938.5313155721643,944.7917616817875,934.5032605291775,939.2107543945312,16876220,1417.8554020854735,1427.5715425014369,1413.4930508573852,1421.028076171875,10007230,3572.110020977579,3607.761798287031,3556.3639160442067,3586.07373046875,1580819,396.3206894558478,398.799785393935,395.51021186668925,396.6544189453125,12601006,778.320667516001,779.2047561439027,767.8592718430074,771.1990356445312,11824333
3277.3633274014865,3297.7452248908758,3263.871022884297,3287.60205078125,2351248,1388.7856250535913,1410.4346597691706,1387.7030772194692,1404.33349609375,12408178,1560.8136276168789,1572.0930860674746,1551.076642111549,1564.573486328125,9202821,937.415115265286,956.0023202459611,937.415115265286,953.4786987304688,32900408,1418.7477927518771,1458.4053131642288,1415.8725983169522,1453.6463623046875,29010635,3579.0421795264283,3634.401368325457,3579.0421795264283,3626.577880859375,2575277,396.6544118043789,399.9916484421562,396.6544118043789,399.0858154296875,13203184,773.5565989033221,785.2950253156704,772.181363190149,782.053466796875,11367669
3267.7943410253647,3277.3632849229502,3224.7340934862314,3247.31689453125,3123421,1394.394668602004,1400.4957122573712,1389.3760526760818,1397.4451904296875,5514384,1543.4605584963404,1543.4605584963404,1518.7806380620095,1527.071533203125,7943676,945.5681762695312,950.1785732937573,942.3651754483343,945.5681762695312,11739518,1440.5593915455418,1451.266970188698,1429.6535737155343,1444.326904296875,5989078,3609.7422554310338,3624.5971618319845,3540.023324767535,3549.03515625,1867977,397.60791311448514,398.08466121174473,392.6020580932596,394.6520690917969,14839890,776.0123304607985,780.874698193188,774.5388893270122,776.2088012695312,5549253
3286.549310178985,3293.726017546798,3236.2165757260095,3244.25439453125,3403048,1404.9238929302046,1412.993150628414,1393.9026142728064,1401.38134765625,11188438,1543.4604830931148,1551.172965207259,1519.9373891083474,1524.7576904296875,8083992,953.6242600004867,960.4185295373859,949.0623814631601,951.634521484375,22625322,1452.4565437947847,1462.3709229333156,1430.7440292763747,1438.378173828125,16402744,3601.918765795773,3648.365009734674,3562.206552664393,3569.93115234375,2751637,397.51258055441934,401.0881914896625,394.50907318849437,395.0811767578125,16690068,784.8529460243278,792.3675194893278,779.5976968381185,781.3167114257812,11402190
3260.4262751214173,3301.2856185170967,3253.440899408153,3296.309814453125,1757699,1399.3147727333048,1406.104720760603,1392.7217061711412,1403.05419921875,7527388,1532.8558375256184,1561.6812632899293,1528.1319186406413,1556.8609619140625,7813533,954.1096083800328,961.8744882040819,953.0904797513926,961.0009155273438,18405932,1451.4652666586912,1459.7933702625824,1447.9952335758323,1454.737060546875,7525851,3604.7906921438557,3606.7713463703085,3573.9914222108846,3584.7861328125,1405262,397.0357918303469,398.7044100961672,395.7962584722378,396.9881286621094,9946718,785.3440886452789,789.567941046098,782.0042649119035,785.8843383789062,6528324
3296.3098921986184,3302.625255099875,3268.081507258558,3293.439208984375,2879106,1402.0701682033073,1424.4079863300926,1399.0195265038492,1416.1419677734375,13617435,1550.9803214172216,1565.6339915058402,1548.8593180602195,1557.9215087890625,6519233,961.5833031108746,983.7617170900772,960.9038642878594,981.1896362304688,50084830,1456.5214458748073,1485.9672251547677,1452.55569413543,1482.4971923828125,14657893,3585.0832512090933,3633.510149954749,3585.0832512090933,3624.201171875,2578926,397.7986102268212,401.32652856542074,396.89277723401676,400.7544250488281,13703918,787.7998677833231,789.1259408358321,777.3875743106198,782.9375,24704402
3306.0702704397795,3316.978773543857,3283.1048040170426,3292.76953125,1778433,1415.9451910518737,1442.6128395732899,1414.1738584793554,1438.8734130859375,22532899,1560.8136478253264,1571.0326636135578,1544.8102701550988,1550.208984375,8912268,987.6660313444861,991.0024333509556,978.0494242399598,988.5982666015625,28213384,1486.5620421012081,1508.9685148979506,1484.0834473001275,1502.425048828125,11117052,3629.5489752059107,3695.306600719016,3629.5489752059107,3643.611572265625,2720600,401.4219047765532,402.37540098742386,398.370705262409,399.1811828613281,21409935,790.7467068374075,795.1179273319369,788.4383398116579,791.1396484375,19375990
3291.6210940950255,3315.5434551196317,3282.1479325760038,3312.7685546875,1468351,1438.4799818113797,1438.5783624887893,1419.291064922364,1422.7352294921875,6325073,1556.9573602116636,1556.9573602116636,1536.8084767193552,1544.2318115234375,6294505,986.9301202198938,988.0586250503452,979.0798184930638,982.023681640625,13649020,1500.838885203447,1511.7447031481738,1483.191240482831,1487.7518310546875,8409527,3646.3844326657727,3681.5410452023384,3617.3677998783687,3634.302490234375,1508882,400.27768502039476,401.1835180314217,396.46370029757674,397.08349609375,12317124,794.6759369772839,806.4634663267615,792.7604514670988,805.824951171875,19652607
3306.0703160886874,3334.7771495134807,3266.3591965177234,3281.86083984375,2375183,1422.6366689959384,1424.506382279972,1406.7935366641375,1409.1552734375,7761449,1551.1730095922587,1559.5602870581276,1542.978497111504,1549.0521240234375,4178937,983.740927917604,989.138010315157,983.250284063281,987.2244873046875,14389386,1487.7518183386467,1518.2881567329412,1487.256099345396,1515.3138427734375,10368523,3634.302532674973,3643.314364447488,3609.742371612438,3631.232421875,1054380,397.60790154563335,399.3718752738479,395.6055537757248,395.7962646484375,13670465,805.4811416394373,810.2944065895595,798.8506566320394,805.7758178710938,11456405
3336.8817809002294,3339.4653488059707,3272.578530188305,3275.736328125,3090585,1409.352049520214,1427.8521809615802,1399.905222450911,1405.0223388671875,13372280,1559.8495930029494,1589.735462831807,1545.7743359105034,1552.619140625,8653641,991.0515399227539,991.0515399227539,970.4444979040134,974.418701171875,18878250,1515.3139235508756,1516.9002002088087,1495.7825215605471,1505.796142578125,6361002,3631.1334245333373,3638.659765390575,3549.233180324374,3562.008544921875,1330176,397.512538667108,397.512538667108,392.5543761517345,393.7462463378906,15990899,806.4634551919074,809.4594402026391,794.6759260051804,798.5068969726562,6661200
3282.147566666478,3287.219153361651,3251.144283681705,3254.206298828125,2531870,1409.253631009119,1423.030288484485,1400.9876124993152,1403.152587890625,10177738,1560.331649069145,1573.7321112354073,1556.9574379034102,1560.5244140625,5259695,978.7854199779471,985.2128423794024,973.584607191008,974.9583740234375,16860506,1507.7788792727886,1518.783816287235,1500.0456148706696,1504.8045654296875,11283291,3570.129245852185,3589.9357881315314,3541.4097595471326,3548.242919921875,1229034,394.7474217316605,396.65441410717574,392.125307215327,394.1276550292969,14185298,799.0962152227779,800.0785092795976,791.5325389943724,792.8095092773438,7020403
3261.096294049881,3279.27728864699,3243.967976797223,3272.3876953125,1109320,1404.2350901711065,1421.35753225384,1398.4291887589882,1419.7830810546875,5066503,1566.5980642699803,1584.3367981958825,1554.3545449332526,1581.7337646484375,4411273,974.9583893832662,983.0049605598704,971.4748300017685,976.037841796875,7863944,1510.9515946827762,1516.900223008299,1504.2097675037892,1514.223388671875,6603501,3555.2744765130965,3565.177748035417,3535.567062895315,3559.830078125,696402,395.60555949045533,395.70091492818915,392.60205234140216,393.3648376464844,8256733,794.4303152499558,799.4399909377498,789.8626239223718,797.4754028320312,4319538
3270.95207089655,3278.415893704088,3261.478676465787,3264.636474609375,1639174,1414.0754516482682,1417.9132587357801,1406.7934802735126,1412.796142578125,5177477,1581.058907066303,1584.91514830305,1564.669881810128,1568.526123046875,3294523,975.8906089947405,980.5026731224453,973.3392849545877,975.1055908203125,11349426,1513.5291857359532,1531.5734294639212,1511.9429091838053,1528.3016357421875,7251074,3565.078620686346,3574.8830045666114,3540.518700719949,3546.757568359375,719539,393.7939474948049,397.7986433459749,392.8404512538974,396.7974548339844,6845218,796.8369801203829,798.2613185459272,790.8941128494637,792.56396484375,4461783
3258.2250645884633,3277.3629504303926,3247.1249973534364,3259.373291015625,2325242,1409.1552578612602,1421.947868442403,1407.1871639257,1418.9957275390625,5315847,1569.4902652889589,1587.0361167588558,1563.2238729521173,1579.8056640625,4590681,970.0028875050783,983.740915249207,970.0028875050783,981.974609375,15224316,1522.8487819842126,1531.6726044702705,1517.0983931213486,1524.43505859375,7171261,3545.3710857718625,3579.0422078155057,3525.5645433932486,3571.515625,1513912,396.7974565033287,398.656785820279,395.3672121359503,397.79864501953125,6807192,793.5953947208753,799.1453201848503,791.0904969053553,798.2612915039062,5935770
3263.0097947012437,3266.837372173034,3221.8633368794976,3237.939208984375,2034938,1413.2883371129633,1415.7484547587683,1403.8415093776578,1409.0570068359375,8827347,1578.937970779495,1579.1307357618878,1565.248244218562,1574.9852294921875,4580828,984.7221568062151,988.058558773539,980.3554147849677,986.7828369140625,13861428,1523.5426661942138,1537.7202774459709,1497.1704406377573,1505.9942626953125,8870660,3570.1292993238308,3570.2284287483444,3533.6852126281756,3545.073974609375,1008876,396.84513753591426,400.7544487506528,396.13001537247743,399.9440002441406,9930533,795.6581782931005,798.0648106998194,794.675884245825,796.5913696289062,4099112
3234.3027641165545,3252.483755985849,3211.337300702709,3236.216552734375,3035012,1413.8788169776346,1416.0436723886824,1399.4132536015054,1401.38134765625,7795964,1579.998406486553,1579.998406486553,1549.341242702206,1557.7286376953125,5330179,989.1379844829171,989.6286283244265,981.2876830187669,984.3296508789062,17030310,1506.688311848956,1511.6455019531181,1494.5928164048603,1504.209716796875,10047129,3540.4194609455244,3555.175238350839,3534.4774982138674,3540.122314453125,1063910,400.75444928229246,400.75444928229246,397.0358198471668,397.46490478515625,6220360,796.9351619351286,801.0608089938022,792.613104027281,793.693603515625,12178137
3157.6556670087216,3191.242753149758,3120.5283520064395,3125.217041015625,7635550,1399.3148113378843,1405.2190932422636,1392.032839631232,1399.2164306640625,7158015,1522.3476337948875,1549.3413228616234,1506.8262861181436,1537.579833984375,11391755,980.306453474884,983.642855752239,971.9164552660966,973.2902221679688,12516922,1499.0542783474266,1502.0285923917668,1477.540121836759,1482.3980712890625,7234991,3540.419451110438,3551.9073424046946,3501.3015299023646,3506.352294921875,1439747,397.6079166905238,398.6090760644153,396.1776723858816,397.4172058105469,8578844,793.2515938303184,798.1630643635436,790.3047115103832,794.3321533203125,6202372
3125.217020314649,3130.9583865491522,3062.0619917351123,3083.783447265625,3924009,1402.1686636122888,1402.1686636122888,1393.5090015352046,1400.2989501953125,5846154,1534.5911874414394,1534.5911874414394,1503.7412587495296,1513.8638916015625,9173426,972.94677734375,975.7434233970494,966.8627814826074,972.94677734375,13088850,1479.4236826617216,1487.1569471972039,1466.4358695278945,1470.9964599609375,10311846,3506.35228822281,3514.373792805488,3454.260985141215,3462.08447265625,1358844,397.6555793753181,400.42074163962934,397.1788312743534,399.89630126953125,6896989,795.4617558456557,801.0608442463658,793.6936384439774,794.528564453125,6938635
3067.8034091107847,3118.9014760029677,3067.8034091107847,3112.107666015625,2590889,1398.429159387504,1410.9266282871913,1396.3626847243358,1407.9744873046875,6041457,1508.8507771918205,1545.967099361679,1507.790334380739,1528.614013671875,7614807,968.0403470063502,983.0540373178538,968.0403470063502,979.079833984375,14498168,1473.4750846086956,1483.6869442622558,1469.7076928815193,1472.6820068359375,8132454,3484.961058312576,3486.941712508832,3448.0218091965844,3460.202880859375,1585193,401.3265570457718,402.75680138955454,399.5149200299927,402.47076416015625,8532755,796.6405037947652,806.4634446553665,796.1493567517351,801.9940185546875,9297645
3098.3774165813243,3115.5638600833036,3092.2326031663256,3104.234375,2540733,1403.2510104989537,1406.3999128239755,1396.4610622300193,1403.6446533203125,5649093,1522.2511831800944,1554.0651724422496,1521.7691530397587,1550.112548828125,6223491,990.1192370651518,992.4252390812768,977.6568719540081,979.4722900390625,17994612,1460.388154594461,1478.234038357326,1458.9009976142222,1472.8802490234375,10409983,3470.1062201927107,3481.9901456043294,3443.367388016568,3469.908203125,1266964,402.47075168839604,405.66496977687433,400.7544410700043,404.8544921875,9780773,801.5519699633943,819.4297342255312,800.8643521159136,816.9739990234375,16458920
3095.593117992358,3112.7795615982277,3076.3902829424,3081.286865234375,2947640,1398.3308611520058,1400.495716617636,1387.0143200519017,1396.0675048828125,12927394,1540.5683518202854,1552.1370753633664,1523.3116489985612,1526.5894775390625,7374814,983.2502269350301,983.6427659529008,972.7994894879338,974.8602294921875,22529158,1474.6648507992907,1476.845965908467,1461.2804382949055,1463.759033203125,11854613,3480.9998971151767,3480.9998971151767,3433.959357964972,3440.396484375,2217275,405.99865531946784,406.0940107556235,403.3288776974709,404.2347106933594,7240795,823.5553655077234,827.5827471798666,811.7186740978348,814.32177734375,23073718
3096.4571730230687,3100.105758589483,3059.9717861781455,3062.756103515625,3432645,1393.213729649599,1406.2031014317106,1386.0301388149505,1403.05419921875,11297246,1534.8804313290245,1541.8217363306167,1523.2153248462614,1529.0960693359375,5161833,974.8602232374529,979.8157138677898,958.2273856704023,960.38623046875,16129446,1472.0871292027396,1472.0871292027396,1456.521480639079,1463.3624267578125,10296318,3455.2512679662464,3465.1545390122947,3416.628510886658,3431.285400390625,1818696,405.4265924462953,405.4265924462953,400.56375604779373,403.09051513671875,6730256,817.2686571434967,817.9071722636787,805.7267019494631,808.7717895507812,15387801
3062.8521341278406,3070.1493050764375,3026.3667482040605,3032.319580078125,3844346,1424.9000530820128,1444.2857308931439,1414.07553610418,1442.4161376953125,13867136,1523.2153333190533,1531.8918763569468,1510.4897839367352,1527.36083984375,3682661,970.5916382285527,982.2689857931025,969.7575676423911,981.5330200195312,22309078,1452.4566531183941,1463.362470991638,1410.9153771961905,1416.3682861328125,22442744,3434.0585016330883,3474.166750969609,3411.5778820384844,3468.91796875,1521623,402.3753881438521,403.09051027917883,398.9427960746048,400.5637512207031,4822343,808.4280466091758,812.7010019745913,803.4674733809013,809.6068115234375,8852594
3033.6640625,3053.3469689942053,3028.8633535989743,3033.6640625,3198036,1450.5836983181339,1458.3576938551728,1446.25386737522,1450.0916748046875,8930165,1508.7544033781517,1528.806905141675,1508.7544033781517,1514.4423828125,8473741,987.7151032772119,990.1192700741381,982.7596124670459,984.771240234375,14836814,1415.178583447059,1419.640054314783,1398.6214967228645,1400.70361328125,20396320,3468.1255395496387,3473.6714680777977,3420.6889676877618,3431.08740234375,2586522,400.5637591824813,400.8497964029397,395.8916336251602,396.6544189453125,9869507,812.848378561757,813.3886283330482,799.5874080353719,800.5697021484375,7851163
3033.6639547012974,3055.171036049811,3031.743671209123,3052.38671875,1922875,1459.243275244324,1466.2299847038992,1449.1075434082761,1464.852294921875,11974174,1519.648319505044,1534.6876368616054,1494.2934861823694,1517.9129638671875,8035026,986.6848008986999,995.9089294093236,982.7596500249109,993.2103881835938,13634916,1413.7905031420296,1413.7905031420296,1402.2898472373465,1412.4024658203125,8354596,3442.575120295206,3456.2416830424227,3425.1455078779727,3451.19091796875,1192261,397.7032702848046,398.46605560438246,394.74742624924966,395.65325927734375,12196187,798.113968917551,810.5891161764496,797.1316748019602,806.1196899414062,15470390
3038.944885626984,3047.2019644087272,3014.8452328363246,3022.5263671875,2934778,1463.9666816111749,1464.9507286163912,1454.5198543856832,1459.7353515625,6700578,1523.21527148752,1525.14339208434,1492.558106924831,1496.70361328125,14169664,999.7849522880986,999.7849522880986,985.4091233743482,988.2548217773438,19107176,1407.0486714179167,1410.8161839876018,1384.0473596954969,1390.8883056640625,14740507,3451.1908727811447,3459.608653274326,3427.522151400184,3443.862548828125,1083671,396.5113943772586,396.5113943772586,390.4090246125477,390.8857727050781,9005157,805.4811769361788,807.3966624575928,796.29675091266,801.25732421875,10118309
3014.845292873372,3031.0715957495104,3001.019344529776,3010.812744140625,2568917,1476.0704664133914,1476.0704664133914,1450.0916021799312,1453.5357666015625,8696077,1487.930738061539,1493.8114825426642,1456.9844249801497,1461.2261962890625,10851259,991.1076548914018,991.1076548914018,983.237817433207,985.9922485351562,9306598,1386.9226057137396,1389.0046012536307,1372.2492752918665,1379.7841796875,11854722,3436.435129815252,3443.3674197024875,3404.1503687716367,3409.59716796875,1338744,390.93343164953177,391.1718056932205,388.7880652563331,390.361328125,5824089,800.569684169264,804.6953313423805,791.2378903047143,792.269287109375,6734439
2986.041003699968,2993.72213811463,2947.539223682625,2956.564697265625,3374473,1453.5358600374882,1469.969517693696,1453.5358600374882,1464.6556396484375,7507479,1459.4908778130184,1464.6968268487494,1429.2193615593824,1461.515380859375,6439855,985.205265864704,994.2555908496133,983.9756037755068,987.9105224609375,12059580,1380.379191620021,1395.746480796028,1373.1416457270684,1375.7193603515625,7748361,3396.9211414026654,3412.7663752777876,3372.162963472787,3389.097412109375,2256080,391.69624504720383,391.7439373183991,389.59857077130863,390.8381042480469,8123337,792.269295178368,794.6268250025805,781.906104403612,783.0357666015625,7734158
2938.0339265993125,2951.4759118844077,2919.9832137631183,2934.193359375,4785312,1456.2911765714125,1466.0332658775797,1451.8629650797843,1462.4906005859375,9776027,1458.5267960319763,1462.6721845547067,1442.3305365336291,1459.2979736328125,7070448,983.6804999207345,996.7640925817828,981.9097985152405,994.3539428710938,19895696,1371.1587845273314,1408.0402305383973,1371.1587845273314,1404.966796875,10750072,3384.938115982578,3470.4033952948885,3373.549354035884,3461.78759765625,1241060,390.9334433644723,392.2683322294525,389.02645095781634,389.4555358886719,6811772,782.1025562450097,785.8352617474154,779.057408633055,785.0494384765625,7833759
2938.033974050545,2946.6752504448114,2925.7441118523307,2931.88916015625,2880121,1463.9667199639605,1464.754005637929,1453.7327269399423,1458.7513427734375,7238625,1465.2753927209724,1467.0106307922656,1451.8749299240865,1464.40771484375,5719051,997.5018784172968,999.764444634085,992.091365270063,996.4197998046875,15154036,1405.9582375902166,1411.1137879299629,1389.3021514025702,1398.0267333984375,7209849,3586.9647545171442,3649.6525082735493,3555.274287332012,3629.64794921875,8760659,389.979938885481,390.26597610105154,386.8810762904252,388.6450500488281,10915863,784.8038487430033,789.1750692870572,782.1025400865564,787.4560546875,8743723
2920.4633903186314,2937.8420514011964,2894.827650050853,2915.7587890625,2968371,1446.4507928310486,1470.6583264040125,1440.6448911712775,1457.767333984375,12406146,1455.4418850255533,1472.21655890233,1443.198365471235,1454.76708984375,6851407,990.9108782036614,999.1742313953042,987.664582321978,992.6815795898438,22183032,1376.215001569177,1390.5908519212596,1370.365493427784,1378.2969970703125,17065827,3589.935701355291,3627.4690013557615,3585.9743929951746,3601.324462890625,1927627,387.07180823457605,394.7474412869076,386.6903864618624,392.79278564453125,19364174,781.0220116677076,789.5679822929258,778.5171737140591,782.4463500976562,11359112
2909.133383273443,2915.758501968501,2880.4252388236764,2883.3056640625,2053847,1456.7831967694258,1461.408169601032,1446.3523226373668,1448.12353515625,4416771,1440.2096707795008,1444.8370894973941,1412.83033538686,1416.782958984375,8702978,990.6157884442932,997.6494796779898,988.3040477115343,989.7304077148438,11317258,1375.025384070285,1393.8627060383,1372.4476694796913,1381.76708984375,10321171,3600.8294691403003,3600.8294691403003,3543.4896246354265,3552.6005859375,1205945,393.22181910286025,399.8486291981142,392.6497155747587,397.08349609375,14324065,781.6114403088707,786.8175871342196,777.9769400877676,779.9415283203125,15468391
2889.1625521624956,2956.660327755159,2872.360072011628,2951.859619140625,2519252,1453.240679444368,1455.2087734738848,1437.987950715613,1439.8575439453125,6140054,1408.9741142502269,1429.5086455065348,1398.8514812022438,1427.291259765625,8610216,988.6974801605747,992.8291567300697,977.8764539291843,979.7947387695312,13933946,1383.155066191865,1403.975263237478,1379.7841529413568,1399.4146728515625,6312820,3560.4239189093996,3601.621622718892,3542.4000141599004,3595.976806640625,1033049,400.6591229390907,402.85215260384814,395.79628640159,397.46490478515625,18352458,780.4326243068729,783.0848302381428,772.62337460265,781.6113891601562,8820724
2951.859809051624,2954.836342347973,2920.751308991888,2941.7783203125,1927996,1429.820201520808,1438.184600497358,1418.0116382597967,1421.357421875,14799343,1425.5559991895734,1425.5559991895734,1402.7078158601623,1407.8173828125,10213323,977.0894619202779,980.975205994727,966.7603007320947,972.7118530273438,23978058,1398.918980991344,1398.918980991344,1376.2150271869518,1379.7841796875,9315972,3594.887552678455,3622.3195663637375,3573.397501890162,3617.26904296875,1158433,397.798622737676,398.5137448813091,393.7939270939727,394.89044189453125,8495104,783.8706809392065,789.8135481709712,782.2007690014489,786.4246215820312,7381537
2940.9140476547227,2944.5626330221426,2905.3888045064286,2911.437744140625,1487081,1419.291123395121,1430.8044259536912,1418.6022183790183,1420.5703125,7805252,1399.8155998166778,1403.768223634903,1378.895537719122,1385.0654296875,10566934,969.5147509914575,977.8272785976125,968.9737116887809,976.499267578125,14080204,1379.9825595355662,1383.9483114870873,1371.456217044825,1380.8748779296875,5834312,3614.6938963361813,3635.4907653288005,3587.1627547425182,3593.302734375,931383,394.8904345378628,395.700912105227,391.4101793233631,392.8404235839844,9080543,786.7684568691343,795.8546771264834,784.8529714185823,790.8941040039062,7409396
2895.7876067904904,2929.9687479023937,2890.890789951502,2925.552001953125,2543076,1418.110163604165,1424.8017315172433,1406.301599138448,1417.322998046875,7432535,1378.6062610201184,1390.1749848888187,1363.3740608530718,1385.25830078125,9892020,973.9415460716062,984.5166400056098,972.3184281442016,981.4671020507812,13081186,1375.818389126872,1381.7670168023217,1354.3042341107182,1377.50390625,9976705,3575.3779577261193,3613.703567928493,3564.385230265241,3606.375244140625,1211790,392.84042811675334,395.4625426248142,392.5066986324122,394.36602783203125,11514878,786.915765008732,792.3675451267196,779.3521485418682,790.8941040039062,7091392
2926.6083584758467,2937.841970823321,2904.4289887975438,2915.37451171875,2762140,1422.8336344297813,1424.5064663430474,1409.1553565946745,1412.9931640625,5415511,1373.785961785155,1381.6912093691872,1366.169861688454,1371.9542236328125,10048009,977.3846207407715,980.1882863803764,968.9737439061473,970.8920288085938,13895264,1373.1415514013454,1385.2370458989403,1353.312792536344,1356.0888671875,8793606,3606.375222575065,3626.8749449533707,3565.1775189774735,3572.7041015625,1337067,394.6520785787631,396.03465973340934,393.74627463123227,395.22418212890625,9814361,790.7467609363763,793.4971724617818,776.0123492419096,790.0591430664062,15708181
2915.3746004762743,2928.3365153663553,2900.876599282036,2919.599365234375,1884215,1405.1207239838918,1415.4532174004985,1397.7403715434584,1413.681884765625,8492484,1368.8693412283471,1381.8841562074572,1363.1813615156616,1376.8709716796875,6625368,971.8757166821836,982.5491593344192,970.4984711596596,981.5654296875,9105854,1358.2700517359046,1376.1159356273254,1349.5453489789295,1374.331298828125,9997486,3575.0810068518304,3641.3337963890554,3565.177735364706,3632.916015625,1822410,395.22418285040254,397.6079233983543,394.74743474081214,397.46490478515625,8514272,793.6936009259229,810.392599955305,793.6936009259229,808.8700561523438,15236297
2919.7909498577897,2972.982707005533,2906.2528579377536,2914.4140625,3358232,1419.0368204237539,1421.8134608053708,1408.2279203629066,1410.112060546875,5913947,1376.8708364780418,1389.2108550605094,1369.9296495773656,1372.918212890625,9899184,979.7455870293594,981.7622208654035,967.7440729221851,968.924560546875,12937802,1370.0682117041065,1389.8969719255274,1363.4255044148417,1368.5810546875,12244664,3644.4037321901733,3691.840303623083,3637.570571903948,3650.44482421875,2280103,397.60789534116395,400.277672927119,395.9869402435813,396.9881286621094,13635738,810.3435108131079,810.8837605645641,805.481143141057,806.0704956054688,7986728
2915.086743648966,2923.055733419127,2907.8856798255947,2915.1826171875,2148166,1412.6902784003407,1415.7643381003145,1403.368838463484,1408.922119140625,9009465,1373.7858962323605,1382.4624387348806,1371.279363046038,1375.328369140625,10318063,980.7784409396806,980.7784409396806,968.5309950398891,974.0399169921875,13577396,1376.115874093997,1379.8833867126677,1365.7057756228248,1370.7620849609375,7457021,3660.2489921110528,3680.055534276156,3645.6912319755174,3657.97119140625,1227196,397.79861741128474,398.08465462555023,394.3660253481281,394.8427734375,10874910,808.0842230461906,810.3434873670307,806.1196349490305,807.29833984375,4447508
2913.0700372499637,2934.0970475783347,2898.7640190971856,2901.83642578125,3342174,1400.1956576735638,1419.1359571615956,1400.1956576735638,1415.3677978515625,7577793,1374.9427475738962,1417.1686356270611,1374.9427475738962,1395.6700439453125,12902347,972.908633518138,981.7622004561191,969.5639286580633,979.35205078125,17511716,1370.961308962897,1374.3455639562076,1363.794372575189,1367.4774169921875,7126128,3664.2103853451354,3672.6281659601173,3606.474265241853,3641.432861328125,1769702,394.98578714952254,395.7485724437067,391.8869246070097,392.3160095214844,9580361,807.4457350525524,813.3394995419872,804.5970582342032,811.9151611328125,7087573
2925.072007661826,2927.4723621732833,2883.6898021204543,2891.178955078125,2945609,1437.8779693374279,1440.2579294966365,1419.0368097392131,1422.606689453125,6908844,1412.05912550974,1412.05912550974,1378.2206312900619,1384.1978759765625,7254561,988.6483131467888,996.8132573563983,981.5654475516468,985.5003662109375,19284796,1383.602791829514,1388.4802648218374,1370.6626218339861,1375.3409423828125,11785109,3663.2200390614244,3665.6958568764157,3586.6677038660705,3599.938232421875,1950151,393.79392311853456,394.4613820852118,386.02293505585004,387.4054870605469,30950814,821.1978592084581,823.1624473883827,810.5399923141568,812.9957275390625,6138124
2891.1790271854784,2904.429031301108,2891.083153648401,2895.979736328125,2650784,1419.1358802007367,1426.474039895735,1414.3760811646432,1424.29248046875,6709554,1381.2091389381637,1397.3090164904586,1381.2091389381637,1388.246826171875,3986094,982.8935135816985,986.7300232295675,977.1878335213248,979.35205078125,12352438,1383.6027633741608,1414.460091190419,1382.7068811681168,1413.564208984375,14384719,3613.6046500159473,3618.655415205292,3573.2983832653463,3578.052001953125,1352944,387.45317241186046,390.36132407533586,385.68919868718467,390.0752868652344,16681331,812.8483446933888,816.2863739458684,811.1784327798614,815.697021484375,5076681
2890.890836056874,2979.7039520714934,2890.890836056874,2975.095458984375,4952358,1420.6234166864958,1423.8958770531979,1411.1036970512757,1418.64013671875,5817858,1388.921654258322,1445.1264179190935,1388.921654258322,1442.427001953125,10413061,977.3354453835109,979.7947696044055,973.4005266300795,977.9256591796875,9950228,1406.4969482421875,1418.342205158243,1403.510755146132,1406.4969482421875,8725641,3578.547133180976,3584.8851301879954,3545.3711738723932,3557.55224609375,1325096,390.07529508093324,391.17180987394187,386.5950398255606,387.1671142578125,18188129,814.0271315534591,817.1704846600775,812.7501612160911,814.272705078125,4493888
3005.2438266480435,3005.2438266480435,2960.2132701020532,2978.93603515625,3230726,1428.0606770004104,1435.6963772945633,1424.3916575816534,1433.911376953125,6238645,1453.802949118853,1453.802949118853,1430.9547668193538,1442.619873046875,6565539,982.5000176251586,982.5000176251586,975.4663263982883,979.4012451171875,12439850,1418.4417067156319,1425.3099750709036,1413.7633861810953,1418.24267578125,11021323,3564.187216509058,3612.713244185897,3553.2936184591554,3577.65576171875,1624009,387.16711674788274,387.9299311597819,384.59269449100873,386.69036865234375,15028966,814.272717098252,818.4965697939625,809.4594519619582,811.0802612304688,4402511
2962.997485687316,2972.3108139224278,2928.4323821601793,2932.27294921875,1593791,1432.2257038615987,1433.9114434457279,1417.450243616132,1424.3917236328125,6657207,1444.258688328196,1450.2359327005538,1432.6899649169563,1434.0396728515625,5543397,978.7618310909676,981.7621945267439,962.6286407512459,966.317626953125,19833502,1413.464698965694,1416.84907536351,1401.4204113959267,1402.71435546875,5818868,3575.08090731123,3599.343921779132,3547.3517479193424,3561.018310546875,1060447,387.1194281666145,387.5961762308591,379.01471107445633,379.7774963378906,13087624,809.4103255407733,811.3749137095616,801.2572966311966,801.7975463867188,5097647
2964.245782645686,3026.366909314735,2954.4523833109183,3015.42138671875,3448370,1423.8958843891958,1423.8958843891958,1412.0953443103494,1421.2183837890625,6738427,1452.549588321255,1483.6887826854402,1452.549588321255,1477.0367431640625,10694531,964.1534314319724,972.6135426708398,962.5794879672083,966.0717163085938,17518044,1408.1890657335161,1412.9670232567023,1399.230486508923,1406.0987548828125,5979407,3581.0229260853794,3582.9044509333585,3549.629604209751,3568.247802734375,980393,380.44498754804886,381.92289503325094,377.82287297221643,380.7787170410156,10440286,802.9763126407477,805.9722976123364,799.7838568610522,801.9940185546875,5672898
3004.283909445262,3035.9685911364395,2995.6426326203955,3031.35986328125,5522097,1415.9627825871721,1415.9627825871721,1401.2864621426106,1404.7572021484375,8720155,1468.2638125760993,1483.1103644867733,1464.021923789744,1474.6265869140625,15994798,963.5632270654481,969.6623631247153,952.2503356808104,957.5625,16917731,1401.519906786198,1403.5107021083375,1375.241384232256,1378.5262451171875,12145259,3564.1872355123155,3565.1775626130416,3496.8449926629582,3507.04541015625,1787363,380.7310351895941,386.5473680457286,379.87289439733723,384.59271240234375,13715752,800.4223233479629,801.404617447895,792.4657651203016,793.5462646484375,6997817
3019.6456977878825,3021.0859103623443,2963.477407383879,2970.390380859375,3116051,1396.2290622275916,1399.9973424915918,1384.6269231275805,1387.4034423828125,12990789,1474.6266696224122,1474.6266696224122,1444.162386475055,1446.1868896484375,5443364,951.2665723546679,956.3819785474136,939.4618165446824,942.2162475585938,25438255,1383.50331940736,1385.7926612650012,1360.2109883890075,1379.521728515625,13161813,3505.7579029732888,3542.3008759282447,3502.9849387620147,3525.66357421875,1695226,385.6892144680879,385.6892144680879,381.39848155064317,382.2566223144531,12471719,792.9568789424643,796.6404816628535,786.4737621363677,787.750732421875,7898436
2969.7184911417403,2990.841610057071,2954.548204311535,2961.749267578125,2271789,1380.4619594997932,1393.254139151069,1380.4619594997932,1386.1143798828125,8519507,1447.922152992462,1447.922152992462,1414.951220922169,1416.782958984375,8169075,938.4781016808785,947.6267755693488,934.6415319653455,936.1171264648438,14823813,1374.7437651325777,1397.0406983353935,1343.7869203796088,1350.9537353515625,18758842,3541.013756545707,3580.0325484674395,3505.9560313355887,3566.16796875,1678055,383.3054728016321,391.3625273394323,383.21011736185324,390.695068359375,25255050,786.5228982350536,792.4166628378574,784.3618392231308,788.291015625,6861440
2966.8380558481663,3006.2999761800884,2966.8380558481663,2988.537353515625,1246862,1386.4117998354175,1400.5922996421114,1386.4117998354175,1399.2039794921875,4927348,1423.6277245981132,1449.3682038919694,1423.145694472945,1445.511962890625,4546057,934.1496321868741,941.8719458039564,930.9525108908947,935.1333618164062,20178344,1349.759256141992,1356.9260708455383,1334.430107544873,1347.6689453125,11232238,3566.1679648058634,3593.501090073076,3547.252620072072,3563.593017578125,1094155,390.69506980769,391.12415473908817,386.1659628361549,386.9764404296875,12268090,788.8803576581267,793.9882989038185,788.4383732823478,791.7781372070312,5619805
2996.6984112924383,3029.2471217848606,2979.4158603599094,2987.48095703125,2185229,1402.0798141390458,1402.0798141390458,1378.3795940317052,1382.54443359375,7163073,1445.5120710387366,1458.4305028963795,1432.8829043510907,1444.837158203125,5218763,935.5269334024698,939.2650942089082,928.6408255856272,929.1326904296875,14196320,1348.5648331807902,1378.128095842481,1348.2661652716795,1360.2109375,11517006,3563.5929997406147,3584.885032747986,3525.5645351739663,3540.3203125,1230950,387.6438838396435,388.88344640782555,385.6415650189729,387.8345947265625,19808255,792.0237296591938,796.1493769160325,788.4383921269514,789.666259765625,5075460
3005.1475613511693,3016.6692623196923,2964.917715899919,2974.0390625,1799774,1377.387925122752,1388.2959648465462,1372.6280048233573,1385.321044921875,9813382,1446.09053538698,1447.9222736017668,1420.0609057500144,1425.941650390625,4623483,929.6245191670979,940.740652202688,924.7058709175366,938.9207763671875,16083481,1363.3961593284287,1370.1649121838109,1354.2385492379765,1366.2828369140625,7847563,3559.2356978772013,3571.4167699068885,3525.5645755266655,3565.969970703125,1314831,389.50318820677745,394.03229504639114,388.3589811553069,392.60205078125,12936588,790.0590972888992,798.8997437933355,788.7821270069304,797.7701416015625,4261589
2991.8017155695825,2993.7219990840686,2967.6061901689773,2972.310791015625,1481391,1398.1132401473494,1403.2697196534332,1390.180120261188,1393.75,10564859,1430.6654315565193,1430.6654315565193,1407.6243677138264,1410.420166015625,5787724,944.5772033181551,949.9877162864987,940.6914592688354,945.610107421875,17597657,1365.4865379446771,1367.6763641601647,1350.8541196588233,1353.0440673828125,13223177,3587.856084029622,3589.836738301471,3537.943693090656,3557.849365234375,1434998,404.2347131456668,407.1428648264985,395.7009107798522,396.5590515136719,27274123,800.2258915459101,802.2886851199853,793.6936119705517,795.06884765625,4471950
2973.6550115959403,2979.703716897792,2907.8853038462717,2926.800048828125,2802055,1399.2040313658385,1399.699851362779,1376.098771088494,1391.0726318359375,6621077,1417.1686742864704,1419.771590084351,1381.4984423486478,1392.6815185546875,5466487,951.7584261964354,951.7584261964354,938.5272505370174,947.7251586914062,11602111,1356.7271022727273,1374.6442613636364,1353.0441792852228,1368.671875,5777575,3558.047337382281,3574.1897178498575,3514.770090444606,3519.2265625,830812,397.5125541844266,397.60790962272006,385.59385185760647,388.40667724609375,16000675,797.1316242177459,798.1139182710025,789.4206398814698,792.318359375,5194842
2928.432609909376,2942.7386295513115,2895.7877873726816,2898.668212890625,2626187,1390.4775686686341,1398.807368933041,1385.9160488487796,1390.973388671875,5880943,1398.8514448025214,1405.5998666589085,1376.9673238557784,1381.4019775390625,3811567,953.2340258485783,957.3165278914954,944.823149393627,950.2828369140625,11711307,1373.6488583038629,1379.6212446443146,1366.0838599076599,1372.15576171875,6986720,3535.467859637405,3545.272001528127,3490.903138717606,3495.458740234375,1039999,388.5020552463618,391.4578703163545,387.88225941065747,388.5973815917969,7419022,793.6936078879036,799.4400042107487,792.5148430140074,794.4794311523438,4614227
2911.246178939102,2938.034042622692,2909.997947659983,2927.8564453125,2489301,1387.304306420236,1395.7332460946977,1383.5360261458507,1391.9649658203125,6470679,1427.7733097648295,1453.0316426482493,1419.5787971834648,1450.2359619140625,13072640,958.1526998830964,958.5462157684692,947.0365666053971,949.4467163085938,13985539,1370.2643943031567,1374.843199236951,1362.4007284883235,1369.8662109375,9754452,3512.888289742588,3515.6612540170654,3482.386166281497,3490.903076171875,1522116,389.5032021316832,391.8392794876205,388.4543504800707,390.9811096191406,8825896,797.6228148719179,797.966593827573,791.3361086054234,794.528564453125,4567272
2934.5773210773896,2998.2347696750494,2931.696895660388,2986.041015625,2079428,1398.2123094765393,1401.8813288190768,1390.3783297737682,1392.163330078125,7452347,1455.8274419814547,1479.7361846012639,1455.056264347903,1477.518798828125,7281071,958.0543466125587,958.0543466125587,946.0528326679372,950.1845092773438,18091100,1377.5308659113482,1382.1096709119122,1367.7759200987732,1370.66259765625,7790815,3524.5743212890625,3542.796244108677,3506.847562043667,3515.661376953125,1136732,391.8869277335158,394.46137904411546,389.9322722150785,393.8415832519531,9252397,797.622777526262,809.9996587129843,796.0511310104619,803.7130126953125,7285853
3013.885194748687,3013.885194748687,2986.137189714118,2999.675048828125,2263446,1386.3126886500647,1396.2290884258164,1384.3294086949145,1389.882568359375,10192026,1469.1314991861996,1472.6020926929066,1452.3568266067848,1455.4417724609375,8003662,944.6755555766032,953.4799478098324,944.2820997482355,952.0535278320312,15113633,1369.6672638548873,1379.1235422027225,1368.6718661340626,1376.9337158203125,9766072,3513.680701137509,3530.2191160593115,3498.825794001922,3505.4609375,1177793,393.8416037431192,397.32188823995943,393.26952928734954,395.74859619140625,8274406,804.5970423736838,811.0802191569468,804.4988369492515,809.0665283203125,7425055
3018.685897890405,3023.198517586115,2996.6026359147436,3008.50830078125,1447167,1393.3532613043915,1407.8311802789096,1388.39506158368,1405.847900390625,7770038,1481.7606968153777,1487.4486761823323,1466.4321143461764,1470.7703857421875,12856963,954.1194397337725,954.9555859441327,946.5938836721522,951.5617065429688,14363519,1376.9337291414593,1389.873899637371,1374.146566892781,1388.579833984375,7403368,3521.9992958762114,3560.6220538086504,3513.7797741497543,3545.173095703125,1146873,396.03463286721455,397.65555886786507,393.6508924853225,394.509033203125,7803379,809.5085114612542,811.1784233553801,805.2846589910332,808.96826171875,5078018
3009.0844623500607,3009.0844623500607,2972.5990732086116,2987.865234375,1732539,1410.1120532176328,1414.8719735471493,1404.4597537449094,1407.5338134765625,5845637,1470.7703889313757,1472.6021270614033,1447.2472937742573,1454.1885986328125,6167414,953.824233432933,956.5294899386951,949.2991011128589,951.3157348632812,14486377,1386.5889315301856,1394.3530818320328,1382.2091575524387,1392.8599853515625,5396697,3546.3613337803777,3572.109838298191,3540.914534747763,3551.510986328125,1177076,393.84159774229215,395.03346800431143,392.60206430915014,393.460205078125,5707331,808.9682688172991,813.1430186120108,806.561636356512,810.1470336914062,3852494
3003.3236516831826,3024.4467719955323,2985.1770648150605,3020.318115234375,2573429,1402.1788926034542,1412.987792293879,1401.8813521978338,1409.71533203125,8213151,1454.18869843609,1459.5874130189484,1449.4647790449067,1456.9844970703125,8923112,945.560981879392,953.5783427584718,945.560981879392,951.1190185546875,18661794,1398.2350616507645,1401.5199225726963,1391.7649767809332,1398.8323974609375,8686961,3569.0397307325097,3638.461756993749,3558.344391500482,3632.32177734375,2928060,393.98463766531836,395.0811524650244,392.84043059703714,393.8892822265625,8239087,810.4908511172532,818.2509986153229,807.1019843806856,816.82666015625,9467531
3026.366894691811,3055.5551110798156,3017.1494398273812,3046.337890625,2418271,1408.2279494348236,1414.1777894755733,1404.5589298296168,1407.33544921875,7484283,1462.3832147820146,1471.830935901443,1459.58741614181,1467.685546875,4795698,949.4467082101403,958.5462075924,948.6596764461077,950.7747192382812,17361476,1400.5245819104894,1409.6821922648512,1400.4250664409112,1407.2933349609375,7519417,3636.4811698717945,3668.1716375830956,3627.2710793373817,3649.8505859375,1610471,394.6997410484167,395.31950772328065,389.0740905115468,390.2659606933594,14113882,819.5279331306582,842.9556827448961,816.2863746805828,841.973388671875,17243938
3058.0514988629902,3075.334050504916,3035.392059613066,3050.082275390625,2633138,1419.1358927633355,1420.821753289835,1403.4680543540285,1409.814453125,8130537,1494.2935138953433,1499.1138155530703,1483.2068200825713,1485.2313232421875,9331945,957.4640913046234,963.7108108355188,953.4799980850369,961.0055541992188,17791598,1413.8628424954393,1415.4554544293837,1404.2074124117412,1408.4876708984375,9332642,3655.2973386419903,3664.210282572572,3636.976287229127,3650.345703125,1270148,392.22066465605855,393.84159072448466,391.02879441527705,392.4113464355469,15647808,843.4468127830675,845.5587090248177,836.0304447176452,839.222900390625,10400847
3043.64975218093,3053.731241896356,3018.6860633617807,3042.881591796875,4901694,1404.26135906907,1406.145499251229,1388.494259091765,1390.4775390625,13457344,1489.0875921991392,1495.546867150236,1465.4681136380061,1484.845703125,12988129,959.0380500102757,960.8087513537787,946.4462625851606,951.168212890625,31243267,1408.3882121473878,1410.4785229891424,1397.1401696768169,1400.9227294921875,13461373,3643.413418820417,3669.161923547063,3635.490801981449,3639.84814453125,2227521,392.411332862674,393.4125212893377,389.932266126311,391.5531921386719,19505321,836.9145788068039,849.1441524246292,834.262372728141,847.081298828125,15206426
2971.6388949892716,2983.0644887376598,2942.8346407567424,2951.283935546875,3634901,1392.1634074537787,1398.1132473992611,1385.5193468847744,1389.783447265625,8847948,1429.4121385641438,1460.2620677071914,1428.7373434373958,1445.6083984375,15655204,948.315388056543,955.3982535857159,946.298754270858,948.5121459960938,10854415,1397.4387885526373,1404.2074196840813,1381.6119415772491,1384.199951171875,7757970,3657.872227019285,3657.872227019285,3598.7495064736067,3609.2470703125,839430,391.5532176336283,391.8869471309128,387.16712919399254,388.0252990722656,8930779,846.7374795324375,852.8277146939828,838.8791270541783,840.1069946289062,6594034
2947.6353061603577,2957.9087764692863,2930.352753876681,2940.338134765625,3177741,1379.3712163938944,1391.568436605077,1379.3712163938944,1382.6436767578125,12827524,1439.3420265057648,1458.6232324870878,1439.3420265057648,1443.6802978515625,9832164,951.2665762064279,952.447063800625,939.9536851760515,941.6260375976562,21022298,1384.5982372618869,1388.5798281670254,1370.4636381520502,1383.40380859375,14014702,3611.6237657042916,3637.9665629945675,3578.249791146559,3622.220458984375,1262120,388.16830584530703,389.1218020379517,383.4008248820839,384.4496765136719,14936357,839.4684757773939,858.7705779481222,836.1287119616596,855.1851806640625,14357863
2928.4322252766387,2935.1532172690772,2912.1098161521463,2914.4140625,1625714,1374.8096433544556,1379.2720231049968,1364.9923836933056,1371.1405029296875,9735678,1433.7504516255494,1442.909024606748,1429.4121802134027,1440.884521484375,4937004,936.7074240016012,940.8882751893465,927.6570988338277,935.5761108398438,15117220,1378.9244730635044,1389.5751797778832,1374.0470000648747,1376.635009765625,5922759,3622.220664612041,3673.3214002597188,3601.918958126379,3638.263916015625,1745130,384.4496624147626,385.83221438435834,382.0659220205699,382.3519592285156,12380865,860.4896293435494,864.9099527819579,849.1441445091953,850.8631591796875,12840160
2901.548196352667,2908.845366983573,2833.3781361471615,2839.52294921875,4974361,1365.488259405882,1379.867039189023,1360.331779903573,1364.29833984375,21613389,1435.4858961438838,1448.6934761875953,1423.4351414751138,1431.4368896484375,9491867,937.0024763946197,942.4129893816753,931.9854792780051,934.3955688476562,31413279,1374.942926360271,1378.128150477363,1362.6994857374575,1366.0838623046875,11411143,3648.364998684974,3668.171540480224,3600.5321518936316,3609.14794921875,1999071,382.7810611389299,384.2589686096089,379.4914876094897,381.49383544921875,22006368,851.2069400560208,854.7432347874252,844.7238229801568,845.902587890625,8678821
2823.7769658283983,2837.0269692313786,2776.057966398974,2783.547119140625,3934636,1356.563442311047,1361.2241016242142,1345.655402935739,1348.233642578125,18342280,1421.9889772759154,1425.555953399892,1389.4036912657584,1396.8270263671875,8597058,929.7228805294212,935.9695999150294,925.9847198182591,929.6737060546875,14874656,1365.685684712474,1376.3363918134596,1359.7132983361805,1371.2598876953125,9879109,3628.558621505899,3758.1923467252477,3625.5876401018277,3693.425048828125,5870301,381.49381081167934,387.02407677530545,381.20774451111,386.26129150390625,14414044,846.7374895737396,849.0458566598143,837.8968429308584,841.7769165039062,6959545
2799.773476015783,2812.5434087793974,2778.6503565122343,2780.666748046875,3110035,1348.233693764239,1355.076033842118,1334.9456938107846,1336.829833984375,20563163,1407.5280279964163,1412.3483294621576,1384.872611107433,1389.982177734375,10513117,930.6574059019287,941.232499440892,923.8204729543667,934.8382568359375,32398179,1375.2413599514077,1382.6073268149732,1361.7039763015719,1366.48193359375,14231999,3701.8427334272105,3703.8233876452027,3644.0077269734734,3652.722412109375,2599630,387.97758033993085,389.02643193197514,384.44966201919163,388.3113098144531,19717660,842.8574336077328,858.0338893192718,840.8437427101278,855.3325805664062,22641712
2794.9727356006983,2799.101392157332,2770.105157137798,2773.2734375,2253458,1342.3830124406416,1345.2587926353076,1331.3758327091439,1336.730712890625,20166871,1391.1390030128964,1400.0083106366037,1386.4150840398418,1389.982177734375,7556305,942.4621986714628,944.3804835370663,930.9033750448373,935.5269165039062,28296687,1370.7620971908361,1370.7620971908361,1356.5279835173724,1357.722412109375,14604684,3659.2587099286434,3660.8433300329384,3612.7133352691994,3623.60693359375,1676302,387.8345649867495,387.8345649867495,381.7798585213034,382.8763732910156,9465490,854.5467671830805,862.0612811008727,852.2383400675699,857.0025024414062,12831593
2775.7696811050214,2808.2225177556543,2752.3423171660024,2798.044921875,1952902,1336.7306701838102,1367.8681892333634,1335.8381700071102,1360.530029296875,20952632,1394.0312659732858,1397.405477197979,1376.0997670015454,1393.8385009765625,6250692,937.1992488555558,953.8242439027433,930.6082481971154,949.5450439453125,25350832,1360.7086293823172,1372.255218175594,1356.4283707523282,1362.4007568359375,12045916,3623.507733402203,3652.3263487550407,3580.032470376755,3634.797607421875,2005028,383.6392049522153,387.1194602903188,381.16010899274613,386.7380676269531,17643039,856.8551164386336,860.9316608640574,847.5233226519999,848.80029296875,10832384
2807.454578770542,2807.454578770542,2775.8660078142957,2786.2353515625,2899519,1360.4309257938526,1360.4309257938526,1349.9195661151996,1353.786865234375,12163695,1387.282784330546,1396.2485922754322,1381.6911874663804,1394.609619140625,6877533,936.5106471136629,951.0206597658967,936.5106471136629,949.4467163085938,26658296,1356.926091696157,1365.287456651113,1350.6551591113212,1357.125244140625,12842347,3654.30703918401,3709.7653573938487,3630.8363350117334,3696.990234375,1959124,386.0706081822361,386.6427117258004,383.5915122257209,385.4985046386719,16987141,849.8317681995126,857.5427529354124,848.5056351862063,851.9436645507812,8019442
2786.3316788238635,2874.28076699856,2780.1868646812827,2869.287841796875,2112774,1359.5383926525742,1361.1249923873581,1347.73785285358,1352.001953125,14314283,1394.6096065704758,1425.6524188431904,1390.4642178899833,1422.9530029296875,4630590,956.0868643620497,961.4973774003239,946.3479168763192,957.6116333007812,18542683,1353.740909090909,1371.0608538471567,1352.7455113636363,1368.671875,12396580,3684.0169776056996,3730.5623533980297,3667.1814161488996,3700.8525390625,1581506,384.25895278749806,385.1170935125061,381.20775343369894,382.11358642578125,13989077,852.6312903204407,859.8020253564342,847.5233489405293,858.5741577148438,7820352
2875.624650921264,2884.745997894136,2837.699050349848,2855.173583984375,3062943,1352.2002408686599,1371.5372203120692,1352.2002408686599,1364.3974609375,16126464,1424.5918193613172,1429.6050033943986,1401.743637948074,1406.0819091796875,5570320,958.1527020714059,973.7447933808842,955.201513050652,966.514404296875,25535736,1369.667209612737,1389.47564777439,1369.5676941462978,1378.4267578125,11244040,3711.746081702309,3729.571970034924,3688.968557721745,3693.623046875,1673945,383.78224573811093,383.8776011840606,380.92175695000077,381.2077941894531,12298968,858.67240059065,861.4719147583033,847.7197975329713,849.3897094726562,9242580
2856.421663900003,2921.711301932003,2849.70067174965,2906.541015625,4121889,1360.8276403806535,1370.0498198860423,1352.8945202642897,1358.8443603515625,8100832,1404.6358503769075,1444.1623224877194,1402.707729786136,1441.2701416015625,4657192,960.1201629857547,969.8591107869768,958.6937429483099,962.7762451171875,15939710,1378.426755451918,1382.6073771032557,1358.2201339506064,1361.1068115234375,8525081,3693.9201850384043,3723.6299988590886,3679.0652781280623,3693.72216796875,1424633,381.3984692581301,383.0670875611344,379.4914769118394,381.16009521484375,8402463,851.4524964349083,852.434790514772,842.0715999631051,843.0538940429688,7156112
2913.070135429991,2943.794672125363,2899.628150625765,2939.666015625,3211304,1358.3484255020637,1367.173924045517,1353.687645197864,1364.69482421875,7909575,1448.0185870707542,1459.5873108023447,1433.557682406266,1455.0562744140625,7028753,958.6445364195181,963.0713198098597,954.3653364923583,961.2022094726562,15370950,1367.676424553763,1373.6488106871855,1362.7989515764332,1371.458984375,8826633,3699.36699090069,3759.6778163536533,3694.0193211149704,3732.740966796875,1827249,380.4449598795719,382.73334479601107,380.3972967119267,381.3031005859375,15656267,846.3445463246103,850.4701934075276,842.906517081258,846.835693359375,7020501
2928.4324419455565,2947.635277630445,2887.0502372807746,2907.597412109375,8817365,1358.8443421746942,1373.4214017735967,1358.8443421746942,1368.7607421875,7673816,1455.7310370996563,1467.0104954131987,1444.933608930849,1460.4549560546875,3738353,963.0713193511867,970.1541847807785,962.1859386567031,964.9404296875,13757080,1371.45898859096,1381.6119964455866,1368.7713419175536,1375.3409423828125,6373084,3728.581490385608,3762.252611414323,3723.629854940209,3747.397705078125,1129678,381.82757497204756,385.0694563176354,380.92174191886477,384.0682678222656,15085738,846.8357087276893,868.1023997007326,846.0498854486992,865.0573120117188,13713015
2906.349233459963,2914.5104387736105,2878.6971026918,2887.33837890625,2866865,1361.6207839903618,1374.8096436760768,1361.6207839903618,1367.8681640625,8923018,1443.1982662450723,1450.6214834671307,1430.087069727637,1439.5347900390625,5859355,958.4477997344204,965.0388004923793,956.1852335153851,961.1038818359375,18634254,1370.5631549835205,1371.3594002602317,1361.505059967041,1368.671875,7600682,3743.4365207172705,3747.397829204802,3708.7750714513695,3733.0380859375,1191248,381.3984717438948,382.3043047536442,380.0158906444655,380.683349609375,9508594,863.4365156616575,872.3753680081057,860.4896333556451,867.3165893554688,11923143
2900.5884226064827,2906.5412549765147,2837.699133735008,2842.307861328125,3611416,1377.3878684808556,1377.3878684808556,1363.6040491867466,1372.52880859375,10610855,1445.1264411305913,1459.9729938155936,1433.075686951717,1436.353515625,5600789,954.2177737318785,964.4977607253469,951.2665847409552,961.25146484375,22934382,1373.6488553790207,1381.612037149334,1363.7943936365562,1369.5677490234375,9768174,3738.484780545012,3750.1706886121997,3694.1180783697487,3708.081787109375,1364583,381.3984588314936,382.2089363761892,377.77518511195166,378.3472595214844,10291102,867.3656576175208,868.4953197717444,856.6586283491738,861.4227905273438,7681973
2863.2201408860237,2871.604481316868,2843.945686891503,2862.063720703125,4282226,1374.9088107982643,1388.692630514965,1373.9171708337506,1386.7093505859375,8988550,1430.5690952632847,1435.1001315764527,1414.75848288892,1421.4105224609375,6986098,959.1364356766506,968.8753835018975,957.5132576917447,962.3335571289062,23310447,1376.6350089791804,1377.6304066718624,1366.382364141153,1367.97509765625,10882743,3710.755608261642,3806.7182066235514,3708.0817734729926,3791.665283203125,2575918,379.4914637395229,382.2089335583413,378.7763416344861,381.3031005859375,16043867,862.552413904726,871.7860023052981,861.5210171041608,870.4107666015625,8269225
2862.1601270799792,2867.075207263124,2836.332545372744,2862.93115234375,3251495,1389.287635646356,1407.0380158006922,1387.7010358612888,1405.451416015625,12185032,1420.9285143742625,1421.5069270236047,1408.0100826842827,1418.61474609375,8005748,966.6619807603523,980.384961573746,965.5306676270898,978.1715698242188,22936566,1368.7713249510273,1394.0544503152107,1368.671809484766,1391.8646240234375,12315932,3793.250008284209,3848.3120509754262,3792.952861793004,3824.4453125,2330283,382.3519869568705,387.11946809099607,380.96940578861586,386.3089904785156,22962049,872.5718005367993,876.0589324550273,866.8254042739779,871.2457275390625,8493686
2862.2568312933195,2880.374867719902,2848.1863837329993,2854.73974609375,4374683,1400.1956466119625,1427.5648857493748,1399.1048668479334,1424.5899658203125,17037215,1402.6113299617484,1405.9855409539045,1382.462446500531,1389.3072509765625,16959378,977.7781081157631,992.5832274986775,969.9574453059425,986.2381591796875,25210511,1394.5522084059296,1416.7496262080865,1392.6609284325848,1410.279541015625,19335561,3822.6627988916825,3832.070906816416,3793.0521138191575,3802.261962890625,1337364,386.49966683131913,394.60438403521437,386.40431139747704,392.9834289550781,21071344,871.7859901135612,878.9076221454748,867.3656667834078,873.4067993164062,8511854
2877.1943748710046,2913.333979311689,2870.4483153754104,2905.81689453125,3133039,1429.944862993793,1432.9197829584125,1377.5862231965677,1378.6771240234375,23330227,1401.4544470050912,1414.276496397426,1397.8874708768014,1408.395751953125,6994246,980.7784494751901,1003.4042311581684,980.7784494751901,986.6316528320312,22195202,1433.3726108781723,1467.0170999313523,1426.7034952504036,1460.04931640625,24721978,3824.643294384854,3849.9957650830866,3808.203767666286,3835.23974609375,1223232,393.3648351646861,395.5578938251509,392.17296494651845,393.8415832519531,13083621,878.7602670499772,897.4730173879747,875.273135028841,891.431884765625,13546463
2921.1404673344027,2921.815026282457,2887.3137006926995,2897.62548828125,310644,1372.9255110082336,1375.999570643796,1364.3974316467445,1370.4464111328125,3415560,1424.881136066363,1432.5936185349226,1417.1686535978035,1419.482421875,1698704,989.6320299074079,993.5669485153896,987.664570603417,991.3043823242188,3471600,1461.2438272093502,1467.2162134241023,1453.2806455896807,1458.4566650390625,2066169,3854.3531351462984,3857.3241164940473,3839.6962454749205,3850.58984375,260327,394.27067613010945,394.6997610566706,393.1741613269356,393.6509094238281,1142130,891.9230028558147,893.8875909678319,890.3513563479894,891.775634765625,1783576
2944.1731825516827,2985.613263353556,2925.958915568601,2961.712890625,5564758,1373.4214191916344,1378.1813396780694,1348.7295586366392,1352.2994384765625,21124942,1455.7310466373283,1490.4372172856354,1451.8748054541832,1473.566162109375,20358624,999.4693402098319,1003.8961237048558,989.6320435542233,992.386474609375,43526526,1468.2115624957596,1476.0752283864208,1437.9514490416038,1441.7340087890625,18707090,3852.3725812636535,3927.8354611063683,3852.3725812636535,3880.794921875,2815778,396.65441365825745,400.89748332833454,394.3183363615374,396.60675048828125,24305990,895.8522005767054,901.7459650541837,888.7796712128369,895.41015625,13382769
2968.2660284834456,2977.9032558486515,2947.3532921577225,2952.075439453125,2684318,1356.66265330236,1370.0497932383416,1356.66265330236,1366.182373046875,10570263,1484.1708637038648,1487.5450748262833,1463.4435668090073,1470.57763671875,8652257,994.5506701933195,995.4852253636408,975.1711841959709,978.5650634765625,17707768,1443.3266994671071,1453.0816457634617,1434.3681199531734,1444.9193115234375,9700837,3891.2922999965385,3901.7896221286937,3859.7998500419208,3867.128173828125,1146636,396.6067573166322,398.5137497228218,394.22301680889524,397.4172058105469,14935678,894.8207940870866,897.9149844315482,884.9978533977383,888.4849853515625,5313227
2955.256119066933,2981.9511949510156,2949.1846180560947,2972.988525390625,1946312,1370.5456319928564,1375.206412664237,1362.5133721313011,1366.083251953125,11499836,1478.0165606695539,1483.2043487095048,1466.3685916918344,1472.633056640625,7273211,980.286584655995,992.6323796093756,979.9914777728962,986.6316528320312,15700796,1456.266786847925,1478.16553552233,1451.289798512833,1477.2696533203125,14113867,3874.1597944485043,3909.81157169803,3869.2081587194034,3885.845703125,1057688,397.60791001997336,403.0428499257912,397.22651736481293,401.0881652832031,11603679,890.8916307113675,911.5689091709564,889.9584393414725,906.411865234375,9150761
2964.4112497423184,2978.0960660621163,2929.9099274122086,2946.9677734375,3470737,1361.521728041381,1364.298368477702,1344.8621275230646,1351.7044677734375,26477914,1467.9347848431598,1474.5908017388306,1458.9296979699484,1468.4241943359375,8211019,981.4178939740924,991.5994716753507,978.8109864255694,987.2218627929688,33904289,1477.26972256393,1485.1333888036675,1470.79963742504,1480.056884765625,17631577,3884.162046024061,3947.4438514977546,3879.4084275510377,3934.37158203125,3391806,400.9451604443985,402.04167527754,396.559072013437,398.466064453125,17163147,910.6848024520077,919.2798755091706,901.4512742261386,913.779052734375,22066289
2946.96788369373,2964.4113606511696,2935.596142774,2946.678955078125,2895420,1353.191921020162,1360.2325408166014,1347.043801434495,1358.9434814453125,16129382,1468.4241778932897,1488.0005573851865,1465.1941469679696,1478.408203125,4884976,988.5499498614066,996.0262711888014,983.729650556841,991.451904296875,17769445,1483.1425015536738,1501.3583271895798,1481.2512217130793,1497.277099609375,11884745,3949.424649733679,3977.846990406787,3882.082403950858,3919.81396484375,2563641,398.7521371748908,402.56612211545064,396.7020969906232,401.9940185546875,11470661,917.3644435934705,925.3701041834124,913.7790463044942,923.11083984375,12314222
2938.487165302022,2952.653842834952,2922.778437237614,2925.187744140625,2241536,1351.0103759765625,1358.7450954369456,1349.9195961737937,1351.0103759765625,9324401,1475.0801523386458,1476.2546872805226,1457.5592692997866,1462.1597900390625,5608867,983.7296659041476,993.0750977302371,980.8768258561881,981.9097900390625,19962917,1493.0964871305005,1496.1821955688695,1477.1701246011085,1481.6494140625,9318663,3941.5019898608934,4023.303107769138,3937.1446471867516,3948.929443359375,4959400,401.9939896699586,402.08934510630013,396.7974239224796,399.2765197753906,12938674,922.8161933430813,928.1697081157838,916.5294871954993,917.8064575195312,13044473
2924.898585437403,2956.1231088421955,2915.357824198127,2947.064208984375,1868085,1345.6554843440952,1350.6136843601014,1332.07006472016,1334.0533447265625,15926798,1458.4403008415877,1465.3898918009988,1449.3372364048548,1450.9034423828125,4819814,977.8272677237645,988.1072545286754,965.1863657946757,971.2362670898438,23221330,1483.540795005222,1490.6080945575152,1475.4780977270138,1479.5592041015625,8758053,3962.3978695741725,4006.7643303770587,3941.6998880485453,3991.909423828125,2328183,400.94517315884843,406.5707952146441,398.7521434230218,400.8021545410156,18599864,918.3467523280527,929.9378103922294,913.7790609093079,920.4095458984375,12078252
2936.367047373489,2947.06446508497,2900.80576844531,2907.359130859375,2194877,1329.2933430972657,1340.3005222505137,1326.715103456384,1335.14404296875,11071450,1450.9033496746388,1459.8105780526128,1442.974820743242,1454.0355224609375,5470600,968.9737116887809,978.3683179002891,967.3013592642496,976.499267578125,16607180,1479.1610089962214,1488.1195884585134,1472.4918928888083,1477.866943359375,8452085,3991.018262368892,4001.911860603646,3936.451141772266,3941.9970703125,1154072,400.42074533071906,402.041671429904,394.07997225072296,394.69976806640625,7635440,922.1285723673408,936.5192046955284,920.9007047609928,932.8847045898438,11744735
2910.0577150577624,2919.405779977123,2868.039303195767,2881.72412109375,2670720,1331.375810196628,1338.5156906678078,1322.0543701938611,1325.7235107421875,15211183,1448.3583414401685,1450.511814804534,1431.9142548968182,1436.808349609375,8691330,970.9411924643373,980.7784892471573,967.6948965344255,969.2196655273438,20024544,1477.07065615293,1485.9297198935935,1463.334119430687,1466.3203125,10007806,3946.4536181325493,3951.4052537889265,3878.913356135383,3886.439697265625,2042881,394.7474188614159,395.22416695182824,389.36017125943533,389.88458251953125,10085404,934.1616585246089,942.314687296863,924.8298648800413,940.644775390625,19154518
2881.627605776501,2914.2977142131544,2881.531139384038,2901.6728515625,2542721,1318.88116976713,1330.979129069885,1306.386530263507,1309.3614501953125,24221853,1447.2816360762577,1451.58846323567,1430.9354078512456,1435.6336669921875,7944752,965.0388182096445,974.9252895070431,958.1527104344483,968.6294555664062,22279516,1477.1701896475465,1494.6891648996161,1469.406038969176,1489.2144775390625,16772678,3906.8405995609546,3939.521395450818,3834.6458471704373,3844.053955078125,1749063,390.933423001342,394.07994866906864,387.6438496318514,388.5496826171875,10095563,952.4814547462262,954.2004693430785,938.3854990793552,943.739013671875,23088096
2892.1320716871546,2895.023240036059,2853.1012989769483,2883.265869140625,1830520,1309.3614221413634,1333.0616413002483,1307.576421800604,1331.7724609375,7719245,1438.8638806951196,1449.533031326473,1418.4065403991735,1445.5198974609375,8765759,964.0550607577244,968.8753600783504,958.8904800750938,966.317626953125,15004568,1487.7213309001133,1491.5038906434634,1469.1074431042953,1471.19775390625,7821765,3839.5973985882933,3855.2443737626,3794.0423507725736,3844.945068359375,1577294,387.1671242550703,390.0753051532848,384.3543278958865,385.2601318359375,8411611,941.7744580906816,947.7664280534589,927.2856202739019,938.92578125,13371323
2884.422275161144,2937.3305615709287,2883.4585523829414,2915.4541015625,1556656,1331.6733731274833,1338.3173126722259,1329.7892329275433,1336.730712890625,8542340,1458.5381171839108,1487.8048281611332,1458.4402591842686,1481.4425048828125,9787975,966.3176552483678,974.8269410200376,964.2518469316628,968.4818725585938,15988262,1471.0982430243503,1494.0919049344996,1468.7092643110286,1482.44580078125,7068438,3857.3242358837683,3905.652248992122,3856.3339087372,3880.596923828125,1397176,385.26012436572665,388.1683052075514,384.8787317089743,386.69036865234375,6650003,939.0731232147145,946.1456524515773,932.2952702055394,934.3090209960938,7343249
2934.5359333014544,2944.847720230334,2908.5154176367123,2936.46337890625,2806868,1337.7222802082897,1349.0269997439532,1334.9456399539874,1346.944580078125,8305184,1492.6989304110698,1500.9210336624128,1479.0933228205395,1497.88671875,13692989,967.4981021987119,977.3353986115102,962.0875891716729,975.564697265625,10200530,1490.1103850249956,1491.9021495222175,1473.3876547459602,1486.5269775390625,7127506,3890.9951479288484,3928.4295603955593,3859.3046809566613,3916.74365234375,1775462,387.11945405752516,389.07410961230016,385.7845652080402,387.929931640625,12005318,936.7156357136287,938.041768729716,928.3170330963064,936.4209594726562,8648917
2948.991669923252,3022.619995280987,2946.1969680097523,3018.18701171875,4460315,1358.5467300041707,1358.5467300041707,1344.0688109600715,1347.53955078125,9736761,1507.3812396717751,1526.1745164244364,1505.5214596999074,1518.8333740234375,14635417,982.549186657653,982.7459446009269,971.629811290036,973.4005126953125,13137263,1498.0734942427068,1517.6827797499902,1493.0965058897411,1504.5435791015625,12384459,3931.5985969168373,3935.361888262145,3898.8186731125243,3916.34765625,981350,389.0264331714527,389.1217886071048,386.6903559407471,388.07293701171875,7987236,940.7430695871906,944.5248778824666,934.5546287610688,940.2028198242188,7043323
3018.186949242595,3018.2831803470704,2989.4679642954256,2993.03369140625,1740435,1347.5395638924115,1378.7762225869417,1347.142883699029,1374.3138427734375,18296626,1524.1189242683809,1524.5104757353395,1497.8866487683968,1509.14306640625,19655689,967.990016129637,973.9907432290495,966.6127705451346,970.596923828125,14124839,1508.0275174062697,1515.0948167835015,1499.8653048593553,1503.9464111328125,7196443,3916.3476087646436,3983.9867556218724,3887.628123140424,3963.7841796875,1834962,388.07296852755434,388.54971664613856,385.68922793463327,386.83343505859375,6617185,937.3541550706268,946.8824199346525,935.586037662384,937.1085815429688,8894441
2977.9034333434784,3000.1655239975616,2965.6642009169345,2993.322998046875,2210794,1362.513368521827,1369.653128146561,1351.8036080349211,1361.521728515625,9694498,1487.8047537888665,1497.59294295853,1457.2656513734084,1470.9691162109375,9739549,960.169315545859,975.5155341538173,960.169315545859,973.4988403320312,21386965,1498.5711928131457,1513.900341239272,1498.5711928131457,1511.9095458984375,7682823,3963.2890831386517,3972.6971906573467,3933.1832357904595,3965.665771484375,1916910,385.87991971501265,389.74156764498133,381.49383142153096,389.1694641113281,64020258,936.0771717973782,951.8920827784771,935.1439804142634,950.7133178710938,11032927
2993.322838009285,3010.187986001932,2974.6267109195564,2989.66064453125,2232853,1363.6041374139656,1370.9422976111398,1362.1166774165574,1367.4715576171875,7660717,1464.3132041198487,1478.212385937251,1460.8873376663598,1475.66748046875,7910354,975.121999344663,981.7129998984626,969.5639028977658,980.3357543945312,18396408,1513.900387650411,1516.6874283079178,1504.5436249599409,1511.3123779296875,5871416,3965.6658083468374,3991.018279239245,3961.4075951694253,3988.740478515625,1206133,390.69506352506284,392.8404299507648,387.1194528155595,388.1683044433594,7855399,953.8075386869531,958.7190090200476,951.3518035204058,956.1159057617188,7415026
2989.4680176661295,2992.3591859617445,2966.338671301208,2975.108642578125,2548350,1368.6614140079962,1371.2397747243117,1357.6542347453071,1361.9183349609375,9529560,1474.1013313334302,1474.1013313334302,1451.784211591062,1454.91650390625,7525119,981.4178963551165,982.7459073482096,973.8923406153428,976.302490234375,20002640,1514.696568271851,1520.7685911952462,1503.5481631005248,1512.4072265625,11045042,3981.1149295809723,3987.8492021957804,3940.4123891863123,3960.912353515625,1748928,389.26482550088946,390.74273297855876,385.73687790475674,386.9764404296875,7661681,958.3260628811324,959.4066223219879,951.6955779628004,955.2318725585938,6594686
2984.6495543039355,3040.5454775036865,2971.639296317787,3033.51025390625,3151053,1362.0175118520117,1372.4297316368286,1360.133371680989,1371.5372314453125,10393918,1458.9296699222182,1510.317665675936,1458.9296699222182,1508.4578857421875,10981126,973.8923481205824,980.3357652840727,967.9899702531849,978.41748046875,19813847,1510.4164493928117,1515.2939222795571,1505.0412776708577,1511.9095458984375,5692366,3968.24077569857,3987.5521545670804,3941.799089911349,3980.718994140625,923032,386.0229487699935,386.6903786619881,384.06826406864894,384.78338623046875,7882450,955.2318704792619,967.0193991973044,951.6464731790688,965.3494873046875,8291226
3033.79944214396,3049.7008686990343,3024.2586803244717,3030.715576171875,2700767,1368.5623301618334,1376.6938507345087,1363.9016706145442,1371.4381103515625,10131863,1522.0634729079381,1522.0634729079381,1501.5082748815287,1503.955322265625,7387584,979.106143718625,995.1409255797437,976.3025381325072,992.4356689453125,19850865,1522.9585089376258,1543.7623455509595,1519.6736478639639,1541.9705810546875,18171724,3995.9699912742126,4008.844244034204,3968.934012122414,3998.3466796875,1463574,384.78336574606783,388.07293915467255,384.49732853592553,386.59503173828125,6693410,968.5419358569656,969.131288306733,962.0096564254319,964.1707153320312,6440857
3030.715536432949,3055.0013041600305,3021.463703354114,3036.30517578125,4177037,1361.5216431243439,1364.4965629563708,1353.1918433847088,1358.0509033203125,11483595,1498.5718033380108,1518.6375916910017,1493.9714020948772,1512.2752685546875,9186302,986.7792242744008,991.8946306513916,980.3358068377918,981.8114013671875,17499897,1533.9078528560988,1550.6305827884978,1533.0119706260582,1539.4820556640625,9615271,3987.056985840705,4017.757126566254,3976.361404586955,3985.967529296875,1241149,386.1659529187517,389.5031895489138,385.8799157040955,388.8834228515625,5808131,962.3535354628224,963.2375641743527,953.8566675716402,955.3792114257812,5377241
3043.4366842823783,3063.578397230728,3017.4161679823073,3027.24609375,6703764,1361.8192653055182,1365.488284898759,1350.1178648436169,1356.960205078125,15896003,1530.4813442936104,1551.4280945139647,1508.3600590826622,1515.2117919921875,19270381,983.7296398293618,994.9933562138265,977.4337461176169,982.8934936523438,32204053,1542.8663816107544,1542.8663816107544,1524.7501927010492,1528.831298828125,18433951,3986.0667597125935,3998.941012601106,3964.9727431625206,3974.47998046875,1584741,389.40784869658233,389.78924136320717,384.1159563384741,384.78338623046875,11037491,958.2769795122267,960.3889357698928,950.9097738987026,953.4146118164062,9901946
3031.197695489111,3035.534448554938,3001.9968444557608,3006.04443359375,2737920,1353.5886121834044,1365.3891524995797,1342.978112507823,1346.4488525390625,12235000,1516.1905908718425,1517.7566773334454,1493.5798964672151,1498.1802978515625,8107952,987.6645910314578,989.7303993265384,972.3184321597589,973.6956176757812,24989383,1528.8313312270848,1552.4222077972818,1518.0809876078647,1532.61376953125,15033482,3974.182663333758,4016.2715652006113,3943.086489019054,3958.040283203125,1749083,384.78336936119564,385.6892023658129,381.49382502007865,382.1612548828125,8199785,958.276992765206,971.4397576251993,954.1513455736803,966.1844482421875,9140201
3005.658657913636,3062.71099952004,3003.923909850209,3048.15869140625,2508527,1348.6304048295453,1365.4882848899147,1348.5312650391513,1363.5050048828125,9659004,1499.6485223505715,1527.251289037942,1499.6485223505715,1524.902099609375,7575038,965.3338969506472,990.566586579224,965.3338969506472,987.5662231445312,19494356,1535.2018536795324,1564.3669320995493,1533.4100892950657,1562.6748046875,14054299,3960.318132003266,4035.186958592229,3959.3278048884863,4022.708740234375,2058237,382.3519887554517,385.16481427717554,382.3043255832445,383.5915222167969,11443953,969.1313331127609,981.3118039098479,964.760172340205,966.4791870117188,13943490
3064.6384631299097,3064.6384631299097,3011.6337098367826,3022.81298828125,2836233,1367.471557668799,1382.3461576434415,1364.1990972544559,1380.5611572265625,15158741,1530.8728564928056,1540.954739594805,1519.3227449478784,1533.2220458984375,7552252,985.7954498771661,1000.2562876177888,984.7133712881919,993.0750732421875,25536848,1567.7513003642512,1568.2489991897637,1548.8387449947777,1556.2047119140625,9794643,4031.6216040492895,4099.954173609447,4020.331971877068,4041.822021484375,2225064,384.7357193128495,387.07179665807234,383.40083044346284,385.4985046386719,8679529,969.2295646138847,971.0467846498851,951.7447422714566,955.624755859375,11909168
3026.089482694223,3033.12470593688,3011.6336412163846,3023.68017578125,1616690,1380.3628968845176,1386.8085569633604,1374.0163765969262,1377.189697265625,7683986,1531.8516566735827,1535.179665000364,1524.0211050739736,1527.055419921875,4453221,990.615779865885,995.583602701878,987.8613487922537,991.2059936523438,15988807,1560.7835875199362,1574.0224254817672,1555.806599039324,1560.285888671875,8959508,4045.486292526487,4064.5007666881884,4015.4793323803274,4030.2353515625,1318133,385.4984993519528,386.1659583266901,383.782217843192,385.4508361816406,6883500,959.5048346119848,965.5950698307025,955.8212318532206,961.6658935546875,8117842
3024.0657566161144,3039.581788202742,3008.935355329588,3019.72900390625,1747647,1382.3461800316288,1388.2960201178482,1373.8181001180092,1378.478759765625,8867593,1529.4045743430058,1540.6609920101703,1523.042251313739,1530.872802734375,5341800,1000.9449320171519,1000.9449320171519,983.0410401436599,985.7954711914062,16746566,1567.7513979315313,1570.2398922139623,1556.403839701944,1558.892333984375,8920233,4047.46685529645,4063.7081230151744,4010.8247526182095,4033.80029296875,1251770,384.0682550618539,386.6427064233897,379.6821958509331,385.4508361816406,13442658,968.0017293926574,973.6499204475664,952.6779055144807,955.870361328125,8808306
3017.416350282513,3029.9447477765,3007.2007935969305,3021.94580078125,2512003,1370.2482089901266,1370.2482089901266,1359.1417682907786,1361.521728515625,12126396,1533.8093151456649,1546.4361036663386,1523.1401645511503,1527.9364013671875,6335969,971.9249162739843,978.2208101938114,968.9737272569581,973.6956176757812,27316662,1553.9152843475838,1560.2858537619331,1534.9032130787248,1539.1834716796875,11389150,4027.1652037915483,4049.0515296938343,3984.878284435106,3991.513427734375,1490917,385.45084717768543,386.64271745343586,381.8752363504342,382.3043212890625,8093808,958.7190050026365,963.0902255716678,947.8155648906452,950.1730346679688,13444314
3026.089516693691,3095.3810901757683,3025.125793917674,3064.638427734375,3952112,1355.5718853340877,1382.544445020301,1355.5718853340877,1379.8670654296875,7955933,1522.1613705980963,1552.406900951154,1521.182551618934,1545.261474609375,12895312,969.957416921422,985.9921979107919,969.957416921422,984.2214965820312,15448777,1538.0884656023031,1545.2554018922647,1525.9446623591427,1531.718017578125,6090883,3992.9989538929285,4007.754731291664,3931.697801783636,3949.424560546875,1123990,383.0194512680452,383.496199388071,380.3019811642192,381.875244140625,10772192,953.2672831530164,955.3300766986022,930.7727251822406,934.2107543945312,14051968
3078.130714428876,3132.0991928283806,3071.7700496468055,3112.0537109375,5025905,1375.4045960658268,1379.9661155774988,1368.3639767054422,1375.1070556640625,7373909,1534.7880917871573,1565.1314788059085,1534.7880917871573,1563.7611083984375,12609619,983.7296507402166,988.3531921071142,976.8435431850351,980.9752197265625,14528169,1528.9308982335338,1553.3181423785347,1510.6155558800758,1528.53271484375,11867930,3951.405135410527,3970.4193674055587,3923.378830079243,3945.067138671875,1026968,381.493813935015,384.7833581805478,380.49262552241476,384.3066101074219,8057989,934.2107677926339,935.6842089047472,927.7276508811245,931.31298828125,13622724
3112.824814585589,3152.9157793761647,3105.5004267906515,3120.727294921875,5244013,1369.4547830523452,1383.6352828825825,1369.4547830523452,1380.858642578125,4942638,1575.8985332981872,1597.2368345243183,1566.1103436503722,1581.9671630859375,10344725,975.8598190407668,991.5994935414243,974.0891176678615,986.9759521484375,12843366,1523.356635808528,1538.685784402705,1513.6016899280953,1533.5096435546875,10183266,3960.318141380168,4008.84417011926,3936.649419992529,3999.138916015625,1073758,384.3066201289768,386.49967878158014,383.3054607886625,386.1182861328125,4419747,932.049720989894,956.0668234213827,929.9378246743456,954.2987060546875,17347847
3125.353065437683,3141.6398867746047,3092.2010949656524,3119.0888671875,2544725,1375.404670384236,1383.2386505394277,1371.7356508298087,1377.98291015625,7826227,1582.8481284293375,1595.4749170068917,1566.306063981828,1576.681640625,7550413,983.7296369469886,990.1238795871441,981.2703128546212,986.7791748046875,12901022,1532.1161217020071,1543.861863398969,1527.9354998822807,1535.898681640625,11301491,4007.853784827241,4008.7449825080844,3938.4317582128697,3958.040283203125,1127841,386.11831050848593,386.40434773852076,381.92290381200377,383.5915222167969,6056866,953.6601656790195,955.2809748623741,934.8492703729215,939.466064453125,15386438
3112.824602659864,3116.390329915732,3065.794883587669,3091.911865234375,2734893,1368.3640275890855,1372.7272676950297,1361.9183677427457,1363.7032470703125,10492030,1567.2848235795727,1572.8641631737528,1548.883099378693,1565.1314697265625,6957599,978.7126738119038,986.4841021884776,977.82729309106,980.8768310546875,15294322,1533.211064854301,1535.4008911036892,1513.1039592099478,1522.3612060546875,11503971,3951.405310081496,3981.015995016837,3910.9010265469324,3958.832763671875,1788464,383.30549127709355,385.6892318944884,381.3984987831776,382.399658203125,9426717,937.8944043562335,946.9315221602762,933.6214489589805,942.3638305664062,9580294
3108.005961204973,3108.005961204973,3062.8074569989867,3073.504638671875,1386849,1366.3806948465074,1367.8681547535796,1346.5478960855444,1352.2001953125,8725381,1573.9408513587562,1573.9408513587562,1549.2746619298632,1551.2322998046875,5116140,981.2703481612342,982.2540778335763,969.2688341502419,973.6956176757812,15322830,1526.9401045329791,1540.3779737710465,1524.3520947592017,1529.8267822265625,7991629,3961.3084244204233,3991.018237603577,3931.5986112372702,3952.692626953125,957277,382.447322017598,385.5938477590759,382.35196658031816,384.4019775390625,6969146,943.1005538600858,946.8824221676225,938.3364513940754,942.7567749023438,6989178
3088.73179730002,3092.0083609433445,3038.714674477584,3076.10693359375,1914362,1352.299390595187,1355.1751707435094,1341.490611666704,1348.63037109375,6734750,1564.1527099609375,1573.3536321517727,1547.023378030827,1564.1527099609375,5159319,973.892376646044,986.3857555063869,972.4167821359742,984.0247802734375,11844809,1529.826707449835,1542.8663926602953,1516.9860531705099,1537.889404296875,4706197,3954.5742024814103,3976.1633820273128,3946.0575343270825,3965.170654296875,841371,384.40197878110104,385.2124563530077,382.44732325332086,384.1636047363281,6980147,945.0651010209991,949.3872189119578,941.479763637212,946.1947631835938,5979035
3081.696263178982,3106.078496384854,3070.131589906683,3103.669189453125,1146554,1356.5634801370334,1359.240859638436,1351.90282069391,1354.5802001953125,3890885,1567.4806809838458,1567.8722324584342,1549.0788370408115,1564.348388671875,4633912,986.6808557305643,988.3532081724247,981.9589653386773,985.2052612304688,11988618,1543.6628294631555,1552.62140892391,1538.9843872841,1549.3365478515625,5106655,4021.7185122960796,4074.205850673743,4009.4385524816194,4034.69189453125,2207898,384.1636131699276,385.21246480963276,381.2554613992128,381.49383544921875,12407516,948.8960717352387,949.8783658053579,941.0377191742843,946.0965576171875,5681930
3094.610369719165,3120.727116365754,3081.31094805451,3113.017333984375,1562190,1344.7629655399599,1358.5467856038574,1344.7629655399599,1353.786865234375,5342530,1551.4280562362142,1576.6816332735752,1551.4280562362142,1572.766357421875,4190558,975.8597989154725,985.5003373398883,975.8597989154725,979.89306640625,9790060,1544.060853330096,1551.4268205626304,1539.3825327747268,1549.037841796875,5774543,4033.4044410018055,4056.3799823899935,4024.4914967045615,4052.7158203125,1064975,381.49384796695153,384.5927107187102,380.9217444084862,383.5915222167969,7756564,940.3010214625418,951.6956089709226,940.3010214625418,950.1239624023438,4416952
3103.187255724176,3103.187255724176,3075.3357623562265,3088.827880859375,1734623,1352.5969202535916,1357.257579696715,1344.1679805012782,1354.5802001953125,12359741,1566.1103574156468,1569.0468143358012,1552.0153403019585,1559.1607666015625,5499258,973.9906989646398,982.4508099496376,973.9906989646398,978.1223754882812,20049088,1537.8894294536826,1544.5585453663573,1531.7180123854912,1535.201904296875,11731856,4044.1988683310005,4064.1042986548377,4012.0132364794144,4024.491455078125,2199214,382.7333428800691,386.8810568881978,382.39961341304394,383.0194091796875,12347384,948.9451629202439,951.8429423827886,941.0868104547513,944.1319580078125,4764786
3084.394687896739,3119.474102184826,3084.394687896739,3101.067138671875,1376350,1353.5885110391764,1353.5885110391764,1331.8715722565005,1341.0938720703125,9440391,1553.5814245843821,1572.8642300238714,1552.4068896118622,1568.0679931640625,4817628,979.7947462128429,979.7947462128429,964.8420432983647,967.989990234375,19080922,1542.8664391614582,1542.8664391614582,1532.2157323461342,1537.292236328125,7116649,4039.544262989653,4039.544262989653,4000.9215058784503,4023.104736328125,1087334,382.35200134405585,384.35434931541226,380.54036426459874,381.2077941894531,8087490,948.4540382267455,961.1747585707222,947.2261706250966,958.5716552734375,8013382
3110.897128527372,3168.5277977297296,3104.1510690788923,3161.78173828125,2307422,1335.0449336848067,1358.0509324595278,1334.2515732926577,1345.4571533203125,7314573,1576.3879761796316,1595.4749463972676,1572.6684162407605,1592.3427734375,6577293,957.464054962666,971.334679033018,957.464054962666,963.7599487304688,14912404,1528.1345045583196,1544.3595357154854,1528.1345045583196,1537.292236328125,6580829,4027.6603121627704,4032.413930594411,3984.48195392906,3992.107666015625,1004303,381.3984840446188,383.2578132936943,381.2554654327811,381.7798767089844,7227668,960.5854160531443,964.072548087051,956.2632980687841,960.2415771484375,4926879
3179.3215200364916,3197.5357868591873,3159.854366515901,3162.938232421875,3902511,1342.6805232986085,1349.0270433350909,1339.5073238052678,1342.7796630859375,14318512,1615.0513027562847,1619.847539612933,1595.2792073285575,1603.9906005859375,13149023,970.9411706561548,971.9249003123414,962.7762265182249,969.465576171875,25952384,1547.2461442463334,1566.9549449740825,1543.8617679066683,1557.8968505859375,13937275,4001.020583924859,4051.9232997779573,4001.020583924859,4034.097412109375,1327935,381.63687284491715,383.9252580179369,381.63687284491715,382.399658203125,10654835,962.5990921488027,964.6127830145067,959.7504153454842,962.94287109375,5376584
3189.9226061933546,3207.8479451634685,3171.6118722000997,3204.281982421875,2632816,1346.647106277973,1359.8359665635035,1343.4739067302291,1357.059326171875,9375294,1628.7547583833573,1657.3362243784013,1628.7547583833573,1653.8125,23098923,971.9249286743926,976.745228147207,967.8916609831689,971.6298217773438,13540411,1566.2582562309594,1570.2398469681211,1558.0960438231807,1568.1495361328125,10184852,4041.524966562853,4058.8556911192977,4029.145877593964,4033.008056640625,764774,382.92407926981116,384.87873483805475,382.5426866099581,383.9729309082031,6847871,963.7287212154426,965.595103994373,955.3301186192043,957.0491333007812,5959037
3199.463369445318,3199.463369445318,3174.0211805268714,3189.922607421875,2365420,1349.7210845323889,1353.5885044694035,1345.6553850292898,1351.605224609375,9105467,1643.4370603643276,1643.4370603643276,1621.3157754082474,1632.9637451171875,6593060,974.3842218605324,982.647574967353,971.6297908389565,980.3849487304688,17927849,1573.6241984599117,1573.6241984599117,1560.8830596994947,1563.4710693359375,7506564,4049.447625827489,4055.389588594661,4014.0929957186345,4019.539794921875,1867147,383.78221492360865,389.8845846952617,383.114755953949,388.40667724609375,10081997,959.0137084154704,960.2415760284049,953.5128854913131,954.691650390625,5123287
3184.236571775606,3206.4021959958864,3176.5267894381177,3198.595947265625,1367708,1352.3986889312134,1356.7618081188289,1346.2504482626368,1348.43212890625,8955140,1625.8182910699556,1632.2784723030877,1617.4983299175808,1628.16748046875,4271167,976.8435431850351,983.1394369666097,976.8435431850351,980.9752197265625,13699996,1565.4619535362338,1568.448146711295,1546.4498812900458,1551.0286865234375,8815745,4025.679769249292,4041.2278567796284,4008.9433375229637,4014.39013671875,1021436,388.9787845212552,390.45669198464753,386.7857258129762,387.6915588378906,5777430,955.9686342202896,959.9960160658125,950.3695458353262,951.7938842773438,4105643
3192.9103071634727,3199.559900795541,3153.108505919085,3161.010986328125,1176664,1345.159575111433,1350.6135947672478,1337.2264556120658,1339.110595703125,2812144,1628.167521100225,1633.453167508233,1616.7152673020842,1621.0220947265625,2006491,979.7947606844748,980.9752483081762,971.6298163538564,975.9581909179688,9360853,1547.5447581940155,1553.8158123179846,1547.1466963201515,1552.0240478515625,2311495,4012.805367872498,4022.213475225605,3991.216188959028,4008.15087890625,594330,387.5962212494621,388.21598798528635,385.0694620351657,385.3554992675781,3152453,951.7938380949545,953.8075289200087,947.6681910665071,949.1907348632812,3286321
3161.010777477703,3168.7205598617948,3125.2565675579217,3133.544677734375,2079473,1340.7964277815033,1344.3663075928198,1330.2850679288142,1332.070068359375,6057201,1622.8818655924697,1637.6620082639456,1602.4245250544589,1609.863525390625,4062817,976.9418827381613,981.1719682293385,971.1379138798658,975.564697265625,13545749,1547.7439417510202,1550.9291658570105,1536.495898892566,1538.4866943359375,5972105,4013.7957591696304,4021.817505436967,3994.3852511874034,3999.634033203125,952143,385.30780773012765,385.97523758942174,382.7810487018413,383.8775634765625,6647710,949.7801706470483,951.7447588085237,944.4266559161334,947.962890625,5267233
3132.099002526,3148.9641510011397,3121.9799134409154,3129.01513671875,2807593,1332.0699716952038,1335.8381308143366,1326.9133714087848,1331.276611328125,18621277,1612.1148331917736,1612.9957941560388,1582.554548282334,1587.2528076171875,9395937,974.0891482066822,978.8110386964976,966.219310709625,974.7777709960938,33155849,1539.8801935176687,1546.449793829553,1530.7225835687998,1532.71337890625,8815884,3999.931167587476,4024.590215731732,3967.4483902648694,4012.805419921875,1362208,384.258966100121,384.6880510266874,381.68451473751173,381.9705810546875,12340527,945.9491873630989,958.915481049936,942.5111581255383,956.2141723632812,15030644
3122.461816571668,3128.2441532690227,3082.4673210816295,3089.887939453125,3362634,1331.574200056716,1338.7139594203709,1328.3017397359904,1331.67333984375,6150634,1586.6655664923117,1594.1045668429529,1575.1154547350545,1581.1842041015625,6538656,974.8761180311038,981.3687099365719,971.531413084593,975.0728759765625,10963454,1533.9078900841737,1569.7422080874378,1533.9078900841737,1563.172607421875,5771830,4018.7473912496557,4054.894330574597,4008.8441202017266,4044.000732421875,1160164,382.4473351908261,384.97409432460887,382.2089611386127,384.25897216796875,9945109,957.9823092348453,968.1981917309051,956.2632945810017,964.8092651367188,5807630
